previous_assessment_avg,recent_assessment_score,topic_wise_accuracy,quiz_completion_rate,attendance_percentage,assignment_completion_rate,study_session_completion_rate,avg_daily_study_time_minutes,late_submissions_count,integrity_events_count,weak_topics_count,assessment_attempt_count,risk_level
63.18,63.56,63.95,53.3,68.2,61.11,47.08,12.5,2,3,3,2,2
99.5,100.0,94.24,86.94,89.11,88.18,80.53,99.0,2,0,2,12,0
50.94,27.75,38.95,49.14,57.75,42.07,36.16,23.2,6,6,6,8,2
51.68,51.79,53.2,67.88,64.37,62.75,53.55,71.3,5,3,5,9,2
99.5,100.0,90.36,100.0,100.0,100.0,99.03,103.0,1,0,0,7,0
56.98,56.03,62.49,75.34,81.86,80.35,71.17,68.5,7,1,6,12,2
66.25,64.69,65.87,70.37,75.87,60.3,51.19,26.2,8,3,5,13,2
66.29,78.39,69.38,85.08,90.66,82.03,92.04,81.0,3,2,3,7,2
93.05,95.45,91.41,80.6,86.04,78.5,90.65,63.8,5,1,3,3,1
76.15,83.38,80.79,75.75,84.82,74.67,72.31,37.5,2,1,4,7,1
99.5,100.0,95.83,82.65,100.0,90.39,89.69,92.1,0,0,2,6,0
32.77,24.06,34.74,42.13,56.99,16.46,21.4,5.0,8,0,11,13,2
67.6,60.02,68.19,64.81,85.31,55.99,66.82,40.6,2,1,1,7,2
26.44,18.75,20.62,38.54,54.2,47.65,36.97,23.6,8,1,7,10,2
82.62,83.76,82.27,100.0,98.99,87.29,70.61,68.4,1,1,4,6,1
86.79,91.6,93.47,91.32,84.45,82.11,86.28,67.0,2,0,2,6,0
51.81,38.49,48.37,69.97,77.61,68.32,55.51,77.4,2,5,8,5,2
88.81,82.88,85.65,78.41,94.31,81.4,73.09,72.8,2,2,9,12,2
56.48,54.92,52.91,31.78,48.02,28.57,22.92,5.0,5,2,1,12,2
84.99,91.86,87.15,51.09,87.58,63.65,47.48,40.0,4,1,3,10,2
48.38,31.37,40.26,57.57,74.9,60.46,56.12,46.6,4,4,7,7,2
91.92,94.43,94.11,100.0,98.79,100.0,100.0,103.3,4,0,5,6,2
54.34,46.03,49.93,69.61,84.14,61.02,47.94,37.1,5,4,5,9,2
40.07,38.36,35.55,49.53,71.77,61.33,61.84,11.9,1,1,4,10,2
75.53,77.72,80.76,81.07,90.47,92.25,89.18,63.1,2,0,2,2,1
99.5,100.0,100.0,86.62,100.0,94.84,93.0,85.0,0,0,1,4,0
96.96,91.74,90.98,100.0,93.79,81.76,94.21,97.9,2,0,7,3,2
97.24,100.0,95.93,84.63,90.23,76.21,79.41,82.8,2,0,2,2,0
85.86,88.98,89.88,84.01,92.68,100.0,100.0,83.4,3,2,6,5,2
58.02,56.8,54.2,90.43,88.68,94.06,75.52,106.4,0,2,3,11,1
84.23,90.85,86.07,98.35,91.13,88.25,91.86,81.3,5,1,2,8,1
57.48,45.87,51.91,44.05,57.72,29.06,36.01,5.0,8,4,6,13,2
87.48,88.25,84.88,79.34,88.76,77.16,78.48,67.9,3,2,1,8,1
84.72,97.18,85.21,88.25,100.0,85.11,87.53,80.1,2,2,2,9,1
87.59,88.62,87.76,83.46,77.44,81.36,56.34,59.4,5,2,6,12,2
87.5,100.0,88.53,100.0,84.57,80.59,93.65,77.8,4,0,4,7,1
99.5,89.2,93.2,100.0,100.0,97.36,91.98,109.0,0,0,0,6,0
85.21,90.01,90.43,100.0,96.58,96.45,99.36,99.1,4,0,3,8,1
68.32,63.02,63.43,83.68,85.6,87.27,99.19,73.1,4,0,1,13,1
68.13,56.26,65.45,53.13,61.65,41.21,61.8,27.2,4,2,9,6,2
99.5,99.13,100.0,92.0,100.0,90.52,100.0,69.7,1,0,1,6,0
56.08,60.99,57.52,69.48,76.07,74.02,59.36,39.4,7,0,5,11,2
54.42,46.88,53.59,64.19,65.13,54.83,59.24,46.7,3,3,6,3,2
94.33,90.3,89.37,92.56,92.49,87.31,88.22,81.9,3,0,2,11,0
58.87,55.87,60.7,42.24,62.02,39.59,46.64,24.0,5,3,1,5,2
79.65,76.22,80.93,90.65,92.73,100.0,97.88,76.5,1,3,3,4,1
90.07,100.0,99.66,96.99,98.03,96.03,70.39,84.5,2,3,4,6,1
91.27,86.32,94.08,94.28,88.77,89.06,97.59,90.2,2,1,2,5,1
73.77,70.36,73.53,73.27,74.84,71.89,52.22,71.9,4,0,2,12,2
84.03,99.85,100.0,84.04,91.35,77.6,91.22,36.4,3,2,3,2,1
99.5,100.0,100.0,100.0,97.83,85.16,96.67,94.9,2,0,1,10,0
82.22,84.82,88.29,81.64,87.81,77.8,66.44,53.9,3,0,3,4,1
61.99,56.54,58.08,63.67,69.51,57.81,63.88,30.6,2,2,8,10,2
75.01,77.74,74.57,85.38,86.46,79.62,83.98,44.1,1,1,5,7,2
82.19,75.76,80.04,65.91,77.42,78.67,61.57,33.2,2,4,7,8,2
79.22,83.82,76.96,77.23,87.94,64.6,77.55,69.5,4,0,3,2,1
73.17,88.96,79.32,97.53,94.29,98.32,100.0,108.9,1,1,3,13,1
56.36,34.58,47.92,43.8,50.24,57.9,42.1,18.2,1,4,3,3,2
87.28,81.56,89.48,84.58,95.45,92.16,60.13,83.5,3,0,3,6,1
99.5,100.0,100.0,100.0,100.0,100.0,100.0,57.6,0,0,1,8,0
79.39,71.26,76.78,64.09,72.8,84.97,67.3,23.9,2,1,2,3,1
89.85,92.2,89.25,76.12,79.0,67.42,60.26,16.9,2,0,4,9,1
73.42,71.22,79.75,88.01,85.24,82.55,59.67,83.4,0,2,3,13,1
76.67,74.86,69.9,67.51,73.89,65.24,53.14,49.4,4,1,4,9,2
70.82,85.21,70.08,95.8,92.23,84.58,88.22,73.3,1,1,4,13,1
52.94,35.03,48.05,53.58,76.94,60.54,62.98,43.9,2,2,1,6,2
62.89,64.43,63.2,68.46,74.23,68.48,59.01,46.9,2,4,4,9,2
95.73,100.0,96.12,100.0,100.0,100.0,100.0,123.0,0,1,3,7,0
68.6,67.44,60.84,78.69,77.4,71.36,61.88,76.5,3,2,4,7,2
79.88,74.04,74.15,81.92,73.44,67.26,78.91,36.2,1,0,8,2,2
99.5,100.0,100.0,100.0,100.0,91.39,97.07,93.9,3,0,0,5,0
93.17,99.06,100.0,91.83,100.0,98.42,100.0,98.5,0,2,0,9,0
55.37,49.84,56.43,60.86,68.38,56.13,48.29,16.2,7,0,4,7,2
67.74,76.44,67.78,87.33,88.9,94.14,80.28,54.0,2,1,7,8,2
99.5,98.0,97.6,100.0,100.0,100.0,100.0,91.3,0,0,4,9,0
89.47,81.05,84.66,89.9,88.07,80.43,90.4,71.0,3,0,4,5,1
83.52,71.63,76.29,89.6,85.78,84.59,85.91,82.3,0,1,2,13,1
75.95,81.45,75.86,95.43,100.0,94.02,92.96,99.2,3,2,7,11,2
53.05,54.78,53.31,58.46,72.61,55.7,45.91,34.2,2,1,4,4,2
84.47,75.98,75.34,88.63,89.25,72.51,62.5,59.9,1,2,7,11,2
53.66,45.45,55.26,77.47,94.77,74.18,80.29,96.3,5,2,5,11,2
68.92,86.51,75.06,67.07,92.46,86.15,81.85,79.0,2,3,4,6,2
58.1,67.46,59.65,70.95,74.61,76.6,69.1,46.1,9,4,9,3,2
76.85,89.62,75.4,100.0,83.71,79.23,88.88,80.7,2,2,4,8,1
86.76,88.31,90.48,63.66,96.2,72.91,69.35,42.7,5,0,0,12,1
91.31,100.0,90.44,95.26,100.0,100.0,83.91,72.3,2,0,4,3,0
72.27,68.87,72.91,65.66,79.56,65.58,70.43,33.6,2,1,7,5,2
95.41,88.66,89.32,94.21,93.18,89.08,95.22,81.7,2,2,1,9,0
99.5,96.42,98.78,100.0,100.0,100.0,100.0,115.6,2,0,4,8,0
87.54,84.43,81.23,60.9,79.35,63.09,54.16,44.5,3,1,3,11,2
92.54,100.0,94.7,87.67,98.17,75.08,71.91,69.4,6,1,5,7,2
73.19,72.02,72.44,83.92,83.35,72.92,63.03,66.4,4,1,2,5,2
88.23,95.29,91.55,87.7,85.74,74.57,87.51,90.1,4,0,2,10,1
99.5,100.0,100.0,100.0,96.19,100.0,100.0,87.4,1,1,4,8,0
98.05,100.0,100.0,93.66,100.0,87.68,93.31,75.4,3,0,1,13,0
75.12,80.09,83.26,67.23,88.36,65.83,79.33,56.1,3,3,6,3,2
99.5,100.0,93.97,90.03,100.0,100.0,98.5,88.0,1,0,0,3,0
78.44,86.08,89.71,100.0,100.0,91.47,88.22,75.4,2,2,3,9,1
92.88,100.0,99.35,99.35,90.05,94.78,95.6,89.4,4,0,1,8,0
39.55,34.48,35.85,66.28,65.23,63.87,54.03,7.4,3,2,6,11,2
41.73,45.3,47.04,58.91,57.82,45.55,46.35,33.9,2,7,5,13,2
65.72,65.28,72.62,57.56,68.8,57.57,69.64,17.2,10,1,5,7,2
99.5,95.03,100.0,100.0,100.0,100.0,100.0,79.4,0,0,3,6,0
44.65,52.93,43.85,55.79,71.69,67.24,69.22,56.8,1,6,2,10,2
75.32,71.24,73.94,99.22,81.21,77.65,71.65,72.6,3,2,8,13,2
93.96,88.87,95.04,63.51,81.76,66.83,67.14,44.5,6,1,0,13,1
99.5,100.0,99.56,88.17,100.0,90.68,96.0,106.4,1,0,0,3,0
99.5,95.38,99.7,80.8,90.59,68.07,88.02,77.5,2,0,0,10,0
83.93,89.4,88.05,100.0,100.0,91.72,83.0,107.2,2,2,2,12,1
49.88,48.8,45.52,48.56,64.46,47.36,38.02,27.2,6,1,6,12,2
99.5,96.03,100.0,86.92,100.0,89.68,87.51,101.2,1,0,4,7,0
85.75,87.93,86.95,83.76,96.95,88.14,74.76,84.4,1,1,4,7,1
99.5,100.0,99.51,98.83,95.65,97.85,100.0,65.7,1,0,0,4,0
89.74,92.24,87.09,66.79,74.51,51.23,54.29,7.0,3,2,2,8,2
96.17,100.0,96.66,85.58,89.85,94.42,80.2,78.7,5,0,1,6,1
45.64,33.08,44.61,57.07,70.57,51.28,44.21,18.9,0,2,5,3,2
79.39,77.69,79.7,64.45,76.67,73.35,54.78,45.3,3,2,2,10,2
77.38,70.27,77.51,64.71,82.66,60.49,47.27,46.4,2,0,3,9,1
78.63,81.71,79.66,90.65,92.24,88.57,80.79,66.6,4,0,2,5,1
76.71,88.69,81.62,77.24,81.88,52.13,71.66,32.6,2,1,2,8,1
50.04,48.66,42.95,52.65,69.68,66.62,48.71,16.1,5,3,6,9,2
73.61,70.23,73.89,75.81,88.94,71.27,81.06,55.7,5,3,4,9,2
99.5,94.8,96.93,100.0,100.0,100.0,83.68,93.3,3,0,4,7,0
99.5,100.0,100.0,89.9,99.85,81.3,67.67,53.4,4,0,7,2,2
94.5,97.98,87.22,100.0,96.5,94.27,100.0,123.4,1,0,3,12,0
84.34,82.16,93.65,95.33,91.24,95.16,80.76,83.5,0,1,1,12,0
91.42,95.24,93.16,65.47,88.73,76.93,75.54,69.6,3,0,1,9,1
69.47,75.35,73.55,86.52,84.04,79.67,69.85,63.1,5,3,3,10,2
99.5,100.0,100.0,100.0,100.0,100.0,100.0,110.1,2,0,2,10,0
75.01,67.74,70.98,75.83,89.93,61.39,82.84,59.8,4,1,4,12,2
79.74,90.04,85.34,78.12,79.93,66.3,64.02,57.7,5,0,2,10,1
30.43,29.1,34.68,49.17,63.7,33.47,29.01,38.6,6,2,10,10,2
67.04,69.61,68.73,50.95,79.63,47.68,39.41,46.7,3,2,4,6,2
80.39,81.89,84.39,88.39,90.64,100.0,88.77,82.1,2,1,4,7,1
88.89,79.43,88.38,69.97,65.56,68.27,46.31,27.6,7,0,2,5,2
99.5,100.0,100.0,100.0,100.0,100.0,100.0,95.4,0,0,4,2,0
49.87,26.4,48.36,24.15,45.85,29.86,5.0,5.0,6,2,6,7,2
64.76,62.42,65.28,72.2,75.21,76.73,73.01,53.4,5,1,3,13,2
77.75,66.28,73.08,47.39,70.51,56.8,47.86,28.3,7,0,0,3,2
91.7,95.29,92.9,93.01,98.41,88.4,81.29,103.2,2,1,6,6,2
77.65,73.82,77.83,58.66,75.05,66.21,45.99,36.8,4,1,5,6,2
66.48,61.71,59.26,54.83,64.84,51.64,47.61,15.7,2,3,2,5,2
56.98,46.66,58.66,45.94,71.91,49.24,48.21,5.0,8,5,6,2,2
77.04,67.97,72.62,86.78,79.21,73.68,69.89,52.9,2,0,4,13,1
85.92,83.06,84.46,100.0,97.56,100.0,100.0,103.9,2,1,3,10,1
85.58,93.09,83.22,95.31,94.13,100.0,93.63,75.9,2,1,2,6,0
62.69,67.93,65.12,86.51,87.47,83.57,93.76,79.3,3,1,7,3,2
99.5,95.05,92.39,96.06,99.96,100.0,100.0,106.8,1,0,4,8,0
95.68,100.0,90.59,98.98,92.39,88.69,80.21,71.2,4,0,2,7,0
76.38,81.07,75.24,80.57,77.37,67.17,60.08,44.4,5,0,3,2,2
44.16,27.94,37.01,39.04,65.08,38.5,36.92,18.8,8,5,8,5,2
47.44,48.81,44.53,70.55,72.79,77.82,71.67,74.2,6,3,4,3,2
71.85,74.19,73.88,77.11,95.9,79.45,76.68,84.4,0,0,3,6,1
65.76,63.45,69.79,48.45,75.5,47.21,50.74,11.4,3,2,4,3,2
70.12,76.3,73.34,95.51,96.68,95.03,88.22,103.3,0,1,3,3,1
62.7,69.68,56.49,81.21,86.27,72.69,63.51,57.3,5,3,2,13,2
99.5,100.0,99.62,92.06,99.86,95.74,100.0,76.2,1,0,1,5,0
71.09,71.14,73.43,64.2,75.46,71.32,57.42,24.8,3,3,4,11,2
78.69,78.23,77.04,61.3,69.83,58.06,43.94,23.4,3,0,3,7,2
71.8,86.97,78.83,92.84,92.72,94.12,88.07,83.3,2,2,4,3,1
99.5,100.0,100.0,100.0,100.0,100.0,100.0,101.0,0,0,3,12,0
24.39,8.0,13.76,55.17,38.93,41.59,35.52,5.0,6,1,12,12,2
90.45,100.0,98.9,87.59,100.0,100.0,100.0,61.6,1,0,3,3,0
96.4,93.21,94.03,90.09,100.0,100.0,96.07,97.0,3,0,4,5,0
71.53,71.46,70.19,100.0,94.63,100.0,100.0,82.6,4,4,5,5,2
99.5,100.0,100.0,100.0,100.0,98.93,100.0,100.3,2,0,1,9,0
33.75,19.65,21.97,77.04,77.04,60.54,51.2,40.6,5,4,5,12,2
63.13,66.13,69.33,70.94,83.48,84.9,73.34,62.0,6,4,6,9,2
91.13,86.05,85.27,90.38,99.13,94.95,90.74,76.2,3,0,3,4,1
39.45,36.4,45.53,58.79,63.25,39.16,37.19,5.2,3,2,3,7,2
87.43,100.0,96.71,82.5,100.0,74.96,92.27,79.2,6,1,4,2,1
69.82,62.82,63.12,88.29,76.15,83.41,89.2,76.4,3,1,8,4,2
85.31,73.56,82.18,97.21,83.31,98.19,81.51,53.6,0,1,2,6,0
58.69,57.29,54.33,55.7,74.32,71.33,53.96,16.9,2,3,1,5,2
97.94,96.52,93.02,99.39,97.88,89.22,85.12,87.5,5,0,2,6,1
99.5,100.0,89.7,100.0,100.0,97.64,100.0,86.2,4,0,0,13,0
90.89,97.41,95.9,88.97,95.04,76.74,83.13,78.4,2,3,2,2,1
39.69,33.58,35.54,37.41,51.76,37.53,38.22,26.9,3,6,0,3,2
34.9,32.62,37.18,37.47,62.9,45.12,26.34,12.8,8,4,9,7,2
59.24,58.72,59.94,65.47,84.42,72.42,63.52,39.6,4,1,1,8,2
43.08,38.52,36.48,51.69,60.69,35.84,42.38,5.0,6,1,7,7,2
44.63,45.09,48.17,84.62,74.51,81.28,61.17,80.7,4,2,10,11,2
57.48,54.07,58.26,82.67,84.45,72.16,63.58,25.1,2,1,6,3,2
99.5,100.0,97.77,100.0,98.1,96.79,85.14,74.1,3,0,1,11,0
83.28,88.13,89.02,69.61,81.86,66.98,61.25,51.4,5,2,1,8,2
66.71,63.38,64.36,74.59,93.26,85.78,90.43,41.8,2,0,3,5,1
98.79,100.0,96.11,75.89,93.88,83.26,84.49,50.3,4,1,2,12,1
99.5,100.0,98.93,89.61,95.38,91.71,91.8,97.0,1,0,2,13,0
85.91,84.89,84.04,94.15,96.42,100.0,99.88,65.9,4,0,4,5,1
99.5,100.0,93.75,100.0,100.0,100.0,100.0,76.5,3,0,2,9,0
59.84,54.71,47.35,50.33,61.85,42.07,42.92,10.1,6,2,1,13,2
99.5,100.0,100.0,98.64,94.47,74.86,88.25,44.6,1,0,1,4,0
99.5,100.0,100.0,100.0,100.0,100.0,100.0,124.7,1,0,0,3,0
30.36,27.05,35.02,67.5,72.37,70.53,57.82,39.1,5,4,9,5,2
83.86,93.07,90.97,84.16,97.08,91.92,88.79,73.0,0,1,2,6,0
99.5,100.0,98.03,95.98,100.0,95.04,74.9,75.4,1,0,0,7,0
57.3,74.46,63.12,67.48,69.12,51.24,61.81,53.7,2,4,4,2,2
62.93,63.16,60.55,76.18,68.6,72.18,75.91,39.2,2,2,1,3,2
93.75,93.33,95.76,89.14,100.0,92.18,83.26,47.0,5,2,4,11,1
95.94,96.07,97.88,100.0,86.94,97.22,83.96,61.3,2,1,3,3,0
62.3,55.75,58.44,87.02,74.09,72.72,52.32,63.0,3,1,2,11,2
50.42,44.06,49.76,64.15,69.67,71.56,64.04,29.1,3,7,8,11,2
70.56,70.54,75.19,75.4,74.99,74.6,90.22,43.5,3,1,3,4,2
59.97,55.29,58.18,60.46,74.07,75.16,66.12,48.1,3,0,6,6,2
92.5,100.0,90.7,95.61,92.95,100.0,100.0,80.4,0,0,6,2,2
90.25,100.0,95.78,100.0,100.0,100.0,100.0,117.4,0,1,3,11,0
99.5,100.0,94.8,92.94,91.54,96.16,99.3,75.8,2,0,1,11,0
82.48,83.16,79.5,83.87,100.0,91.75,76.33,91.9,2,1,2,8,1
87.43,100.0,93.31,92.36,100.0,96.12,96.92,101.0,1,0,2,12,0
84.82,99.19,92.75,100.0,100.0,98.47,85.94,91.2,0,0,4,2,0
66.06,80.7,72.0,75.45,82.73,90.15,90.73,91.0,4,1,5,11,2
77.11,74.94,72.23,90.15,86.55,89.36,82.29,69.0,4,0,3,6,1
99.5,100.0,100.0,82.8,100.0,99.91,92.22,80.1,3,0,4,2,0
58.02,54.61,54.63,83.35,77.22,94.16,76.36,75.2,1,3,5,3,2
90.13,100.0,95.7,85.57,96.46,89.11,88.36,76.6,3,1,2,2,1
58.66,63.89,58.31,100.0,93.94,100.0,100.0,102.3,3,2,5,6,2
99.5,100.0,95.93,100.0,100.0,100.0,96.69,100.3,1,0,3,12,0
99.5,100.0,99.9,100.0,100.0,98.15,94.3,82.9,2,0,3,9,0
35.51,34.53,33.37,49.71,55.5,52.76,36.55,37.3,3,5,8,4,2
76.38,81.26,78.61,88.4,91.01,100.0,100.0,104.3,1,1,2,11,0
93.83,100.0,93.55,74.3,82.23,68.83,63.95,38.3,3,1,3,13,1
71.5,68.02,70.72,54.58,61.51,49.21,41.33,23.2,4,2,2,4,2
80.07,94.16,82.43,86.08,84.83,69.11,83.56,60.2,2,2,3,9,1
56.07,59.19,61.56,80.29,79.31,76.02,72.29,33.8,1,6,6,3,2
71.37,68.74,71.56,85.07,85.05,82.06,86.25,94.3,3,1,6,8,2
55.7,61.13,57.26,76.51,80.58,76.23,82.87,50.2,2,4,12,4,2
98.65,100.0,99.1,99.33,100.0,94.68,94.85,96.9,2,0,3,9,0
65.72,50.07,58.26,42.2,61.27,33.89,19.99,5.0,3,4,3,3,2
54.67,59.87,57.12,79.9,80.73,76.22,85.69,64.5,3,3,3,9,2
92.37,94.49,99.17,94.43,100.0,100.0,94.44,88.0,1,2,2,8,0
84.94,89.99,84.58,100.0,100.0,98.78,88.06,104.4,0,0,2,12,0
87.24,87.46,87.96,65.25,83.34,71.94,83.49,56.1,1,2,1,10,1
54.32,34.9,43.87,63.34,65.58,64.33,60.76,42.9,4,3,6,6,2
71.18,69.1,60.46,80.53,88.25,73.93,65.43,63.3,1,4,4,13,2
27.5,27.3,29.88,45.08,54.85,49.07,19.92,6.9,6,8,9,12,2
72.67,69.09,75.62,62.85,67.9,56.82,58.69,31.2,3,0,2,4,2
74.4,60.33,70.8,76.84,72.8,75.62,84.21,67.2,4,0,4,9,2
76.01,66.89,81.88,39.9,58.72,42.45,24.69,5.0,7,0,4,8,2
79.86,89.34,82.02,94.22,91.2,94.75,92.2,85.6,3,3,3,7,1
99.5,99.46,95.9,91.3,90.21,89.99,70.92,50.7,1,0,2,2,0
47.28,36.77,48.02,42.57,47.62,41.65,35.17,8.2,7,3,7,3,2
68.36,64.47,71.87,73.99,81.37,74.03,66.77,59.2,2,3,2,4,2
87.64,99.0,96.35,95.88,96.69,100.0,93.22,89.5,2,0,0,4,0
53.87,47.87,47.27,83.6,82.04,80.27,58.79,29.4,2,6,4,3,2
81.06,84.47,79.56,81.93,78.95,71.02,68.87,62.1,10,0,0,3,1
44.16,38.3,35.37,62.9,70.84,48.05,59.94,27.2,5,1,7,2,2
93.49,100.0,100.0,77.01,79.13,76.57,55.0,68.5,2,1,3,12,1
99.5,95.63,94.35,71.31,85.18,69.67,74.09,59.8,1,1,0,13,0
95.7,91.35,89.22,97.56,88.84,75.52,86.97,90.2,1,0,3,4,0
99.5,100.0,99.27,89.14,93.94,100.0,100.0,49.5,3,0,2,5,0
72.3,72.8,72.96,60.5,81.91,64.64,66.9,28.6,3,0,7,2,2
35.04,32.85,36.87,65.75,62.72,52.11,50.26,34.0,8,1,9,8,2
85.56,97.48,89.57,94.63,90.67,97.04,95.16,85.8,1,3,3,5,1
83.71,77.61,78.68,74.68,89.65,85.79,77.12,40.8,2,0,1,13,1
99.5,92.43,95.23,58.89,81.86,83.65,64.97,32.2,3,0,0,3,0
74.53,83.77,75.62,73.57,76.69,68.8,66.29,51.9,0,0,5,13,2
78.1,78.46,83.81,57.78,73.58,56.54,42.98,37.2,5,0,3,2,2
94.24,95.54,94.71,100.0,100.0,92.41,100.0,53.3,1,1,1,12,0
77.38,69.85,77.06,100.0,96.98,89.0,85.64,109.1,1,0,3,13,1
90.72,83.32,87.07,62.33,93.83,81.19,89.13,65.7,1,0,1,5,0
99.5,99.34,92.13,100.0,100.0,100.0,91.94,106.9,1,0,1,8,0
39.38,30.31,42.51,52.06,60.89,54.83,45.17,45.6,3,5,6,11,2
84.2,89.76,88.63,97.17,100.0,90.64,85.12,63.5,1,0,2,4,0
75.53,71.66,75.61,100.0,93.15,100.0,98.9,92.8,2,0,4,10,1
37.78,23.6,23.91,46.56,50.4,29.29,12.87,5.0,3,1,8,9,2
91.53,87.64,89.49,100.0,100.0,90.02,100.0,97.6,3,0,3,10,0
98.51,100.0,100.0,97.86,100.0,100.0,100.0,111.1,2,0,1,12,0
87.97,100.0,97.73,84.25,100.0,90.36,92.56,68.1,0,0,5,8,2
80.52,88.93,82.85,79.74,78.12,77.19,83.14,42.0,7,3,1,4,2
87.62,95.99,95.68,92.23,96.26,96.0,87.6,63.9,0,2,1,9,0
89.2,89.77,95.7,97.81,100.0,79.56,91.5,88.5,1,1,1,5,0
99.5,97.1,97.97,95.12,100.0,87.7,85.89,81.3,0,0,0,12,0
90.4,89.78,95.44,82.33,88.5,81.64,70.43,38.2,1,0,2,7,0
69.21,56.82,69.59,64.13,85.02,63.29,57.21,56.7,4,2,4,6,2
66.56,65.75,69.61,68.16,53.42,56.87,43.59,6.8,4,2,4,2,2
95.09,97.0,99.56,100.0,100.0,71.63,87.62,61.1,3,0,1,12,0
99.5,100.0,96.2,88.59,100.0,100.0,89.21,88.7,2,0,2,4,0
80.5,68.05,78.91,87.06,83.0,74.55,62.83,57.9,2,4,3,7,2
47.23,42.22,44.83,43.38,66.64,58.95,51.39,27.9,7,2,9,6,2
43.86,40.57,39.0,74.39,62.24,68.91,61.4,52.5,6,4,6,3,2
80.06,76.85,84.92,84.38,98.62,100.0,85.45,63.0,5,1,3,10,1
83.74,88.84,85.21,92.17,91.89,98.02,95.79,86.4,3,1,3,8,1
85.85,92.35,89.26,100.0,100.0,100.0,100.0,106.2,2,1,2,11,0
75.52,79.04,77.42,83.82,89.39,70.03,64.93,72.0,3,3,5,2,2
73.01,78.39,68.83,77.51,86.36,66.05,75.56,52.5,4,2,4,13,2
74.76,74.27,73.39,100.0,99.1,100.0,100.0,73.6,0,0,1,4,0
99.5,100.0,100.0,100.0,100.0,97.94,100.0,114.9,3,1,3,7,0
99.5,100.0,99.75,77.84,95.96,99.29,85.33,57.5,1,0,2,13,0
70.85,84.53,74.64,96.88,90.52,88.92,91.36,68.2,3,1,3,3,1
99.5,100.0,100.0,89.61,100.0,93.94,84.93,90.0,2,1,0,8,0
62.29,57.03,64.59,55.1,68.86,53.25,67.95,52.0,2,1,2,8,2
85.52,86.48,79.35,96.53,91.16,89.42,81.49,85.8,2,2,5,13,2
54.34,48.51,51.7,45.24,57.34,45.16,36.71,5.0,3,1,4,6,2
99.5,95.82,98.18,93.68,99.87,93.86,100.0,72.0,2,0,1,7,0
56.68,43.49,58.75,55.94,62.19,40.94,45.06,17.5,3,6,3,2,2
42.92,28.77,42.37,35.09,54.43,33.71,29.15,5.0,5,3,4,2,2
65.28,39.59,50.0,46.02,70.09,46.53,27.97,5.0,4,0,4,8,2
54.25,49.11,57.66,88.8,86.23,81.85,74.65,82.3,5,1,5,5,2
75.5,69.81,72.74,61.93,76.0,46.82,56.15,50.5,2,1,3,13,2
87.28,100.0,85.68,97.51,100.0,93.99,87.96,64.4,2,1,5,5,2
74.79,65.3,65.81,66.33,69.65,56.34,46.92,30.4,4,0,3,2,2
97.07,100.0,100.0,81.84,98.42,93.94,70.03,53.1,3,0,2,4,0
74.13,72.23,75.22,70.5,88.11,65.4,70.87,69.4,3,2,2,6,2
72.93,77.99,70.92,87.08,96.1,92.91,78.63,53.3,4,2,4,9,2
25.24,10.43,25.95,62.3,57.71,42.53,48.8,5.0,4,6,5,7,2
86.15,77.63,85.75,95.36,90.28,100.0,69.93,94.4,1,0,2,3,0
94.56,100.0,95.61,82.15,94.68,83.06,75.5,80.6,1,1,1,4,0
88.27,82.18,87.15,88.69,91.64,92.96,81.29,52.0,2,0,3,4,1
99.5,100.0,96.18,83.05,92.94,76.65,67.09,68.6,1,0,0,11,0
96.84,97.46,100.0,99.19,93.71,86.76,88.93,70.8,1,1,4,3,0
89.37,81.25,81.54,71.7,90.44,64.81,56.61,18.1,4,1,1,3,1
89.82,90.46,84.91,86.16,85.71,95.64,85.25,57.3,2,2,2,12,1
62.87,77.68,69.27,83.58,73.33,83.43,82.19,67.9,1,1,6,7,2
86.7,80.58,95.9,66.03,75.31,69.11,56.39,63.4,3,4,2,12,2
81.58,82.0,76.11,85.69,86.66,95.14,81.07,90.8,4,3,4,11,2
89.99,100.0,97.06,92.13,84.15,83.04,90.85,101.5,1,1,1,2,0
99.5,100.0,99.97,100.0,100.0,100.0,90.35,101.6,3,0,3,8,0
87.92,100.0,94.11,96.28,91.42,98.38,85.68,79.6,2,1,3,2,0
84.71,96.22,93.65,88.68,91.24,86.19,84.96,78.1,5,1,3,8,1
60.01,51.51,54.04,50.15,67.35,59.24,69.64,41.2,4,1,6,2,2
64.53,66.33,64.18,33.78,56.35,40.94,41.57,5.0,3,3,3,8,2
86.92,75.83,79.95,85.28,81.08,79.15,85.22,78.1,1,1,1,7,1
99.5,100.0,100.0,92.89,100.0,100.0,100.0,91.3,2,0,1,2,0
84.23,78.41,87.11,75.42,90.65,66.73,58.82,75.0,1,0,2,5,1
51.24,46.58,44.97,38.89,58.0,29.72,38.02,5.0,5,1,5,12,2
61.74,77.71,69.33,85.73,83.52,80.66,79.56,59.7,3,2,9,4,2
69.12,56.76,68.62,80.16,83.87,67.14,78.16,38.1,3,3,7,4,2
62.38,66.67,57.65,72.04,78.9,60.43,74.86,16.2,2,3,1,11,2
66.27,71.72,73.89,69.09,70.76,78.39,60.83,46.8,3,5,3,11,2
99.5,100.0,99.43,100.0,100.0,100.0,100.0,120.7,1,0,1,5,0
65.28,62.82,62.53,100.0,95.3,89.71,90.59,77.8,6,4,3,13,2
85.13,86.99,91.43,78.25,87.71,77.0,90.24,67.3,1,0,1,13,0
82.51,76.73,84.84,86.14,87.14,82.24,64.83,74.0,6,0,7,4,2
75.09,75.46,69.75,72.26,82.74,56.1,66.32,53.5,2,2,2,9,2
74.65,68.99,75.39,94.97,100.0,85.1,70.07,71.8,2,0,4,6,1
77.29,79.69,80.93,100.0,100.0,100.0,98.22,91.0,1,2,5,8,2
86.62,100.0,82.98,100.0,97.38,100.0,100.0,101.2,0,0,5,12,2
69.86,60.62,68.59,65.14,69.42,53.46,51.02,18.4,5,1,0,6,2
99.5,100.0,98.04,96.1,100.0,84.48,87.77,64.9,2,0,2,8,0
73.45,59.68,72.73,39.62,61.66,42.25,41.04,26.0,5,1,3,13,2
97.47,100.0,95.01,94.53,100.0,100.0,94.41,97.2,1,0,2,10,0
28.21,18.74,25.1,33.31,65.41,40.73,43.66,5.0,5,2,5,4,2
73.09,65.95,68.24,74.18,84.45,62.55,52.67,51.7,3,0,4,4,2
62.15,58.17,58.09,80.4,89.45,79.52,73.69,76.6,1,1,4,7,2
68.04,70.95,60.39,89.23,78.23,76.68,79.3,76.7,1,2,1,10,1
67.34,58.56,68.27,64.8,68.13,63.29,63.21,40.3,7,6,4,6,2
44.02,41.03,47.52,66.6,65.72,72.24,58.73,43.9,8,7,8,4,2
97.42,100.0,98.69,88.82,93.77,94.75,81.64,74.8,0,0,0,3,0
71.42,74.49,74.07,97.31,81.27,75.97,90.68,54.7,6,0,3,6,1
99.5,100.0,96.76,97.97,97.25,100.0,100.0,108.4,0,0,2,2,0
59.62,66.03,66.35,79.28,81.53,73.02,82.56,72.9,1,3,6,12,2
85.47,96.83,90.77,91.96,91.45,100.0,100.0,108.6,4,1,2,11,1
57.57,57.77,57.9,69.84,72.58,58.58,47.99,16.8,2,2,8,7,2
68.98,72.32,76.13,88.7,84.77,82.77,83.85,67.0,0,0,5,8,2
77.26,65.77,67.69,77.57,76.8,61.91,61.04,66.2,1,2,5,4,2
88.05,100.0,84.83,84.7,96.13,92.46,81.52,40.4,0,1,3,6,0
78.79,79.62,80.88,75.93,98.93,77.77,69.04,61.2,5,2,2,2,2
69.98,66.3,67.75,63.57,72.34,52.07,44.02,5.0,4,1,3,11,2
63.4,56.78,56.34,68.01,75.14,76.05,70.07,23.2,4,7,2,3,2
71.7,70.9,72.09,75.61,74.42,81.31,73.28,53.4,5,3,4,11,2
58.24,63.19,61.58,49.45,67.93,49.54,55.49,46.4,4,4,8,10,2
99.5,100.0,100.0,77.54,89.16,95.08,79.21,68.2,3,0,3,10,0
90.45,89.11,85.53,87.75,92.39,73.15,65.13,47.6,3,1,5,9,2
90.63,100.0,92.56,79.14,100.0,91.11,88.54,85.2,4,1,2,11,1
68.73,58.07,65.88,75.5,70.71,58.75,50.25,46.2,5,2,5,8,2
95.77,84.89,96.07,80.78,87.49,72.59,85.62,71.5,4,1,2,7,1
72.7,60.48,71.69,87.15,90.47,78.4,82.16,44.3,5,1,5,9,2
64.8,72.45,65.74,89.85,79.99,73.94,74.84,69.3,3,2,7,8,2
99.5,99.84,100.0,92.93,92.3,90.55,95.7,100.7,3,0,2,7,0
38.51,31.23,33.66,56.53,66.89,47.11,42.37,21.3,8,2,10,4,2
55.21,63.32,56.64,68.47,69.76,78.77,59.95,61.5,1,3,4,5,2
97.35,100.0,97.11,88.13,98.27,100.0,87.2,97.7,2,0,0,7,0
84.97,76.89,79.33,82.17,85.37,81.05,72.29,44.6,3,0,2,5,1
81.37,96.44,90.03,89.92,86.53,97.11,88.93,69.4,2,2,6,6,2
85.21,88.98,90.36,100.0,99.97,91.3,83.51,73.1,1,3,2,8,1
93.87,100.0,94.6,100.0,94.13,100.0,99.1,92.0,3,0,4,2,0
75.01,62.93,71.12,49.89,71.03,43.68,49.13,5.0,7,1,5,8,2
99.5,92.9,95.45,93.98,88.54,95.87,74.97,65.7,1,0,2,6,0
80.23,83.19,77.6,81.1,86.97,72.87,82.31,85.1,5,1,1,6,1
64.27,53.01,55.63,78.52,74.31,79.08,71.51,48.6,6,3,6,2,2
83.87,83.33,90.66,81.43,84.48,66.53,76.7,57.5,4,1,2,6,1
56.72,64.44,56.68,56.61,74.0,49.13,49.59,52.6,6,0,4,7,2
73.71,78.83,78.2,75.53,82.62,86.36,56.13,41.8,3,2,1,8,1
96.21,100.0,99.21,100.0,100.0,100.0,100.0,103.4,0,0,5,5,2
87.53,83.52,81.24,92.81,89.75,93.35,92.63,78.0,4,1,7,3,2
49.77,45.7,49.92,62.76,69.09,51.2,63.13,29.0,3,1,5,3,2
51.26,40.93,48.52,63.21,74.47,55.93,43.85,49.2,6,1,6,8,2
25.99,32.04,28.2,57.01,60.97,67.18,46.39,14.3,4,3,8,11,2
83.12,84.07,81.74,100.0,100.0,94.75,86.77,76.7,6,2,4,7,2
46.81,35.84,42.63,44.82,64.23,49.21,60.89,43.0,2,5,3,12,2
47.77,44.35,48.36,60.97,83.22,63.92,61.06,47.1,0,0,2,8,2
83.04,79.4,78.21,77.72,80.01,82.52,82.14,57.1,5,2,1,13,2
90.46,91.94,96.77,74.65,80.22,73.12,70.35,46.9,1,3,1,4,1
83.14,100.0,92.29,84.82,86.15,92.4,68.75,81.8,2,0,5,6,2
81.31,86.2,73.55,86.2,93.5,99.52,93.59,59.8,5,0,0,12,1
99.5,100.0,98.79,100.0,100.0,100.0,100.0,123.3,2,0,2,4,0
38.56,29.75,43.73,36.72,69.44,45.88,28.0,13.0,5,5,7,12,2
99.07,94.49,98.76,97.35,97.66,83.89,100.0,89.8,3,0,0,8,0
99.5,100.0,96.79,100.0,100.0,100.0,100.0,91.1,1,1,1,7,0
81.57,99.4,90.9,83.57,88.68,87.31,91.52,77.6,2,0,5,9,2
99.5,100.0,91.22,87.53,91.13,78.9,77.52,66.2,6,0,3,3,1
51.68,49.9,52.08,38.49,65.42,46.22,49.55,19.3,7,3,3,9,2
57.45,57.79,55.58,78.21,73.54,89.56,85.95,86.9,2,1,8,8,2
99.5,100.0,99.86,86.59,88.34,82.17,78.07,75.5,3,0,0,5,0
16.51,8.75,10.0,53.27,55.48,50.66,44.27,26.9,6,4,10,2,2
59.85,68.81,61.53,31.38,59.17,38.07,36.21,5.0,2,1,2,3,2
91.05,90.78,80.5,83.59,88.63,67.4,69.76,72.6,1,1,4,7,1
32.55,19.04,24.94,40.43,44.42,36.77,49.58,5.0,6,3,5,4,2
93.26,97.33,95.29,100.0,94.41,100.0,98.02,88.8,0,2,2,8,0
20.15,18.21,23.87,58.07,56.76,55.75,40.86,23.7,8,7,9,9,2
43.93,21.73,45.35,100.0,83.97,87.88,100.0,61.2,1,3,5,12,2
59.94,58.17,55.99,51.49,72.44,51.51,45.4,38.2,3,2,5,4,2
89.54,78.09,87.21,93.9,100.0,100.0,100.0,86.3,1,2,4,5,1
48.58,57.58,50.65,77.54,66.22,69.68,57.24,78.2,6,5,3,7,2
84.72,76.48,80.39,96.27,96.46,94.16,87.02,87.4,0,1,4,9,1
98.74,96.12,98.1,100.0,84.13,78.76,88.56,81.2,3,0,7,2,2
86.13,73.83,80.83,91.77,91.17,87.18,80.28,43.3,6,3,2,13,2
66.54,78.47,78.54,77.52,79.28,71.06,63.6,73.5,4,2,7,6,2
82.12,87.25,82.87,99.06,93.95,96.0,94.99,69.4,1,0,4,12,0
35.76,39.7,32.68,21.53,50.24,21.85,21.44,5.0,5,2,6,3,2
73.97,94.6,82.54,90.67,85.07,92.56,100.0,89.5,1,1,7,12,2
99.5,100.0,95.39,65.03,100.0,87.37,100.0,31.9,3,0,0,7,0
90.74,81.35,85.7,76.63,82.61,69.3,84.46,63.2,2,1,4,13,1
99.5,100.0,100.0,100.0,87.56,100.0,97.73,88.5,0,0,3,2,0
65.68,73.2,67.54,64.93,69.81,62.68,52.9,14.3,7,2,7,3,2
52.0,52.13,54.13,65.52,88.93,59.81,65.03,34.4,4,0,5,3,2
84.15,84.86,83.58,74.35,98.46,89.07,83.52,77.1,2,0,5,12,2
40.5,36.26,39.93,51.28,53.55,38.72,33.69,33.9,1,4,7,6,2
91.08,97.87,90.88,99.74,99.66,84.78,75.04,62.7,2,1,3,9,1
54.71,42.32,53.25,65.43,85.51,62.18,62.65,63.2,4,0,8,9,2
67.0,58.2,58.38,48.68,62.44,53.74,37.98,42.8,2,4,3,7,2
99.5,100.0,96.49,86.09,100.0,100.0,99.68,80.7,3,0,2,5,0
65.9,69.94,67.76,62.02,73.6,66.85,49.3,31.0,5,1,4,9,2
64.81,64.89,68.14,66.73,77.99,58.44,69.28,30.3,3,1,5,4,2
85.97,86.69,87.09,91.69,99.11,88.24,97.57,78.6,3,1,2,11,1
85.78,90.59,89.66,100.0,100.0,100.0,96.13,81.8,1,0,4,8,0
94.19,93.24,88.96,87.1,95.75,89.45,74.9,78.4,1,0,2,13,0
72.52,72.91,71.4,76.8,79.59,75.97,89.87,67.8,3,3,5,10,2
69.38,76.43,73.01,67.06,85.87,85.25,73.36,71.2,1,1,5,4,2
81.57,93.5,86.33,56.07,72.77,36.58,49.15,21.9,5,3,3,6,2
64.36,56.13,56.91,76.26,84.07,80.12,63.43,47.4,2,0,6,7,2
99.5,100.0,96.32,82.66,92.48,71.48,92.23,54.8,2,1,1,9,0
77.03,79.35,77.38,82.99,85.4,73.62,50.16,34.5,2,1,4,9,1
97.7,88.0,97.0,85.42,82.71,78.08,68.13,85.8,3,0,1,2,1
95.96,98.94,100.0,100.0,100.0,93.77,97.41,74.3,2,0,0,7,0
52.06,48.53,46.35,72.94,72.68,77.7,51.55,57.1,4,1,5,5,2
45.96,39.55,43.73,48.59,67.2,46.76,49.07,39.8,4,3,5,3,2
69.46,78.85,68.95,73.93,85.09,89.12,81.74,46.1,3,6,3,12,2
96.38,100.0,97.66,94.11,100.0,99.84,98.53,109.5,1,0,1,6,0
66.04,80.47,69.98,100.0,94.39,96.8,100.0,94.2,3,2,4,2,1
96.0,100.0,99.16,81.97,94.07,84.63,79.75,89.6,2,1,2,9,0
51.64,55.47,45.14,77.02,77.72,87.11,90.46,73.9,1,3,5,11,2
63.22,77.28,67.23,64.27,82.33,70.33,62.36,59.9,2,0,3,11,1
85.25,81.22,84.15,87.82,96.18,83.64,93.44,78.2,4,2,1,9,1
99.5,100.0,100.0,95.35,100.0,86.41,100.0,64.6,4,0,1,7,0
92.06,87.6,91.68,93.09,100.0,87.83,89.39,79.7,5,0,2,9,1
25.55,10.2,20.35,62.34,67.31,51.96,73.42,11.0,6,3,9,8,2
84.57,91.4,92.19,74.18,97.75,81.93,63.24,53.3,3,1,4,12,1
90.55,76.58,90.56,75.09,80.74,71.3,78.22,31.6,4,0,1,11,1
85.94,90.05,86.67,100.0,100.0,100.0,97.53,86.8,1,0,4,11,0
62.68,70.36,63.52,64.27,82.42,64.35,48.86,34.4,4,2,5,12,2
97.55,97.99,98.52,97.42,99.26,96.55,100.0,69.0,1,0,7,8,2
60.54,71.37,67.89,71.6,66.3,69.64,48.24,29.6,6,7,6,3,2
93.4,79.4,88.25,96.45,91.82,92.0,75.09,71.9,5,1,3,7,1
66.37,69.67,63.27,61.42,74.17,68.6,58.36,8.2,5,1,3,10,2
77.91,71.16,79.18,84.7,92.06,82.5,93.56,66.9,5,1,3,3,2
51.87,49.76,52.65,66.08,80.13,63.76,65.44,56.0,1,3,8,10,2
22.45,14.84,26.59,44.88,55.7,26.67,19.53,5.0,8,3,7,6,2
85.77,88.25,83.72,82.54,100.0,100.0,88.12,72.9,0,0,3,4,0
92.12,90.54,92.47,67.55,93.8,66.35,69.08,57.8,3,3,0,8,1
85.09,72.79,82.15,72.09,78.73,65.18,54.6,61.7,6,1,4,4,2
85.83,100.0,90.32,100.0,97.97,79.11,81.8,97.3,1,1,0,6,0
91.96,83.97,85.13,88.71,90.18,79.65,85.68,69.6,2,0,2,6,0
99.5,91.83,97.71,84.58,94.87,81.99,82.24,88.2,1,1,0,5,0
99.5,100.0,97.97,100.0,100.0,100.0,100.0,145.2,1,0,0,12,0
82.09,81.8,82.09,77.56,86.3,94.1,88.03,89.2,2,1,1,8,1
99.5,100.0,99.86,100.0,100.0,98.58,95.9,88.5,0,0,1,3,0
68.58,70.77,65.18,100.0,96.9,100.0,100.0,86.4,0,3,5,12,2
36.88,32.16,33.35,51.86,68.59,54.62,43.88,28.7,4,3,8,5,2
81.3,88.76,82.5,100.0,90.8,100.0,89.32,100.5,0,0,7,13,2
98.48,100.0,99.33,100.0,100.0,97.48,100.0,70.5,1,0,2,8,0
80.76,80.51,82.57,86.05,95.94,92.16,86.15,71.5,8,0,1,6,1
55.63,42.01,51.74,69.0,69.44,74.85,59.82,53.0,3,3,10,11,2
86.51,89.1,90.98,97.15,100.0,100.0,99.47,108.5,1,1,8,8,2
90.39,100.0,94.67,100.0,100.0,92.87,89.85,91.8,1,1,2,6,0
85.99,92.96,96.63,88.0,100.0,97.19,92.23,63.4,3,0,2,12,0
74.53,76.73,76.93,100.0,88.28,83.21,84.91,82.4,0,3,5,8,2
83.75,88.08,80.06,89.14,90.16,83.74,98.26,63.7,1,1,4,6,1
78.29,72.09,74.39,57.93,80.13,51.36,59.03,15.6,6,3,4,5,2
58.89,65.3,74.1,63.12,72.46,70.56,73.88,82.7,1,1,7,5,2
81.08,81.45,75.86,69.81,83.24,69.7,61.3,16.8,3,2,3,5,2
63.38,57.27,62.97,64.3,72.13,64.63,64.55,33.4,3,2,4,4,2
76.42,85.0,88.72,91.26,86.4,87.64,88.93,74.8,3,1,4,10,1
96.34,100.0,92.82,86.78,85.0,86.36,100.0,92.9,1,0,2,8,0
70.29,62.92,73.84,76.07,85.67,81.72,76.8,55.8,4,0,2,13,1
72.49,61.47,74.65,62.63,68.69,47.78,49.15,30.0,1,1,1,7,2
82.29,100.0,87.96,82.76,90.0,92.94,100.0,94.0,0,0,1,13,0
71.96,72.58,64.73,56.15,75.31,58.11,53.11,32.4,3,1,1,4,2
92.24,100.0,97.7,87.83,98.22,100.0,93.9,101.1,1,0,3,12,0
63.47,70.29,65.79,68.75,81.8,77.79,67.58,73.0,1,3,5,8,2
47.15,45.09,45.7,52.28,64.79,61.83,40.43,21.3,3,6,8,2,2
66.95,47.01,62.14,56.28,68.7,51.91,54.02,50.9,3,1,3,8,2
44.02,32.51,39.78,66.96,68.37,69.7,53.91,23.8,0,3,4,13,2
72.44,77.5,68.11,81.08,86.23,82.17,66.85,67.7,4,2,3,8,2
55.15,51.89,53.54,93.52,80.13,92.32,96.37,48.1,3,3,6,10,2
76.72,77.11,78.41,87.21,84.04,74.96,81.66,79.0,3,1,2,7,1
85.27,100.0,92.93,100.0,100.0,100.0,100.0,139.3,1,0,2,13,0
45.39,38.49,47.96,42.33,63.62,44.86,23.66,13.4,7,0,7,6,2
60.56,61.18,53.12,58.38,72.27,69.06,78.99,45.4,3,1,3,7,2
98.45,100.0,100.0,84.45,85.31,71.72,68.52,83.9,4,0,3,7,1
99.5,100.0,98.24,100.0,100.0,97.66,100.0,95.2,0,0,1,13,0
34.61,19.56,29.72,29.22,37.97,20.87,6.51,5.0,9,2,7,5,2
65.83,78.62,74.25,90.5,88.27,94.03,87.1,77.1,0,1,6,10,2
99.5,100.0,96.73,100.0,94.33,100.0,100.0,85.8,0,0,0,6,0
86.74,91.77,87.2,81.06,100.0,99.94,81.14,71.9,1,1,3,12,0
92.03,100.0,97.39,87.08,98.7,97.66,87.38,70.0,0,0,2,5,0
87.9,90.92,86.76,76.76,82.63,79.95,82.86,98.0,2,1,2,8,1
76.3,74.96,77.2,84.42,80.38,84.82,50.54,63.7,5,0,4,9,2
90.94,82.04,83.33,76.74,85.55,71.0,80.53,46.9,2,1,2,7,1
63.29,58.05,66.22,73.43,69.95,64.33,68.21,35.6,2,3,6,7,2
18.99,8.0,17.9,51.4,50.15,42.4,57.37,19.2,1,4,5,11,2
99.5,100.0,96.7,100.0,100.0,100.0,100.0,127.4,0,0,0,3,0
99.5,100.0,100.0,84.83,94.54,74.18,83.46,71.4,2,0,4,9,1
33.94,35.28,36.2,64.02,57.32,65.85,54.06,51.5,2,1,9,6,2
87.69,83.35,82.29,88.3,96.97,82.82,92.12,72.0,5,0,4,10,1
88.1,92.0,92.39,80.86,83.15,80.18,73.79,65.7,2,4,4,2,2
50.38,53.85,54.61,78.38,67.37,69.98,62.09,65.7,3,3,7,4,2
31.65,24.1,22.5,59.07,51.45,38.81,20.34,16.9,5,4,5,9,2
57.7,60.96,49.28,69.25,82.39,73.55,69.93,23.0,2,5,11,4,2
75.38,77.98,74.81,79.54,77.75,71.59,71.43,54.8,1,1,5,8,2
58.16,37.18,47.3,71.02,78.05,65.88,64.77,33.0,2,0,4,2,2
70.86,60.33,69.46,60.31,66.64,59.76,58.56,52.2,3,1,1,12,2
93.22,100.0,93.18,97.09,100.0,83.93,88.31,85.6,2,0,0,8,0
52.92,59.22,52.96,97.17,80.66,79.08,77.83,76.8,2,2,3,6,2
86.05,84.16,92.64,88.51,94.76,89.65,76.77,58.1,1,0,0,7,0
81.84,85.63,88.38,74.47,78.59,72.56,75.25,48.6,3,2,4,5,2
87.82,86.72,81.37,41.58,84.39,47.58,44.42,5.0,8,0,3,6,2
85.11,100.0,96.24,91.26,100.0,84.36,83.54,73.9,1,0,1,5,0
88.68,85.94,93.98,83.27,71.86,85.32,68.52,54.7,3,1,3,3,1
19.94,8.0,14.92,44.27,58.79,43.21,20.19,24.1,5,5,8,6,2
24.26,10.93,17.71,41.33,51.79,25.02,44.25,5.0,5,2,4,3,2
63.17,54.82,52.52,74.26,73.7,68.91,42.19,19.0,4,1,4,3,2
58.89,46.65,48.95,51.26,64.42,43.99,42.27,25.3,7,2,2,13,2
68.04,73.28,69.67,90.97,91.23,84.42,92.25,63.0,2,4,2,3,2
99.13,100.0,97.66,84.05,95.48,100.0,83.88,97.2,0,0,2,10,0
83.69,87.13,83.71,96.45,83.83,89.37,94.93,113.7,1,0,4,2,1
93.38,100.0,97.41,70.14,78.36,52.73,62.85,33.9,3,1,4,2,1
85.38,81.01,90.91,92.46,87.69,93.87,72.99,35.0,3,0,1,7,1
59.75,58.57,57.03,53.18,70.11,60.43,50.71,37.1,2,3,3,4,2
93.57,90.59,90.18,96.82,96.52,100.0,90.92,91.8,0,0,4,11,0
84.81,93.09,87.51,85.1,84.77,80.41,80.24,61.9,5,1,2,2,1
99.5,100.0,98.73,87.23,99.51,93.18,100.0,99.7,1,0,1,3,0
81.94,80.87,88.4,97.6,98.97,89.08,89.45,84.9,1,2,4,7,1
38.3,22.02,31.41,41.6,44.12,22.53,25.76,5.0,5,2,9,6,2
92.2,98.65,98.38,77.02,91.46,75.57,74.56,50.4,2,3,3,12,1
99.5,100.0,100.0,99.44,97.69,81.22,90.75,72.5,1,0,1,12,0
91.63,100.0,100.0,100.0,98.65,96.39,100.0,87.9,1,0,4,6,0
72.41,61.38,67.58,69.02,70.74,64.36,67.11,37.0,4,3,4,10,2
68.46,79.94,71.05,95.8,94.92,86.32,81.26,73.1,2,2,4,2,1
64.88,83.42,68.19,77.92,73.15,60.52,65.99,48.9,3,0,5,8,2
83.24,88.02,85.56,73.94,90.49,74.5,76.87,90.3,7,0,0,7,1
99.5,98.41,92.86,88.14,96.0,88.37,87.0,69.3,1,0,5,13,2
52.08,36.08,55.04,39.64,53.64,26.82,9.28,5.0,2,4,2,2,2
79.42,78.02,76.8,77.75,76.68,76.58,66.7,57.8,4,1,2,4,1
76.02,80.76,78.07,76.97,77.9,68.82,63.18,45.6,5,2,3,7,2
74.55,62.81,71.27,68.76,94.43,70.98,62.11,47.1,1,1,4,5,1
89.72,91.02,85.51,93.07,99.6,91.65,78.65,78.5,2,0,1,5,0
99.5,100.0,100.0,100.0,100.0,100.0,100.0,98.5,0,0,2,4,0
90.28,100.0,95.96,93.87,94.84,82.3,68.08,48.2,2,1,1,13,0
67.42,75.43,69.46,59.63,70.04,37.66,48.31,31.0,6,2,2,8,2
87.12,91.64,90.46,100.0,100.0,100.0,100.0,84.1,2,0,1,13,0
38.45,24.45,32.9,53.11,65.12,56.54,55.48,15.4,4,1,6,5,2
66.6,69.46,67.73,80.4,96.21,74.93,79.71,86.5,0,1,5,3,2
77.08,76.38,74.24,66.72,85.65,67.17,71.23,51.0,4,1,1,11,1
58.8,69.1,63.3,83.29,84.45,73.83,73.58,48.2,1,3,5,6,2
62.85,60.53,63.76,86.68,84.75,74.83,74.15,52.6,2,3,3,6,2
50.65,40.33,43.53,54.7,70.95,66.36,64.03,31.5,5,2,4,5,2
64.12,65.05,65.72,76.38,92.48,79.54,75.29,73.6,6,3,9,4,2
61.11,58.49,52.5,84.47,75.55,75.82,64.09,45.0,3,5,11,2,2
90.69,89.22,95.21,76.88,91.3,82.19,66.73,53.9,6,1,3,9,1
73.36,68.55,66.74,76.54,86.35,90.25,83.64,49.5,1,3,5,6,2
70.09,64.93,61.33,99.63,87.16,96.17,89.87,89.4,2,2,2,2,1
91.94,100.0,93.11,93.98,97.84,90.15,86.84,72.8,2,1,1,9,0
84.62,92.08,88.48,98.36,80.62,94.83,98.39,71.2,1,3,8,8,2
41.21,28.33,35.25,54.25,64.43,44.17,31.65,5.0,1,6,11,8,2
51.03,52.57,54.99,56.48,74.51,52.47,52.91,24.8,2,5,7,7,2
98.28,82.1,91.3,67.26,80.32,64.62,59.0,30.4,2,1,0,4,1
99.5,99.22,98.73,87.22,94.48,77.14,73.66,65.5,5,0,3,10,1
99.5,100.0,99.31,94.36,97.13,96.95,89.96,101.2,3,0,3,12,0
88.9,100.0,100.0,92.19,100.0,100.0,100.0,103.2,3,1,2,12,0
64.96,50.43,57.97,30.46,63.99,30.66,19.75,5.0,4,3,6,11,2
99.5,100.0,100.0,83.19,100.0,85.46,84.36,56.9,1,0,1,3,0
99.5,95.82,100.0,77.53,99.79,67.94,81.9,62.0,3,0,1,8,0
58.44,67.12,57.22,72.49,87.3,75.42,77.0,77.8,1,2,3,7,2
99.5,100.0,100.0,100.0,92.69,90.67,100.0,100.1,1,1,0,6,0
74.57,70.44,70.78,90.65,88.48,85.82,92.12,96.6,2,3,4,4,2
73.75,74.2,74.76,83.75,85.06,68.47,63.25,52.9,2,0,2,4,1
64.14,66.31,58.81,59.62,80.59,62.77,62.59,42.5,2,4,6,11,2
31.56,15.15,25.24,42.03,55.59,44.58,5.0,8.4,7,4,4,5,2
92.73,100.0,100.0,100.0,87.77,100.0,97.72,74.1,0,0,2,6,0
89.74,91.24,87.47,89.38,100.0,100.0,100.0,93.2,3,0,2,10,0
83.24,78.53,84.79,81.77,84.07,91.43,78.16,93.4,1,1,3,7,1
46.91,37.8,44.32,51.72,57.96,38.55,39.81,22.7,4,3,7,12,2
54.06,48.58,50.24,80.06,80.22,68.07,65.59,73.4,7,3,4,4,2
58.78,59.32,64.24,54.87,68.35,49.21,32.07,42.1,4,2,2,5,2
66.66,69.03,66.12,84.61,92.48,88.02,90.56,37.7,4,0,1,10,1
43.73,54.81,48.19,53.78,54.22,43.06,41.04,29.4,0,1,7,7,2
92.92,94.19,94.75,90.08,99.09,97.03,86.96,56.4,1,0,3,8,0
85.93,88.85,92.32,70.0,75.14,68.21,61.91,61.6,3,1,5,2,2
79.85,81.74,79.41,79.76,97.35,89.41,86.37,64.5,4,1,4,4,1
66.75,55.38,71.87,73.69,81.48,74.49,69.06,46.1,4,0,4,10,2
67.88,77.49,64.76,72.02,69.72,51.13,59.38,30.8,5,2,9,3,2
40.53,38.0,37.57,57.03,66.39,56.94,60.44,43.9,5,5,2,8,2
66.0,52.16,66.09,43.82,68.28,51.55,38.53,40.9,6,4,5,8,2
99.5,100.0,97.81,100.0,100.0,100.0,91.85,130.0,2,1,2,10,0
84.41,92.57,88.59,67.86,75.38,79.41,78.04,45.7,4,1,4,5,2
66.86,58.15,60.09,70.83,75.06,58.55,62.89,40.9,4,1,5,5,2
99.5,100.0,94.4,78.44,100.0,80.13,80.04,84.1,3,0,1,4,0
84.45,99.77,88.59,92.74,96.24,100.0,100.0,99.6,2,0,5,2,2
92.64,100.0,98.85,100.0,100.0,100.0,100.0,92.2,0,0,3,3,0
83.28,87.4,82.82,80.1,87.05,66.31,75.06,68.6,6,1,4,3,2
58.18,58.36,58.28,90.5,92.38,79.94,68.77,61.4,3,0,5,10,2
54.41,33.87,44.99,45.99,54.71,52.9,42.17,11.5,4,0,8,12,2
94.02,99.27,99.13,98.35,95.41,100.0,100.0,105.0,2,1,2,9,0
43.88,29.96,32.56,52.01,50.66,23.13,17.44,5.0,4,2,6,9,2
95.17,98.1,96.22,90.7,100.0,100.0,77.3,65.5,3,1,0,11,0
70.34,66.05,67.7,68.87,80.36,69.4,70.75,54.3,5,1,3,4,2
96.18,100.0,94.38,100.0,100.0,100.0,100.0,127.6,0,0,4,10,0
83.65,86.48,89.97,98.66,100.0,100.0,100.0,81.7,1,0,4,7,0
75.73,81.33,71.3,88.47,74.06,53.02,68.16,56.8,2,1,1,3,1
39.21,39.04,40.98,68.66,64.26,40.35,49.61,37.1,6,1,9,13,2
27.16,15.1,24.78,53.73,58.25,52.28,40.8,38.8,2,4,9,9,2
99.5,100.0,98.5,85.19,100.0,96.56,95.91,80.1,2,0,1,12,0
84.48,83.97,92.45,91.18,100.0,98.6,83.72,72.1,3,0,2,5,0
65.03,60.79,65.53,75.72,86.68,98.14,99.75,84.1,1,1,2,13,1
72.1,81.16,73.06,80.59,93.89,77.63,78.39,57.2,2,0,5,6,2
72.36,71.46,74.86,96.36,91.41,79.27,74.21,59.5,1,2,5,12,2
53.08,56.25,52.78,85.4,85.67,81.67,83.41,48.4,4,4,6,5,2
70.82,65.23,67.46,94.84,92.66,78.56,87.85,83.2,1,0,6,3,2
56.99,52.57,60.2,75.02,84.69,64.64,51.55,26.5,4,0,7,2,2
89.84,94.39,94.12,100.0,83.56,100.0,90.29,104.9,1,0,4,13,0
48.26,39.53,49.62,55.18,68.64,59.52,51.1,14.6,3,3,2,7,2
87.59,91.55,79.54,100.0,100.0,100.0,100.0,75.7,3,1,1,7,0
78.71,81.69,81.66,82.17,83.51,87.86,82.17,92.0,3,1,5,3,2
73.8,81.52,83.22,88.34,78.77,66.19,70.08,54.5,6,1,6,3,2
64.08,56.93,57.29,71.54,82.1,79.72,60.77,57.1,3,2,3,3,2
98.69,86.51,95.16,100.0,100.0,97.43,97.97,79.7,1,0,3,3,0
60.9,69.36,63.64,70.51,82.16,67.79,69.67,66.7,1,3,1,3,2
68.97,63.86,70.33,69.52,79.5,77.57,66.36,51.1,4,2,2,6,2
85.19,88.33,84.63,100.0,100.0,100.0,100.0,68.4,1,0,4,10,0
77.01,78.83,81.32,100.0,94.88,100.0,87.74,84.1,1,1,2,11,0
46.79,27.1,38.59,27.43,52.5,30.79,28.06,9.3,5,2,3,13,2
76.42,71.77,85.97,74.46,73.59,69.59,64.42,34.5,4,1,5,13,2
80.07,80.32,82.07,72.03,100.0,83.78,88.11,47.8,0,0,6,11,2
19.52,17.36,28.3,68.11,60.04,58.6,51.0,21.0,8,5,4,11,2
89.92,89.12,92.66,78.65,85.31,82.91,78.25,101.0,1,0,1,8,0
51.57,27.04,41.18,54.43,68.94,52.75,50.42,39.9,6,4,4,4,2
78.57,65.43,74.2,67.97,63.97,60.71,52.83,55.6,8,2,3,12,2
59.53,65.77,63.91,74.65,68.51,67.78,55.56,57.6,1,2,4,4,2
84.0,81.63,74.38,80.88,95.26,85.84,84.95,74.6,2,1,3,6,1
99.5,100.0,100.0,100.0,100.0,100.0,98.82,83.5,1,0,1,7,0
35.11,18.88,30.08,27.17,52.75,31.6,32.04,5.0,6,2,8,5,2
83.21,92.9,89.53,91.42,86.84,80.86,89.65,86.5,3,2,3,13,1
87.24,90.61,91.45,72.43,88.67,90.91,90.73,52.4,2,2,1,4,1
87.0,79.54,79.44,92.71,91.44,100.0,91.29,71.3,3,0,4,8,1
62.18,49.6,58.21,70.72,67.27,51.76,62.46,53.3,4,1,6,6,2
69.67,58.29,65.82,73.22,74.4,66.88,67.71,63.9,4,2,4,6,2
42.73,42.23,38.01,48.72,68.63,52.5,16.53,27.7,5,4,9,6,2
97.96,96.11,100.0,100.0,99.98,100.0,100.0,62.7,1,0,0,9,0
99.08,100.0,100.0,93.96,93.64,97.47,91.37,81.7,2,0,4,4,0
99.5,100.0,98.59,100.0,100.0,100.0,100.0,109.0,2,0,1,12,0
83.03,87.0,87.02,76.2,83.95,80.69,60.5,51.1,7,3,7,5,2
74.73,71.25,73.6,73.11,75.01,74.26,81.4,60.5,3,3,6,9,2
88.05,74.26,81.79,69.27,71.74,72.94,76.12,61.2,6,4,6,11,2
53.7,43.16,48.33,67.04,72.19,70.6,79.45,42.8,4,2,8,7,2
84.28,79.07,77.67,86.87,87.42,78.97,72.43,77.1,3,1,0,5,1
53.18,25.6,44.56,53.75,62.51,39.21,19.9,5.8,1,1,3,5,2
77.14,77.78,75.23,63.61,89.15,69.47,50.86,45.4,7,2,1,11,2
91.17,99.81,97.24,86.7,98.32,100.0,92.11,55.0,2,0,2,7,0
82.08,77.1,78.77,91.11,88.75,91.63,88.81,60.8,1,0,1,8,0
91.48,100.0,90.37,100.0,93.52,100.0,100.0,100.2,0,1,4,7,0
91.4,95.35,90.5,96.04,89.63,92.5,97.01,78.4,2,1,0,13,0
99.5,100.0,100.0,100.0,100.0,100.0,100.0,97.3,0,0,1,4,0
86.44,95.36,88.76,86.54,94.93,89.06,82.43,82.6,1,0,2,12,0
74.0,69.51,68.9,59.4,75.13,71.76,54.15,52.9,4,1,1,8,2
97.42,90.65,100.0,100.0,100.0,100.0,96.48,109.1,3,0,6,12,2
71.74,77.8,68.9,78.63,86.96,100.0,87.19,85.6,2,0,4,2,1
48.16,43.81,52.01,45.15,60.9,38.67,32.83,10.6,8,3,6,10,2
74.59,68.48,77.06,70.18,78.81,64.46,60.17,65.1,2,1,4,6,2
95.97,97.71,100.0,84.31,95.19,87.7,67.42,41.2,2,0,3,6,0
86.84,93.18,92.6,90.96,96.96,100.0,100.0,61.1,2,3,5,3,2
51.12,38.29,43.44,46.36,58.94,51.39,31.56,5.4,3,2,6,4,2
79.19,79.34,77.33,81.88,87.52,71.95,82.52,51.5,3,0,4,3,1
99.5,100.0,100.0,100.0,94.53,100.0,100.0,86.3,3,1,1,7,0
53.26,53.76,57.97,66.22,76.1,56.1,57.51,53.1,6,3,9,6,2
67.67,66.51,69.53,86.81,88.22,79.78,88.06,70.5,4,5,6,7,2
47.31,37.9,41.76,55.03,74.0,64.61,57.76,20.9,4,4,7,7,2
63.91,51.04,55.79,74.02,75.48,71.98,76.25,50.1,2,3,4,5,2
71.8,91.39,74.91,80.78,98.35,84.42,83.28,85.2,3,1,3,3,1
89.15,87.06,85.9,71.68,89.93,72.18,83.42,59.5,4,1,1,6,1
93.89,90.36,91.8,98.62,97.1,98.41,97.21,75.2,3,0,5,6,2
66.25,70.85,69.0,70.18,87.29,80.13,65.63,69.5,2,1,2,5,1
85.68,91.07,92.88,95.84,97.5,93.68,80.28,104.8,0,1,3,9,0
40.28,37.82,48.23,50.61,62.84,35.07,32.6,21.7,4,3,7,6,2
89.77,100.0,100.0,100.0,100.0,100.0,90.15,84.3,3,0,3,11,0
83.48,87.67,80.37,53.07,78.1,59.33,49.56,21.0,4,2,3,10,2
74.02,69.34,69.56,94.12,86.77,84.86,85.89,96.3,2,2,3,3,1
63.64,62.92,59.9,69.15,78.32,67.22,55.95,55.2,5,1,5,11,2
86.28,80.19,88.72,87.52,93.2,91.19,90.37,93.2,1,0,6,12,2
73.81,72.37,76.8,74.22,82.46,81.66,65.01,66.9,3,0,5,10,2
52.3,52.28,50.75,51.97,63.95,51.39,54.59,21.0,9,1,7,9,2
62.71,57.63,60.78,84.96,72.04,86.38,78.93,75.6,4,8,6,3,2
54.76,70.34,62.03,64.93,68.48,72.11,68.89,63.7,4,0,6,3,2
38.0,24.64,35.6,16.08,42.43,19.28,7.83,5.0,10,5,5,6,2
74.37,61.67,75.0,76.5,73.75,81.49,71.21,54.1,6,4,6,10,2
91.56,95.88,94.53,78.77,81.8,75.47,65.84,46.8,3,1,1,13,1
73.09,94.07,80.73,93.31,96.26,84.34,77.99,78.5,5,3,4,3,2
88.51,77.35,86.42,95.32,95.4,100.0,94.77,100.6,2,0,2,10,0
82.49,86.98,83.86,76.81,82.73,58.89,63.83,63.1,5,1,0,8,1
41.19,30.27,39.15,55.9,65.4,58.46,43.55,39.2,4,0,5,11,2
59.53,61.62,60.09,97.98,68.72,93.58,76.68,74.3,1,2,3,10,2
99.5,98.28,100.0,100.0,100.0,100.0,100.0,104.0,1,0,4,6,0
79.52,87.52,88.18,78.77,89.61,79.13,70.75,28.2,2,3,4,4,2
58.3,51.19,55.31,58.63,73.45,51.13,60.03,19.3,3,2,5,5,2
99.5,100.0,100.0,100.0,100.0,100.0,100.0,108.6,0,0,2,11,0
99.5,96.01,99.49,88.33,100.0,100.0,86.98,80.2,2,2,3,9,1
80.78,78.1,81.95,78.0,84.32,59.56,67.89,22.0,3,1,3,7,1
99.5,82.1,99.14,65.5,93.58,66.19,67.21,71.0,1,1,1,12,1
97.44,100.0,100.0,97.49,98.26,89.74,97.55,76.2,1,0,4,10,0
78.5,93.22,89.3,80.69,91.18,85.77,77.27,64.9,7,0,2,5,1
83.97,100.0,91.88,100.0,92.41,91.72,82.19,76.2,2,2,4,11,1
99.5,100.0,98.67,100.0,100.0,100.0,100.0,107.5,1,0,1,12,0
99.5,96.02,99.94,74.69,92.42,82.07,74.71,38.8,3,0,1,4,0
82.42,86.67,86.93,87.76,88.04,96.88,81.79,72.5,6,0,3,5,1
91.09,97.54,95.7,89.15,100.0,92.89,91.37,97.0,0,1,2,3,0
55.0,54.95,54.56,75.01,70.97,63.33,66.64,31.3,3,6,3,13,2
99.5,95.14,95.3,93.33,90.68,98.58,92.79,56.6,2,1,1,6,0
83.98,78.58,83.21,100.0,88.47,87.67,90.14,75.6,6,0,0,12,1
99.28,92.5,94.51,92.62,99.2,83.48,78.04,72.3,1,0,2,9,0
99.5,100.0,93.38,100.0,100.0,100.0,90.56,73.5,3,0,3,4,0
98.08,100.0,95.65,94.5,91.51,98.62,100.0,94.4,3,0,2,10,0
91.19,92.74,90.35,88.88,100.0,80.57,83.22,74.1,1,0,8,6,2
18.85,18.33,15.84,83.53,61.99,60.96,49.17,30.1,1,5,14,3,2
95.17,92.37,95.3,95.35,90.82,100.0,100.0,106.5,2,0,1,8,0
75.71,68.36,68.16,74.22,83.82,79.57,64.47,40.9,2,2,7,7,2
62.84,56.01,55.91,72.41,71.72,69.7,74.71,37.3,3,3,2,2,2
81.24,88.33,89.22,75.31,88.75,73.31,82.82,100.7,1,0,3,10,1
79.25,80.0,83.51,75.59,84.5,64.0,67.15,63.6,2,0,4,3,1
67.22,65.02,67.84,56.8,70.49,54.34,47.35,52.6,8,1,4,10,2
32.67,13.63,31.26,24.03,48.71,29.88,14.59,5.0,6,3,4,10,2
82.97,90.32,83.12,93.61,100.0,100.0,92.71,85.4,3,0,3,13,1
95.04,90.89,96.62,85.22,82.41,72.18,72.65,47.4,3,0,3,6,1
97.99,95.64,96.52,82.54,97.32,88.82,73.96,70.3,4,0,4,10,1
99.5,100.0,100.0,81.94,96.22,82.14,79.57,42.0,2,0,3,5,0
82.58,78.6,82.16,73.4,85.19,77.01,69.43,30.0,1,0,1,9,1
91.87,93.59,89.16,79.78,100.0,79.72,84.95,62.4,2,0,1,13,0
99.5,97.72,100.0,75.7,88.36,65.56,78.86,52.1,6,0,3,9,1
48.39,33.02,41.11,42.2,75.54,48.93,44.82,14.0,4,2,7,3,2
94.29,92.64,89.1,83.82,100.0,82.85,85.29,78.2,1,1,1,4,0
99.5,100.0,100.0,100.0,100.0,100.0,100.0,79.4,1,0,4,7,0
72.39,71.0,74.56,85.68,89.03,80.96,76.79,71.0,3,1,3,7,1
92.12,82.83,85.27,88.42,100.0,100.0,100.0,79.2,4,0,1,13,0
75.49,75.66,75.28,92.12,94.43,100.0,100.0,82.3,1,0,2,12,0
85.94,95.66,89.24,95.1,100.0,99.38,78.71,54.4,2,3,4,3,1
70.73,71.88,67.73,70.58,69.83,59.35,56.56,73.3,3,1,5,13,2
84.9,88.63,83.02,100.0,100.0,100.0,93.21,115.6,1,1,3,6,0
94.42,88.42,91.88,95.45,94.35,86.87,82.73,66.7,3,1,1,2,1
99.5,98.7,100.0,77.27,78.46,71.36,52.25,62.4,5,0,1,5,1
79.85,92.23,88.02,100.0,96.16,95.7,90.82,91.6,1,1,1,13,0
83.22,96.53,86.21,70.81,89.64,83.36,57.54,79.6,5,0,1,11,1
99.5,100.0,100.0,96.0,100.0,98.4,100.0,81.7,4,0,1,6,0
83.7,79.54,88.21,80.75,100.0,98.38,85.9,95.4,3,1,5,2,2
93.71,99.69,92.68,94.25,84.61,78.91,100.0,47.7,3,1,4,7,1
47.43,42.67,48.69,45.06,69.39,43.03,37.09,5.0,5,3,3,5,2
93.46,96.25,94.71,80.8,96.59,90.07,80.81,66.4,4,1,1,11,1
45.86,35.77,41.06,57.8,67.25,49.59,37.98,16.6,3,4,4,13,2
60.33,48.2,55.91,71.46,66.22,70.92,58.3,50.6,3,1,4,13,2
99.18,100.0,100.0,100.0,100.0,100.0,100.0,73.6,0,0,3,11,0
78.38,83.43,75.38,69.62,86.33,65.94,64.53,48.1,6,0,1,3,1
49.32,39.69,45.8,57.88,71.69,53.15,48.34,7.1,7,0,8,12,2
95.77,100.0,96.04,80.77,82.98,79.09,78.71,86.9,2,0,4,3,1
53.98,48.9,52.26,39.3,60.06,52.19,52.03,5.0,3,1,1,13,2
99.5,100.0,99.08,96.25,100.0,100.0,100.0,109.8,2,0,2,13,0
67.11,60.26,61.63,80.48,73.16,95.85,72.88,82.7,1,1,4,10,1
56.15,41.98,58.43,74.97,85.09,64.69,68.51,45.8,3,0,0,5,2
99.5,100.0,89.35,100.0,100.0,100.0,100.0,112.8,1,0,3,10,0
68.66,72.09,72.37,73.11,77.55,78.84,56.26,70.1,5,1,4,11,2
77.44,99.3,88.19,77.4,90.85,90.58,83.77,78.6,1,1,2,12,0
81.41,81.36,81.83,87.58,100.0,74.78,54.32,64.7,3,1,3,3,1
54.87,56.18,56.61,65.42,76.4,62.17,63.6,30.9,2,4,5,2,2
95.87,93.3,97.57,75.29,93.54,81.68,91.02,88.3,4,2,1,7,1
98.72,100.0,97.23,79.52,92.33,85.84,86.25,71.2,2,0,1,2,0
99.5,100.0,98.36,100.0,100.0,100.0,100.0,100.0,1,0,0,13,0
98.21,96.48,96.42,92.69,98.64,94.0,95.51,96.6,2,0,0,2,0
99.5,100.0,100.0,100.0,100.0,100.0,100.0,94.2,0,0,0,2,0
77.14,81.16,80.86,91.43,95.31,91.23,100.0,102.3,2,1,5,5,2
75.67,86.41,75.69,84.74,91.59,79.6,79.01,65.4,2,0,1,12,1
79.88,82.6,80.82,81.8,90.3,92.32,82.65,76.9,5,0,4,8,1
67.58,63.01,63.55,67.04,85.6,67.11,65.77,43.7,3,0,5,5,2
46.65,42.04,41.31,81.13,84.43,73.41,83.09,69.9,6,4,3,13,2
59.56,50.58,54.42,61.2,62.78,48.84,43.15,13.0,1,1,4,2,2
97.65,100.0,94.23,94.87,100.0,95.35,92.15,85.5,1,1,1,12,0
52.72,35.49,39.13,36.74,53.38,41.24,23.7,5.0,8,2,4,2,2
51.01,48.49,50.56,52.62,60.24,29.39,34.84,50.7,13,2,4,5,2
61.23,57.53,63.76,79.98,77.88,75.55,87.24,36.9,6,1,2,12,2
85.99,93.35,87.73,77.85,88.38,84.07,84.08,83.7,3,3,2,12,1
63.31,66.44,68.36,77.35,90.07,93.53,89.78,50.3,1,1,3,2,1
75.19,68.2,75.79,88.84,94.1,97.48,81.11,56.4,0,3,5,3,2
79.0,78.14,75.36,68.0,72.19,77.21,52.67,52.0,2,4,3,8,2
56.09,66.66,56.97,50.13,75.91,47.68,34.02,5.0,6,5,5,2,2
93.48,100.0,90.39,80.95,98.85,86.57,89.08,65.0,0,0,3,4,0
99.5,100.0,100.0,100.0,99.99,100.0,96.19,94.6,2,1,2,8,0
51.54,49.15,52.83,61.07,67.64,49.09,60.41,36.6,5,1,7,11,2
71.01,77.83,73.74,89.52,88.74,77.6,72.59,55.5,2,0,2,3,1
77.37,76.39,74.05,92.92,89.57,84.15,90.76,56.3,3,1,2,4,1
34.31,31.18,32.94,67.62,81.96,62.24,52.69,39.1,8,5,7,8,2
36.05,36.73,39.22,47.99,53.9,58.52,32.69,19.3,1,2,5,7,2
63.76,65.36,66.87,92.08,92.27,93.52,80.12,84.0,2,3,4,10,2
61.59,66.09,65.49,59.06,67.3,52.4,63.88,9.9,5,1,2,10,2
92.03,83.47,90.16,76.01,81.31,73.6,72.94,48.2,4,0,0,11,1
99.5,100.0,100.0,85.79,97.27,77.29,76.83,66.2,1,0,0,13,0
68.21,60.76,61.58,64.96,66.74,58.67,36.02,28.4,3,2,8,9,2
97.28,100.0,96.0,96.87,99.13,100.0,92.65,90.5,4,0,1,12,0
85.35,81.1,80.11,74.73,79.19,72.82,73.8,52.7,1,0,1,5,1
45.76,46.8,44.64,58.39,62.47,76.59,75.97,56.5,3,2,5,9,2
89.2,78.77,91.2,95.49,94.99,91.76,100.0,96.8,2,0,2,2,0
81.63,70.32,74.39,71.47,90.23,76.23,61.66,22.2,4,0,1,11,1
99.5,100.0,96.82,100.0,100.0,100.0,100.0,107.4,0,0,1,7,0
62.34,54.67,52.7,54.06,65.31,55.39,47.15,32.0,6,0,3,7,2
81.94,87.0,86.5,100.0,99.39,89.0,94.57,87.2,0,1,1,4,0
53.18,50.17,51.97,85.33,85.56,70.75,77.38,45.7,5,4,6,8,2
87.62,87.34,93.14,68.84,89.81,77.12,86.28,94.6,0,2,0,6,0
81.0,74.97,84.36,100.0,93.2,95.32,98.57,89.7,3,1,7,8,2
93.77,93.6,89.29,80.65,78.18,70.01,78.08,72.5,2,0,3,9,1
54.01,52.0,53.01,71.21,71.18,80.44,78.04,69.3,4,4,9,3,2
85.64,96.31,94.81,89.94,91.51,89.55,72.35,88.8,3,2,3,7,1
71.6,79.37,71.65,84.63,79.32,84.98,85.52,83.0,3,1,3,7,1
42.73,16.43,36.7,49.77,70.8,66.4,49.3,29.3,11,3,6,12,2
79.98,78.13,69.36,97.3,92.55,92.79,82.26,76.7,0,1,1,2,0
67.3,79.78,71.84,73.49,85.65,78.8,54.73,48.3,1,3,3,7,2
88.85,100.0,90.61,98.18,100.0,100.0,100.0,99.2,1,0,2,3,0
74.75,79.84,80.97,92.14,80.64,76.06,81.7,62.9,1,1,1,4,1
64.19,55.28,59.32,60.75,65.06,52.63,65.05,24.0,5,1,6,7,2
99.5,100.0,100.0,85.54,95.27,86.06,71.23,45.5,2,1,4,5,1
89.92,85.47,90.35,100.0,100.0,92.93,100.0,103.8,1,0,1,12,0
53.65,44.19,47.07,56.41,68.86,53.87,57.97,16.7,4,3,3,3,2
94.69,100.0,100.0,95.28,87.77,91.89,82.34,77.2,3,1,1,10,0
81.58,88.83,86.55,91.88,91.52,80.73,90.0,63.1,5,1,3,3,1
94.09,95.99,88.81,73.24,85.65,66.52,60.26,41.0,5,1,2,8,1
43.12,42.87,45.15,62.73,55.21,64.14,71.96,25.5,3,5,7,12,2
89.68,96.79,90.53,95.15,99.61,99.52,94.57,102.5,2,0,0,4,0
90.36,96.09,94.43,100.0,100.0,100.0,99.53,79.9,0,0,4,6,0
38.92,45.37,42.42,51.98,75.59,60.02,53.66,32.9,7,8,6,3,2
57.88,62.37,63.67,42.79,63.38,20.46,29.69,10.7,7,1,4,10,2
76.53,79.28,81.4,97.5,82.3,87.37,76.96,66.4,3,2,4,7,2
97.06,96.79,93.86,100.0,100.0,100.0,100.0,94.4,2,0,4,4,0
78.42,76.23,75.56,74.82,88.62,63.63,71.12,47.2,4,1,3,5,2
55.3,51.21,52.77,66.48,61.85,43.7,50.28,18.9,7,5,6,8,2
86.94,70.06,84.82,72.36,88.66,77.16,60.13,34.7,2,1,6,6,2
52.25,58.18,52.92,61.45,65.16,64.04,58.26,30.3,3,2,7,6,2
61.71,55.17,60.54,67.83,75.37,65.1,70.02,18.5,3,2,6,5,2
76.52,72.93,78.81,79.31,81.96,87.46,85.79,67.5,1,3,5,7,2
84.63,79.28,82.82,62.73,80.89,56.14,57.26,51.4,3,1,1,12,1
41.94,39.12,47.82,74.29,73.93,73.47,70.04,58.8,4,3,4,5,2
86.75,88.13,85.13,68.88,96.59,81.05,76.34,66.4,3,0,3,12,1
31.07,33.39,34.13,72.42,65.12,60.12,55.78,35.0,5,2,4,5,2
40.58,49.76,45.67,77.67,86.73,74.93,75.54,47.9,3,5,6,11,2
63.76,71.82,67.35,81.44,87.93,86.12,83.01,64.1,1,3,5,13,2
98.0,94.78,88.26,87.29,95.35,100.0,73.11,91.5,4,0,0,8,0
96.97,99.38,96.8,85.32,92.02,68.88,87.85,82.6,2,0,1,3,0
56.74,57.1,49.92,69.12,75.57,76.42,64.72,59.8,3,2,6,4,2
99.43,100.0,97.67,82.47,90.61,80.58,71.85,86.8,2,0,0,5,0
46.43,41.07,44.1,35.32,58.4,30.74,19.37,17.9,5,0,5,13,2
83.05,88.25,94.25,98.46,92.84,96.16,84.51,72.6,2,2,4,9,1
46.04,42.3,47.64,51.21,79.26,62.69,42.06,28.1,4,0,4,5,2
61.38,64.59,58.48,63.68,75.18,64.0,51.81,43.3,2,5,4,3,2
88.38,90.18,89.87,80.44,98.02,86.53,91.86,75.2,3,0,3,6,1
77.54,87.98,83.2,94.77,97.76,82.22,84.41,87.5,2,1,1,10,1
71.27,76.68,73.73,72.17,80.16,63.06,56.28,51.8,3,2,2,8,2
58.73,64.9,61.15,60.51,62.06,50.37,40.89,34.7,7,3,0,13,2
87.56,94.2,87.86,90.7,100.0,99.66,100.0,100.8,1,0,3,5,0
36.35,45.21,41.16,77.63,70.92,72.16,63.04,26.8,1,1,4,12,2
53.34,44.35,50.97,41.77,62.22,34.42,42.47,12.3,6,2,4,3,2
85.43,90.44,90.05,80.52,100.0,82.51,81.14,83.5,3,0,3,8,1
99.5,100.0,100.0,84.16,100.0,88.56,72.99,76.6,1,0,1,13,0
89.73,84.63,91.02,84.93,87.77,86.35,67.14,72.6,4,0,3,8,1
97.91,95.89,97.57,80.18,92.18,73.5,65.28,53.1,5,0,1,5,1
99.5,100.0,99.04,91.29,100.0,90.9,92.45,96.9,2,0,1,6,0
93.86,100.0,99.16,100.0,100.0,100.0,100.0,105.1,3,0,3,10,0
65.79,57.98,59.54,53.71,76.37,65.9,52.16,27.9,2,2,4,4,2
88.74,96.72,81.88,93.02,95.57,90.3,100.0,103.9,1,0,2,7,0
42.95,37.54,33.94,52.85,60.65,46.05,59.17,19.1,5,3,4,4,2
99.5,100.0,92.19,100.0,100.0,94.88,88.58,91.3,1,0,1,3,0
90.86,94.47,94.48,86.43,88.9,80.52,79.21,74.8,4,2,6,12,2
94.18,88.42,92.52,68.92,86.01,63.8,70.15,55.6,2,1,0,12,1
25.78,10.06,22.96,38.94,47.59,30.5,31.07,15.4,3,4,9,5,2
81.32,75.84,81.31,78.24,92.86,90.59,85.84,106.2,2,2,1,9,1
97.52,91.27,99.3,92.71,100.0,100.0,100.0,79.1,0,0,3,2,0
84.5,77.37,86.31,62.32,63.4,71.09,67.37,33.0,3,1,2,11,1
39.67,39.41,43.35,50.74,73.91,60.01,58.38,27.0,4,2,1,8,2
99.1,100.0,100.0,94.35,99.76,78.67,84.75,65.6,2,0,4,11,0
89.43,95.79,98.4,100.0,100.0,100.0,100.0,71.8,1,0,4,8,0
84.27,82.36,91.87,86.29,83.68,83.08,52.3,48.2,3,2,2,7,1
78.74,92.98,84.45,69.51,86.21,69.68,70.05,75.3,5,1,4,3,2
45.57,41.27,50.08,54.98,60.37,58.73,50.93,10.8,3,1,3,7,2
87.26,85.9,84.41,90.61,90.26,82.06,74.14,81.6,0,2,5,10,2
72.72,67.88,68.77,90.52,87.23,93.86,92.84,65.2,3,1,3,11,1
97.27,100.0,100.0,100.0,100.0,100.0,76.65,87.5,1,0,5,12,2
80.83,75.61,79.25,87.7,93.17,95.06,78.66,78.8,3,3,3,2,2
69.84,64.13,61.01,78.0,75.66,68.59,71.57,48.5,3,0,3,11,2
81.83,71.64,73.16,59.53,78.76,52.48,30.98,27.5,6,0,0,9,2
64.04,59.39,59.18,56.97,66.37,51.23,51.0,48.8,2,2,6,3,2
33.44,27.21,26.38,31.29,52.29,48.4,41.29,5.0,5,2,9,11,2
54.05,54.13,56.22,64.16,73.6,79.22,68.02,51.6,3,0,2,2,2
59.1,45.46,50.46,43.59,55.82,34.71,16.24,5.0,7,0,4,11,2
52.09,38.0,45.62,68.22,66.62,60.92,62.09,56.6,6,4,1,12,2
93.34,100.0,93.44,85.06,91.92,89.65,72.03,76.5,0,2,6,4,2
68.42,72.96,64.69,73.04,87.22,89.49,84.71,61.6,3,2,7,9,2
99.5,100.0,94.42,96.69,100.0,90.64,93.5,77.0,3,0,2,9,0
59.74,52.17,60.51,65.95,75.57,73.4,46.68,45.4,3,2,6,10,2
85.3,89.17,88.08,87.84,100.0,89.68,93.39,75.2,1,0,3,5,0
36.35,31.15,21.58,37.19,49.98,8.25,8.58,5.0,9,3,6,12,2
94.27,79.78,86.22,92.5,87.82,86.74,81.19,60.0,3,1,3,9,1
72.47,79.81,78.83,74.57,97.54,78.8,91.53,66.7,3,0,4,6,1
99.5,100.0,100.0,100.0,98.41,100.0,91.55,71.3,2,0,2,7,0
99.5,100.0,100.0,94.51,90.1,100.0,87.0,95.7,2,1,1,11,0
99.5,100.0,98.66,100.0,100.0,79.27,87.31,92.9,1,1,6,12,2
30.99,21.02,28.7,45.81,60.91,41.67,36.25,22.3,3,4,12,12,2
59.24,36.63,47.12,71.42,86.7,58.53,74.51,54.9,0,2,6,7,2
56.09,45.95,46.05,84.1,77.74,71.51,69.83,44.9,5,4,4,12,2
88.29,89.41,90.17,88.12,94.0,69.18,62.69,84.6,3,4,4,3,2
85.06,100.0,89.17,97.0,100.0,75.76,90.18,63.6,4,0,7,11,2
86.46,85.6,96.79,70.85,87.58,75.93,75.21,42.1,3,0,4,13,1
61.89,73.25,63.86,81.01,81.31,76.45,70.29,35.2,2,3,7,10,2
33.63,10.2,23.04,56.42,57.7,61.4,23.41,24.9,3,3,8,4,2
97.88,100.0,99.01,97.23,100.0,92.89,87.88,105.4,0,0,2,7,0
59.7,63.67,64.97,59.21,70.28,52.21,51.8,46.9,6,1,4,12,2
98.75,100.0,100.0,98.67,100.0,100.0,100.0,114.9,1,1,4,6,0
36.59,18.93,23.24,68.33,76.76,68.3,55.79,30.9,3,2,4,11,2
81.18,81.0,86.34,89.16,100.0,100.0,87.13,92.6,1,1,3,4,1
81.25,89.18,83.61,100.0,100.0,100.0,100.0,73.7,0,0,3,10,0
28.09,17.24,13.25,64.54,56.5,54.21,41.99,7.5,7,5,6,4,2
86.55,98.66,91.16,92.44,100.0,88.5,82.41,86.7,3,0,1,11,0
90.79,93.63,87.79,78.88,92.17,94.94,75.07,65.9,1,0,0,2,0
87.32,79.76,89.18,90.35,100.0,84.12,96.33,73.6,3,1,5,2,2
85.75,89.05,88.39,78.79,71.84,73.39,67.15,45.4,3,0,1,9,1
74.15,79.08,80.33,65.62,85.93,64.22,83.37,52.5,2,0,3,11,1
36.66,21.7,35.75,54.02,66.21,52.15,39.78,14.0,5,3,6,7,2
54.41,44.22,48.71,62.75,62.74,69.62,40.59,55.1,5,1,6,8,2
73.82,68.54,72.81,65.24,76.57,78.58,73.19,76.5,2,2,4,2,2
75.23,88.23,84.72,99.84,81.56,80.62,86.57,61.8,1,2,3,11,1
95.59,100.0,98.15,100.0,100.0,89.84,84.46,102.7,3,0,0,6,0
89.59,73.44,80.16,76.13,84.19,86.74,80.17,75.8,1,1,4,4,1
99.5,91.77,100.0,74.89,95.63,73.02,72.24,57.7,1,0,0,13,0
28.25,31.44,29.56,68.52,72.59,62.69,70.35,21.2,1,4,10,11,2
38.94,35.21,34.37,76.38,67.88,61.71,69.03,69.4,6,3,9,11,2
71.65,60.77,75.18,78.96,80.72,69.99,57.05,28.7,1,2,6,8,2
62.87,55.28,52.37,57.11,70.35,65.72,45.09,6.5,4,3,4,3,2
92.79,100.0,92.86,80.75,83.04,90.49,100.0,82.6,4,1,2,4,1
66.0,82.48,69.96,76.05,77.46,83.37,76.96,48.1,4,0,1,5,1
66.28,67.47,70.24,81.57,86.94,74.9,79.46,82.4,2,1,6,6,2
94.57,100.0,95.23,100.0,100.0,90.07,94.66,60.2,2,0,6,9,2
99.5,100.0,96.95,89.87,89.2,88.31,91.15,66.3,2,0,0,2,0
84.22,92.54,91.56,100.0,98.95,96.86,100.0,90.6,3,0,1,3,0
47.79,30.83,44.47,34.09,43.0,25.71,39.0,15.5,3,2,5,11,2
66.62,73.0,67.89,61.51,71.14,51.05,61.49,19.2,1,2,6,4,2
45.18,35.54,42.45,46.55,65.4,46.29,59.2,16.5,9,4,8,3,2
77.22,73.39,71.26,93.93,83.7,89.15,86.08,35.7,3,3,3,6,2
89.22,79.0,84.42,64.63,70.67,63.7,45.86,29.9,5,0,4,13,2
82.43,89.47,84.83,83.71,83.09,68.62,95.36,34.6,5,1,2,11,1
99.5,100.0,94.51,100.0,100.0,100.0,100.0,111.9,2,0,0,11,0
93.07,100.0,89.09,100.0,100.0,90.05,95.19,91.9,1,0,3,11,0
84.5,89.67,84.87,85.36,98.51,82.16,67.54,80.0,2,1,0,5,0
35.88,29.17,37.55,26.36,34.5,13.6,15.87,5.0,6,4,8,12,2
63.29,65.09,66.29,88.26,91.15,94.42,86.35,84.3,2,1,9,11,2
75.52,71.6,71.63,71.85,90.5,85.74,66.31,41.3,2,1,4,7,1
91.85,94.38,100.0,88.48,95.7,72.78,81.51,65.9,2,0,0,2,0
90.0,83.31,83.17,86.28,84.13,92.07,81.75,70.9,3,1,2,6,1
70.48,76.6,75.01,85.41,85.77,88.07,84.21,66.1,1,1,4,7,1
84.06,100.0,88.0,100.0,100.0,100.0,100.0,118.1,2,0,2,8,0
30.57,15.09,29.54,37.0,51.65,15.4,19.16,5.0,3,2,5,6,2
63.05,64.34,63.09,51.58,75.89,69.86,60.26,61.8,6,3,4,5,2
76.1,77.2,75.56,68.43,86.06,68.37,66.8,55.5,4,2,5,12,2
99.5,100.0,100.0,92.03,90.63,97.38,100.0,61.3,0,0,1,6,0
93.05,100.0,95.03,94.78,90.24,90.35,87.34,75.1,3,0,0,11,0
67.9,65.8,70.06,52.55,59.41,54.02,33.23,5.0,10,2,3,10,2
94.9,98.96,96.0,79.43,96.68,85.78,76.94,87.3,2,0,1,11,0
99.5,100.0,89.18,90.16,100.0,100.0,92.02,68.6,1,0,3,3,0
91.85,94.53,100.0,89.83,97.11,95.74,72.91,66.8,3,0,3,4,1
63.18,55.93,62.5,56.73,63.63,44.16,48.83,51.3,3,4,3,11,2
65.63,58.45,61.66,70.5,82.17,61.74,46.3,45.0,2,3,4,12,2
60.56,60.02,65.81,66.81,86.32,70.89,65.13,21.7,3,1,5,9,2
89.56,98.07,88.93,75.71,92.79,82.81,75.72,62.9,4,0,3,4,1
72.41,67.46,66.88,81.44,98.14,89.43,71.44,67.4,2,0,4,3,1
60.17,48.4,50.04,47.86,74.11,70.52,57.28,52.2,4,2,6,9,2
90.17,87.08,88.19,91.17,91.61,99.52,89.75,95.1,3,1,4,6,1
71.25,72.1,68.93,42.62,60.22,47.97,41.48,22.2,3,4,5,11,2
63.14,66.21,63.15,69.82,82.97,66.42,67.34,48.9,6,1,3,9,2
43.03,46.9,38.62,41.89,57.51,37.2,48.09,5.0,4,4,6,13,2
99.5,100.0,96.95,96.07,99.88,100.0,84.15,97.1,0,0,1,4,0
99.5,90.17,97.77,73.72,93.01,71.03,79.34,38.8,2,0,0,2,0
75.6,90.85,86.86,93.43,90.46,93.41,73.62,86.7,3,3,2,12,1
85.73,80.06,83.75,55.32,76.37,61.29,75.78,40.1,1,0,3,2,1
81.48,87.89,81.92,74.53,80.18,82.69,65.0,101.1,5,1,0,13,1
70.13,63.58,70.16,82.83,94.34,93.48,88.67,58.9,3,1,5,11,2
97.79,100.0,100.0,94.98,95.36,92.44,100.0,102.5,3,2,2,3,1
64.39,56.66,65.94,59.01,56.73,57.52,37.86,5.0,2,3,4,11,2
97.85,94.3,98.55,95.29,100.0,100.0,100.0,121.6,0,0,2,12,0
74.52,87.7,76.52,75.04,85.59,76.92,59.56,36.1,3,5,3,4,2
93.19,93.94,93.26,98.63,100.0,100.0,100.0,100.8,0,1,3,2,0
67.43,63.8,67.02,97.71,94.31,86.38,77.6,81.1,0,1,8,9,2
69.39,66.08,58.32,76.12,89.64,76.92,70.29,75.3,2,2,2,10,2
99.5,83.42,93.5,70.56,89.18,75.07,71.55,63.9,2,1,3,12,1
51.77,44.87,56.05,57.79,68.35,52.36,56.75,27.9,1,2,5,11,2
93.97,90.42,90.06,91.64,97.38,81.93,70.08,74.8,4,0,0,4,0
99.5,100.0,92.43,99.12,95.91,96.0,91.26,85.0,1,0,4,12,0
68.6,73.02,67.61,79.14,85.72,86.54,76.25,43.0,1,0,3,12,1
25.19,8.0,15.85,47.39,47.12,38.56,44.22,5.0,6,2,8,3,2
79.14,80.46,84.05,95.57,99.04,93.48,100.0,104.8,2,0,5,2,2
99.5,100.0,100.0,94.15,97.61,90.31,71.44,77.7,2,0,2,12,0
12.0,8.0,11.1,33.99,44.04,15.07,5.0,5.0,7,7,8,9,2
53.7,65.44,54.75,96.84,83.94,96.21,80.79,79.6,1,2,9,11,2
23.11,9.9,13.25,46.48,61.19,38.89,45.35,5.0,5,3,6,12,2
45.71,35.34,45.89,60.71,63.4,62.7,70.59,37.4,5,2,12,7,2
69.55,65.4,70.87,75.63,80.51,72.81,66.38,50.2,1,1,7,7,2
99.5,100.0,100.0,90.12,100.0,82.86,79.52,71.1,3,0,1,9,0
26.81,9.88,18.26,59.69,58.61,50.41,44.28,35.6,4,7,5,3,2
99.5,100.0,100.0,77.31,90.81,72.69,74.99,61.8,7,1,0,5,1
46.23,51.9,49.08,47.74,84.89,58.01,64.62,27.9,7,3,4,7,2
94.32,98.99,93.24,100.0,100.0,100.0,100.0,114.2,0,0,0,4,0
51.03,57.7,45.35,68.52,75.61,59.03,56.57,53.9,3,4,5,12,2
65.44,73.41,66.41,88.19,82.07,89.32,70.55,53.7,4,5,4,10,2
94.2,91.03,90.9,76.27,88.83,99.62,83.7,59.1,1,2,3,8,1
54.65,43.66,46.19,63.58,69.11,61.79,68.68,31.2,5,2,5,11,2
87.01,88.8,89.48,85.73,86.61,83.87,86.49,61.0,4,1,1,5,1
70.62,69.78,67.53,66.6,74.11,64.9,64.55,30.5,4,3,8,4,2
75.59,77.15,72.38,100.0,91.43,85.45,85.99,90.8,1,2,3,5,1
79.8,88.52,79.45,87.91,97.56,100.0,81.47,101.3,2,2,7,12,2
91.59,93.08,86.48,100.0,100.0,95.91,95.17,120.8,2,0,1,5,0
96.25,91.04,91.98,97.4,81.82,86.93,70.83,62.7,2,1,0,5,0
99.5,100.0,97.51,95.52,100.0,100.0,100.0,102.7,1,0,2,10,0
65.1,62.7,63.21,53.98,72.8,65.45,61.74,23.5,5,3,5,11,2
81.11,90.67,86.27,73.8,96.15,77.13,76.62,51.5,4,2,3,6,1
56.47,56.82,62.73,62.8,70.52,66.92,52.08,25.3,7,1,7,5,2
80.97,87.02,87.31,86.52,79.95,78.21,72.71,73.6,4,0,1,7,1
89.45,94.32,85.05,100.0,100.0,100.0,100.0,93.5,2,0,2,11,0
82.46,79.46,84.9,70.79,88.29,61.5,73.56,65.3,1,1,3,4,1
71.48,64.48,73.15,62.02,77.03,53.35,57.47,53.8,2,2,1,12,2
32.76,27.91,33.95,50.04,63.08,37.87,34.26,24.2,8,3,6,3,2
85.87,90.92,85.98,92.58,99.81,87.61,93.42,81.9,1,1,2,10,0
75.97,78.21,82.68,73.72,93.88,75.67,79.26,50.4,5,0,4,3,2
99.5,100.0,96.1,100.0,100.0,100.0,100.0,90.2,0,0,3,3,0
95.48,100.0,100.0,94.16,97.72,100.0,100.0,62.1,1,1,7,3,2
94.83,100.0,100.0,93.35,91.86,92.73,85.57,73.9,1,0,3,2,0
91.91,95.34,95.21,78.58,86.14,85.71,89.84,50.7,1,0,4,10,0
72.25,77.58,67.08,65.59,88.96,78.55,71.57,71.5,9,0,4,2,2
49.0,48.59,49.65,58.11,72.13,64.67,59.18,44.9,7,3,8,7,2
99.48,100.0,100.0,75.32,82.41,85.79,90.65,66.0,2,2,2,12,1
67.52,73.54,70.0,84.08,75.77,84.76,73.39,72.2,5,1,5,8,2
77.04,75.68,76.2,61.4,65.87,65.83,67.03,32.2,6,0,9,8,2
49.35,37.71,43.43,69.66,75.64,58.5,77.35,38.2,4,7,3,12,2
65.03,63.21,62.23,84.38,83.76,74.35,93.76,47.3,1,2,2,11,1
99.5,100.0,99.31,100.0,100.0,100.0,88.35,95.9,1,0,0,5,0
83.94,92.24,91.89,76.25,83.05,84.3,72.04,49.8,4,2,4,11,2
90.3,93.61,88.75,95.7,94.54,93.76,100.0,68.4,3,0,2,3,0
57.67,61.15,60.56,69.61,72.45,67.25,71.7,55.3,3,3,4,6,2
99.5,100.0,88.93,100.0,100.0,95.45,100.0,82.6,1,0,1,12,0
71.19,82.91,73.54,66.68,84.3,67.47,76.3,19.2,3,0,5,5,2
91.9,95.38,96.08,91.12,100.0,90.49,90.75,66.9,2,0,2,10,0
87.05,92.21,93.03,85.63,100.0,84.2,100.0,82.8,3,3,4,10,1
40.01,29.13,31.42,54.86,68.77,46.84,41.85,5.0,5,3,8,2,2
63.13,58.33,62.44,58.34,66.98,64.67,56.3,35.2,3,3,3,11,2
99.5,85.3,97.22,97.54,100.0,100.0,93.8,78.3,1,1,1,12,0
48.77,41.24,42.67,39.63,45.93,43.34,39.16,5.0,1,2,6,5,2
31.19,28.86,23.6,42.39,46.42,38.05,27.7,5.0,6,2,3,13,2
91.39,100.0,89.24,100.0,100.0,89.03,77.79,74.9,2,0,2,10,0
76.28,73.12,68.67,45.85,65.92,41.52,25.86,8.3,8,2,2,7,2
50.24,42.31,50.04,46.34,68.23,54.41,34.03,37.3,3,1,4,5,2
67.48,61.46,65.56,82.0,89.76,69.44,55.9,65.1,3,3,5,8,2
97.29,97.5,95.61,100.0,96.92,99.59,92.96,87.6,1,0,1,2,0
70.33,58.7,62.31,81.03,82.49,75.4,67.65,57.0,5,0,2,5,2
39.23,27.81,39.26,37.4,54.91,28.07,29.63,5.0,4,5,3,12,2
60.09,41.63,52.18,42.32,56.52,39.32,34.33,5.0,2,4,5,3,2
60.02,50.38,57.58,57.46,64.46,57.5,34.93,32.5,9,2,4,3,2
41.95,41.53,38.1,79.89,78.68,81.54,71.19,61.0,2,3,9,2,2
59.82,59.06,54.76,57.42,74.04,65.96,73.92,35.4,2,2,5,8,2
65.72,47.9,62.94,62.22,68.03,53.67,56.24,39.0,10,0,4,11,2
86.67,82.34,85.31,63.72,78.97,77.02,67.21,44.6,3,4,3,8,2
59.53,65.02,62.24,83.98,80.27,82.32,75.44,59.3,0,5,8,12,2
99.5,100.0,100.0,100.0,99.03,98.64,100.0,107.6,1,0,2,8,0
91.05,95.95,96.81,100.0,97.66,92.44,86.0,112.2,1,0,3,8,0
99.5,100.0,100.0,83.83,95.67,76.35,87.38,48.7,3,0,1,2,0
88.48,96.31,86.93,69.51,84.16,84.76,67.26,65.7,3,0,2,2,1
95.63,100.0,96.2,94.57,100.0,100.0,90.95,109.0,3,1,4,3,1
56.46,65.2,55.6,74.18,82.36,65.11,68.36,57.4,3,3,2,3,2
88.4,89.52,89.49,100.0,100.0,93.21,92.53,78.7,5,0,2,13,1
70.78,67.9,68.08,92.08,95.2,90.57,100.0,115.1,1,2,2,9,1
61.67,67.96,62.76,63.74,76.82,71.5,50.6,63.1,2,0,4,7,2
53.95,53.17,52.7,63.44,67.19,39.09,52.74,20.3,3,4,4,6,2
99.5,100.0,98.53,100.0,100.0,100.0,100.0,81.1,0,0,1,4,0
99.5,100.0,100.0,93.53,100.0,97.41,96.37,92.5,1,0,3,8,0
67.03,87.16,66.89,91.46,86.68,97.29,81.03,88.6,0,0,3,4,0
65.42,52.41,59.82,79.37,76.15,49.57,57.13,40.1,1,1,7,9,2
24.31,15.85,15.06,45.0,65.7,50.19,42.35,23.3,4,4,6,6,2
88.6,90.17,89.81,82.67,99.55,88.72,100.0,81.1,5,1,3,8,1
72.62,82.77,70.77,73.71,88.8,79.51,81.22,61.3,2,1,2,2,1
99.5,100.0,99.39,100.0,100.0,100.0,100.0,109.5,0,0,0,4,0
89.69,100.0,90.64,82.45,93.74,79.71,92.98,53.3,1,0,3,9,0
36.98,36.97,41.24,63.64,65.82,67.47,66.69,60.2,2,3,9,9,2
97.51,100.0,92.47,100.0,100.0,83.02,96.81,77.3,2,0,2,13,0
89.81,98.93,87.81,96.98,100.0,92.65,87.09,97.0,2,1,1,10,0
79.58,87.04,77.79,100.0,95.71,98.28,90.01,102.9,4,0,5,4,2
64.98,66.87,67.15,72.46,75.16,79.69,66.83,44.0,3,3,8,11,2
53.89,50.38,53.34,49.45,61.09,40.53,37.32,28.1,8,2,3,8,2
70.63,72.03,69.92,60.91,69.28,51.16,62.56,49.2,6,2,3,9,2
92.78,100.0,98.02,100.0,100.0,100.0,100.0,89.1,2,0,1,8,0
60.16,63.94,52.46,94.25,95.1,85.26,87.02,81.2,1,1,2,11,1
80.2,80.74,79.36,67.66,90.87,70.29,72.19,43.3,5,2,4,5,2
79.12,77.52,78.37,100.0,92.24,96.57,99.04,82.8,0,2,4,10,1
40.1,45.36,42.74,69.65,63.11,65.58,66.25,38.0,6,2,5,8,2
62.52,77.97,68.59,89.13,82.51,78.77,74.61,76.0,5,2,4,5,2
99.24,90.7,96.93,100.0,81.95,100.0,97.08,86.5,2,0,1,2,0
57.5,57.01,59.04,57.09,74.01,50.99,37.08,40.3,11,0,3,12,2
99.5,100.0,100.0,93.54,98.4,98.58,88.04,90.1,2,0,0,12,0
99.5,100.0,100.0,97.47,100.0,97.61,91.19,104.9,3,0,1,11,0
51.69,58.28,48.11,77.06,74.04,79.13,87.46,81.0,4,2,6,12,2
51.96,50.69,54.78,70.85,76.28,74.37,74.21,51.4,4,1,7,13,2
88.99,90.45,88.89,64.96,83.86,58.12,66.33,38.5,5,0,2,3,1
89.06,84.86,85.12,72.08,92.63,75.56,57.93,47.1,8,3,5,11,2
53.83,66.94,52.96,80.57,80.28,82.63,77.36,69.9,4,5,6,13,2
40.92,37.58,38.42,67.83,72.83,68.15,70.47,67.2,4,2,7,11,2
37.08,24.8,33.15,48.75,58.08,54.96,46.54,6.9,2,4,8,4,2
99.5,100.0,100.0,100.0,100.0,97.08,92.38,88.2,1,0,4,3,0
87.64,84.17,81.86,86.55,100.0,82.05,79.04,73.4,1,1,0,5,0
40.48,36.9,37.39,58.26,78.5,48.91,66.78,35.5,3,0,11,9,2
66.55,81.96,70.37,84.87,91.43,84.81,73.18,69.0,5,4,4,11,2
79.26,86.21,79.57,90.75,94.35,96.46,84.09,89.3,1,1,2,13,0
96.7,88.51,87.44,88.63,98.69,84.74,62.2,53.9,2,0,0,10,0
99.5,100.0,95.38,86.37,99.77,89.22,88.17,70.4,1,0,0,9,0
49.19,52.72,49.27,68.25,71.89,62.02,53.04,71.0,5,4,4,12,2
99.5,100.0,100.0,87.64,95.51,85.78,82.11,70.2,3,0,2,10,0
70.77,78.09,72.57,99.32,83.43,87.9,86.5,88.4,3,1,5,5,2
51.59,40.84,42.67,34.41,67.57,50.81,58.81,25.5,4,2,4,6,2
45.78,35.68,40.84,44.74,57.67,47.61,40.54,9.4,5,2,2,8,2
93.33,100.0,90.85,100.0,98.77,99.44,98.98,111.0,2,1,7,13,2
84.25,99.27,92.88,75.9,89.78,89.5,97.15,85.7,4,2,4,13,1
54.03,50.75,58.72,74.25,79.28,85.22,73.26,52.4,1,2,4,12,2
83.38,87.34,85.21,78.21,84.72,97.09,90.33,60.5,3,3,2,13,1
73.51,82.85,79.7,80.05,87.76,72.46,85.79,65.8,5,0,3,2,1
37.16,32.19,32.36,53.6,60.79,56.4,42.42,38.9,5,1,3,9,2
98.21,100.0,99.76,100.0,100.0,100.0,86.14,105.5,2,0,1,11,0
42.72,31.31,38.08,55.63,72.41,49.56,44.45,25.3,6,5,6,5,2
97.43,100.0,100.0,91.56,95.14,100.0,88.94,101.7,3,0,1,6,0
99.5,98.06,96.39,88.6,96.77,91.85,81.04,65.3,0,0,0,7,0
92.54,82.13,88.06,86.69,87.54,84.73,74.5,78.8,3,1,4,5,1
99.5,100.0,95.08,100.0,100.0,100.0,100.0,112.3,0,0,2,12,0
93.21,98.78,97.68,91.14,84.57,78.4,81.36,69.1,3,1,3,11,1
88.26,92.77,87.21,81.33,87.48,80.99,60.3,88.2,3,1,0,11,1
99.5,100.0,98.19,89.66,97.4,100.0,100.0,96.9,0,1,1,6,0
63.93,65.47,60.71,67.46,84.53,62.73,66.96,21.0,8,4,8,3,2
94.58,91.26,92.32,62.43,84.91,66.9,54.06,57.6,2,1,2,3,1
57.73,39.62,53.46,45.51,63.77,53.31,53.2,68.4,2,3,4,8,2
46.58,31.38,41.98,46.79,63.28,39.59,60.14,5.0,7,3,5,2,2
85.2,100.0,95.68,100.0,100.0,100.0,100.0,105.8,1,2,3,3,0
84.23,82.45,80.68,100.0,87.78,93.91,90.15,79.8,1,0,2,7,0
52.5,45.69,49.69,48.39,60.84,35.48,31.17,28.5,5,2,2,13,2
40.56,31.36,41.41,39.46,54.17,38.3,21.25,5.0,2,3,3,12,2
60.61,50.16,52.64,77.85,89.43,75.76,70.87,59.7,5,2,4,12,2
56.69,52.93,59.83,49.62,57.92,51.38,47.44,5.0,9,4,1,2,2
88.32,100.0,98.63,79.06,91.7,82.35,66.99,73.0,2,0,2,4,0
71.96,73.46,67.9,77.13,79.21,79.92,78.16,60.5,4,1,4,7,2
80.22,76.3,88.26,60.97,77.64,66.98,74.33,74.3,3,2,2,10,2
91.39,82.45,86.68,70.87,83.47,64.41,70.17,70.7,1,0,2,12,1
67.92,61.8,58.63,51.45,80.81,53.51,61.22,26.4,7,1,6,9,2
67.47,68.51,63.26,68.59,81.73,67.43,55.67,53.2,2,2,6,5,2
78.91,80.15,78.55,80.22,94.16,79.17,84.32,79.1,3,2,5,9,2
69.57,71.58,68.48,92.53,90.33,93.84,97.57,70.6,2,1,4,12,1
88.2,96.34,87.93,82.15,81.07,78.29,66.21,47.2,0,2,4,3,1
84.58,88.25,80.81,93.01,100.0,91.8,86.55,79.8,1,1,4,7,1
91.85,92.06,86.1,67.78,100.0,84.73,95.53,45.0,3,0,4,6,1
64.0,66.15,71.22,76.15,86.41,83.73,79.78,66.2,1,2,6,11,2
77.16,89.9,83.22,92.25,100.0,75.25,75.11,88.1,4,1,6,9,2
99.5,100.0,100.0,100.0,98.48,94.4,94.59,92.1,3,0,0,12,0
92.06,91.39,87.86,89.82,100.0,99.76,100.0,99.6,0,0,5,13,2
88.68,100.0,91.2,99.74,100.0,100.0,86.69,100.9,2,0,2,3,0
37.27,27.29,29.22,52.38,57.29,37.07,38.89,18.7,6,5,6,8,2
81.51,88.18,81.86,74.82,89.82,87.77,86.59,40.5,3,1,4,2,1
36.31,9.85,30.32,31.41,44.91,27.7,21.69,5.0,2,3,3,5,2
90.17,94.61,89.94,93.74,90.78,99.61,94.42,81.5,3,1,3,3,1
72.75,69.9,71.07,81.78,93.82,74.08,57.62,49.3,3,3,0,5,2
79.63,74.93,74.99,81.99,87.24,82.95,96.08,60.4,2,0,6,6,2
99.5,95.1,100.0,83.7,100.0,100.0,67.01,68.7,3,1,1,6,0
39.6,33.45,34.83,54.83,55.75,57.26,39.67,32.5,3,6,4,12,2
41.69,28.45,41.56,72.61,65.02,54.81,53.39,30.4,2,3,6,9,2
35.09,8.0,23.24,55.35,56.16,45.45,45.36,9.3,8,4,3,8,2
81.26,74.55,88.4,92.25,88.92,76.85,65.43,83.7,3,1,7,5,2
87.54,81.48,90.03,87.33,97.22,77.16,92.98,62.3,1,0,1,10,0
62.04,62.72,62.08,71.88,78.05,72.38,62.96,58.4,6,2,5,13,2
88.67,82.85,86.74,79.98,100.0,87.02,88.59,83.5,2,1,2,5,1
84.29,82.17,88.97,64.38,82.19,61.21,39.13,30.2,6,0,3,3,2
86.88,86.51,88.04,100.0,100.0,100.0,87.39,64.3,1,0,2,2,0
80.64,86.91,85.42,68.06,83.12,74.52,79.24,52.8,2,1,7,2,2
41.02,41.43,49.63,71.64,63.86,63.95,75.04,43.8,3,2,4,8,2
62.58,58.06,61.69,58.95,70.36,72.25,61.42,56.3,3,1,5,12,2
99.5,100.0,91.29,92.78,100.0,100.0,93.26,80.4,2,0,1,10,0
70.4,78.97,74.34,91.45,87.73,82.34,76.82,84.3,1,1,3,10,1
99.5,100.0,100.0,88.0,90.9,75.64,73.75,87.9,3,0,1,6,0
95.68,99.96,98.56,85.86,92.7,88.62,76.35,62.1,3,0,1,2,0
99.5,89.34,91.01,100.0,100.0,95.19,88.83,93.3,4,0,1,4,0
83.35,83.42,83.04,88.51,95.41,81.0,75.18,93.6,3,0,4,7,1
69.46,60.8,72.11,67.66,77.47,64.66,63.61,28.3,3,1,4,13,2
12.31,11.67,10.0,43.12,46.19,31.05,28.61,5.0,6,1,7,11,2
80.15,72.46,70.35,58.96,68.59,58.33,60.58,31.6,4,3,4,6,2
72.85,70.44,68.59,87.03,82.87,91.43,74.15,54.6,6,0,4,10,2
81.5,90.63,89.55,93.11,94.49,100.0,89.25,64.7,3,0,3,13,1
72.05,56.49,57.94,68.01,61.69,51.87,52.59,26.2,9,2,4,8,2
94.85,95.93,95.74,86.38,94.64,81.43,73.57,51.6,5,0,1,10,1
57.47,40.13,52.87,67.33,74.79,70.66,46.77,34.6,6,2,8,7,2
71.87,65.81,69.57,69.34,75.37,57.59,69.22,51.3,4,0,1,3,2
75.79,78.14,70.76,100.0,96.17,91.12,100.0,107.6,3,0,3,6,1
97.9,100.0,99.22,99.61,100.0,92.02,87.74,81.8,4,0,2,3,0
97.57,100.0,94.14,86.98,100.0,100.0,99.75,84.4,0,0,1,12,0
52.08,37.41,47.09,49.57,54.01,24.52,28.78,5.0,6,1,2,3,2
50.32,43.93,44.33,63.95,72.89,43.86,64.09,5.0,7,2,4,6,2
89.24,100.0,94.65,97.62,100.0,92.15,89.91,76.1,1,1,2,13,0
46.73,20.64,36.62,35.06,60.5,29.86,21.65,5.0,6,3,4,6,2
77.55,92.0,77.99,100.0,97.48,100.0,100.0,128.8,1,1,3,10,0
78.55,86.69,83.85,99.17,100.0,100.0,100.0,88.2,2,0,1,4,0
42.11,39.32,40.46,62.09,72.12,68.9,59.08,66.1,2,4,6,9,2
94.33,96.46,96.41,89.99,95.2,83.5,100.0,67.6,2,3,3,13,1
77.15,90.28,82.92,80.99,92.05,83.89,81.69,71.0,4,0,4,4,1
82.9,86.53,88.29,72.65,85.49,71.99,48.44,24.9,5,0,3,2,2
98.31,96.99,100.0,100.0,100.0,93.85,100.0,82.7,4,0,6,12,2
82.18,81.23,83.44,68.09,76.97,66.63,63.84,65.6,5,1,6,2,2
92.5,100.0,87.74,86.37,92.94,87.79,98.05,67.6,3,0,1,3,0
99.5,100.0,97.94,84.99,85.6,69.83,62.19,43.7,2,0,1,5,0
94.61,100.0,86.1,86.1,85.45,94.24,81.68,61.6,3,0,2,13,0
82.75,77.75,74.84,74.14,95.7,99.72,81.7,93.5,2,0,5,10,2
90.4,100.0,98.23,96.31,98.35,76.98,85.54,75.8,8,0,4,10,1
99.5,100.0,97.35,97.69,93.71,83.62,87.07,77.2,2,0,3,9,0
57.2,67.2,65.08,68.52,67.51,59.34,58.37,36.7,3,5,5,6,2
88.03,94.34,86.78,93.76,92.29,93.28,92.06,57.5,2,0,3,9,0
87.73,91.69,88.19,90.74,100.0,100.0,70.23,67.2,1,1,3,11,0
99.5,100.0,99.78,91.71,100.0,100.0,84.61,108.7,0,0,3,9,0
81.01,88.97,89.72,76.66,74.45,74.31,82.04,60.9,2,0,2,3,1
79.64,100.0,90.89,100.0,100.0,100.0,100.0,111.7,2,0,7,5,2
68.47,76.75,69.14,76.61,80.95,77.12,77.15,66.8,5,0,3,12,2
90.62,100.0,91.73,95.56,91.07,89.74,88.65,72.4,3,0,1,5,0
42.56,42.7,42.9,83.06,72.16,75.51,80.84,72.2,2,3,7,9,2
55.03,50.41,62.36,75.33,77.36,75.54,69.23,35.1,4,2,4,13,2
96.06,100.0,97.43,96.49,100.0,97.93,100.0,98.9,2,0,1,9,0
99.5,100.0,95.98,100.0,99.15,87.25,90.67,89.4,1,0,1,7,0
78.72,76.26,74.27,68.27,73.27,74.75,69.55,57.0,2,1,2,5,1
62.8,63.81,62.04,80.57,79.89,78.61,72.82,28.8,4,1,6,8,2
83.01,85.96,85.0,81.02,90.95,84.11,76.86,68.6,8,0,1,11,1
41.1,37.81,35.82,43.62,62.77,35.33,35.7,7.4,1,4,3,6,2
73.41,75.13,77.46,76.0,81.56,78.93,64.59,78.9,0,0,3,5,1
76.01,82.47,75.45,91.95,100.0,99.44,87.74,69.3,2,2,5,5,2
69.13,76.68,76.79,91.72,85.99,85.99,79.67,80.2,2,3,6,11,2
42.12,39.9,41.92,43.32,53.2,45.89,39.01,5.0,6,1,8,10,2
93.07,92.17,91.01,84.55,93.8,88.49,72.26,47.5,1,1,1,12,0
99.5,92.71,85.28,100.0,100.0,99.33,89.19,92.2,0,1,2,3,0
83.96,76.61,79.36,73.99,87.16,68.36,76.36,66.1,2,2,2,10,1
46.91,38.58,43.43,24.58,50.61,30.9,17.4,5.0,4,3,0,10,2
57.11,51.8,54.96,94.92,81.06,71.0,83.49,56.7,1,1,10,4,2
79.84,78.42,81.34,62.38,83.26,58.86,43.61,40.5,3,1,3,3,2
94.29,95.76,92.98,84.52,84.85,78.51,74.52,74.1,1,1,2,7,0
34.6,25.75,33.33,38.34,49.02,41.65,40.94,5.0,7,2,3,6,2
74.44,75.6,70.93,55.6,76.94,48.65,45.09,63.5,7,2,2,10,2
88.69,92.83,93.98,53.92,81.94,59.69,53.07,19.1,2,2,0,12,1
40.37,33.61,41.58,42.7,50.12,42.63,41.19,23.6,8,3,8,11,2
96.58,93.47,96.45,97.41,98.15,100.0,97.02,100.9,2,0,4,4,0
99.5,100.0,100.0,99.73,100.0,100.0,100.0,74.2,0,0,2,4,0
72.21,77.51,72.79,79.64,82.63,68.59,61.75,60.5,3,4,8,3,2
99.5,88.07,94.22,89.62,100.0,100.0,100.0,76.6,1,0,3,8,0
80.59,76.72,77.94,67.61,88.06,76.34,77.87,48.2,5,1,0,4,1
87.32,87.39,92.32,59.28,86.43,77.22,71.49,73.2,5,1,1,11,1
99.5,100.0,100.0,100.0,100.0,100.0,98.94,87.5,2,0,1,9,0
50.74,39.03,43.01,24.64,44.57,34.82,19.52,5.0,7,5,3,8,2
76.04,71.86,74.0,68.65,76.23,69.92,62.42,52.5,2,1,5,2,2
83.95,99.17,87.62,100.0,100.0,92.86,100.0,95.4,1,0,6,9,2
70.62,74.31,72.52,94.35,89.88,80.25,87.2,49.8,0,2,4,4,1
86.33,73.94,80.75,79.49,98.61,78.71,69.39,78.5,2,2,4,5,1
80.95,88.61,78.23,79.91,79.95,76.27,83.11,76.8,2,2,3,11,1
37.73,34.42,31.97,38.92,60.21,25.97,30.43,5.0,5,4,6,4,2
41.96,35.89,37.96,61.9,56.13,47.52,33.84,24.3,6,5,4,7,2
95.28,84.55,96.51,94.77,95.26,92.96,87.11,79.8,2,1,6,2,2
93.09,100.0,88.18,94.39,100.0,77.55,88.62,87.4,2,0,7,11,2
89.56,85.51,89.41,90.38,94.23,90.28,97.42,84.3,2,0,4,13,1
74.55,72.14,79.86,100.0,84.57,76.36,71.95,69.9,3,0,1,10,1
95.29,99.11,100.0,100.0,100.0,100.0,97.24,99.3,0,0,0,12,0
66.6,58.46,63.4,86.15,85.69,78.35,88.38,73.2,1,3,6,8,2
72.48,75.25,72.63,96.08,81.19,96.64,73.12,61.4,0,0,4,12,1
99.5,100.0,100.0,100.0,100.0,100.0,100.0,125.4,3,0,1,12,0
89.19,94.8,97.36,100.0,95.82,96.69,85.0,107.8,1,1,4,12,0
90.92,88.23,92.77,66.46,80.4,65.86,67.76,38.9,2,3,0,8,1
87.34,84.1,86.85,89.83,90.45,91.18,65.59,67.9,2,3,2,4,1
99.5,100.0,100.0,93.32,90.77,100.0,68.28,58.9,4,0,2,10,0
61.78,59.59,61.66,61.99,80.5,56.86,63.58,53.3,8,2,3,7,2
76.54,71.72,75.08,81.12,89.78,84.93,87.37,73.6,4,0,2,4,1
99.5,100.0,100.0,95.49,100.0,98.02,95.97,81.0,2,0,3,13,0
64.55,65.23,62.26,58.47,75.99,74.6,69.52,55.2,5,2,6,13,2
74.77,78.85,88.28,70.99,76.66,78.36,63.84,42.6,0,1,6,6,2
99.5,100.0,100.0,90.28,90.94,97.66,84.94,76.1,4,0,2,4,0
57.77,50.72,54.35,72.74,72.57,67.88,53.71,30.7,4,3,1,11,2
65.82,47.54,62.25,48.94,57.34,46.15,31.1,26.2,3,2,4,13,2
73.59,67.0,75.47,70.34,72.35,69.67,67.96,30.2,3,1,4,3,2
70.58,56.93,62.65,79.34,83.45,75.72,61.75,35.0,6,1,5,8,2
62.1,64.0,55.99,66.61,78.04,68.94,61.51,65.9,3,2,2,9,2
58.28,41.18,50.46,67.9,71.82,70.98,51.81,5.0,4,2,8,10,2
93.76,97.55,96.34,100.0,98.48,100.0,93.65,93.7,3,1,4,6,1
37.36,43.85,36.86,70.05,73.84,81.94,75.04,65.8,3,1,2,3,2
81.49,80.08,80.85,82.76,84.81,82.11,79.48,64.8,1,0,4,11,1
91.34,95.19,92.29,96.08,87.41,95.89,88.14,62.1,0,0,2,6,0
94.3,100.0,89.93,98.55,93.2,100.0,94.93,94.8,4,2,2,10,1
69.1,72.08,72.87,65.98,86.36,66.48,72.57,19.8,5,1,6,10,2
51.5,58.78,57.86,73.82,72.94,72.41,73.79,45.9,0,3,4,8,2
88.49,99.01,93.28,100.0,100.0,100.0,92.06,86.6,2,1,1,13,0
58.81,58.17,60.12,63.45,68.82,66.34,49.17,57.9,1,2,3,2,2
20.56,8.0,13.17,21.66,40.99,25.11,10.39,5.0,5,5,3,4,2
66.48,69.31,67.07,77.18,83.08,79.82,76.1,81.7,1,1,5,11,2
85.65,100.0,93.8,86.45,82.76,84.82,77.88,75.2,1,1,2,3,0
89.93,100.0,88.29,100.0,100.0,100.0,100.0,134.6,2,0,6,2,2
50.81,58.88,49.79,92.05,81.94,60.13,62.94,53.3,2,5,8,2,2
87.76,86.56,81.6,95.78,97.37,93.09,81.21,73.4,0,0,3,7,0
57.76,55.55,63.66,74.38,64.44,64.53,70.06,62.6,6,1,2,8,2
90.94,100.0,93.28,100.0,100.0,97.8,100.0,115.5,1,0,2,12,0
68.11,68.64,74.06,62.21,84.94,55.41,56.27,51.1,3,5,3,8,2
86.77,94.49,89.41,94.58,78.8,74.55,67.5,73.7,2,2,3,6,1
99.21,98.91,100.0,100.0,100.0,100.0,100.0,101.7,1,0,2,6,0
68.04,57.72,69.05,59.78,57.79,50.23,57.4,10.5,8,0,9,3,2
84.97,78.46,79.76,87.46,95.01,87.79,86.57,53.9,7,1,3,3,1
54.75,61.44,57.75,84.28,80.93,99.05,81.53,87.3,1,0,7,11,2
40.31,34.74,34.18,63.2,67.35,57.59,58.69,14.0,3,3,8,2,2
27.58,25.05,29.27,78.71,74.16,65.05,49.87,58.3,2,3,11,5,2
48.43,41.21,49.99,63.89,62.82,66.42,60.27,40.6,2,1,3,3,2
68.66,64.09,74.44,80.58,98.59,85.46,75.49,82.5,2,0,3,10,1
76.46,76.68,82.06,70.98,76.1,82.56,81.87,64.8,2,1,5,2,2
28.74,29.23,30.66,58.79,59.03,35.82,43.78,5.0,8,5,8,13,2
90.11,100.0,95.28,100.0,100.0,100.0,100.0,130.0,0,2,5,4,2
98.75,100.0,98.24,91.38,99.2,81.96,67.65,73.0,3,1,0,6,0
76.66,71.56,82.01,67.05,90.19,68.28,69.86,48.3,1,3,1,12,1
69.36,63.13,63.54,89.88,84.27,80.52,84.58,82.2,4,1,7,8,2
72.26,79.8,70.97,68.48,93.71,69.23,69.82,50.0,0,0,1,7,0
45.04,49.1,42.19,50.89,64.53,41.78,42.82,16.6,7,1,2,9,2
85.04,87.04,90.1,85.89,81.4,80.88,76.93,36.1,3,0,3,13,1
74.09,81.08,80.6,100.0,96.3,100.0,100.0,66.1,1,1,2,8,0
82.52,81.08,83.75,86.05,88.24,91.73,76.2,54.2,0,0,2,11,0
93.75,100.0,97.38,86.73,100.0,92.94,100.0,84.7,2,2,2,12,0
98.71,100.0,94.47,92.99,91.78,90.71,94.75,76.0,1,0,2,11,0
55.57,60.1,58.38,82.19,86.25,74.49,82.59,80.6,2,2,5,10,2
54.5,35.59,52.24,41.61,52.23,25.49,13.99,5.0,11,0,7,5,2
78.4,72.2,71.71,70.57,95.99,68.98,58.46,49.0,3,0,5,8,2
90.77,86.62,84.31,69.15,74.86,56.92,73.13,31.1,5,0,1,9,1
36.58,37.06,38.01,44.97,47.77,40.92,35.36,12.3,8,5,7,4,2
82.38,100.0,92.14,100.0,100.0,100.0,100.0,126.5,0,2,4,4,0
75.22,69.3,76.23,66.16,77.89,55.68,60.5,17.6,1,0,7,7,2
90.48,81.23,91.81,100.0,95.27,91.66,95.31,102.8,2,0,0,5,0
78.0,85.44,81.47,71.28,78.53,66.64,48.31,36.4,2,3,1,7,2
59.03,64.49,54.48,63.56,74.73,66.17,68.97,54.7,5,3,6,3,2
62.27,63.79,64.91,74.48,75.51,71.94,72.27,69.0,3,0,7,10,2
99.5,100.0,100.0,100.0,96.94,99.19,92.97,66.2,8,0,2,7,0
86.14,83.68,82.72,77.84,82.43,77.06,75.93,44.0,4,1,0,3,1
95.0,100.0,96.35,85.53,100.0,100.0,88.35,56.5,2,0,3,5,0
95.97,100.0,88.79,90.01,87.9,89.29,93.03,51.4,4,1,1,12,1
79.72,77.92,77.92,83.04,84.06,80.89,67.13,59.4,0,1,2,4,1
92.26,100.0,100.0,83.89,89.31,83.48,82.42,58.6,2,0,1,8,0
99.5,92.22,94.96,100.0,88.4,95.44,89.77,61.1,3,0,3,5,0
98.43,100.0,94.8,99.53,100.0,100.0,100.0,89.4,1,0,2,2,0
96.42,96.6,100.0,89.48,99.63,83.01,77.36,69.2,2,0,5,8,2
86.43,95.5,92.33,100.0,96.77,100.0,97.99,88.2,1,3,1,9,0
48.71,51.8,51.79,58.34,58.96,48.47,48.75,27.0,2,1,6,9,2
74.07,87.64,79.85,99.66,98.46,97.87,86.24,71.2,4,1,3,10,1
90.66,94.69,89.49,80.69,89.72,90.34,67.57,83.6,1,1,4,9,1
57.24,42.85,50.72,57.66,56.91,53.22,43.03,28.2,1,5,3,2,2
86.25,97.03,96.99,86.17,83.41,86.04,85.23,80.3,1,2,5,12,2
66.94,53.27,59.0,67.88,75.9,54.44,34.9,22.4,8,0,1,3,2
29.22,23.46,32.49,51.13,62.44,67.61,61.07,34.0,6,6,4,9,2
82.75,81.8,83.79,80.63,90.14,65.27,74.55,28.5,2,1,2,8,1
75.22,69.1,74.31,61.32,87.06,75.05,56.8,92.4,1,1,2,13,1
99.5,96.92,91.84,89.1,100.0,98.37,92.47,84.8,0,0,1,2,0
94.38,100.0,98.22,89.95,100.0,98.98,100.0,84.9,1,0,4,4,0
77.08,93.19,82.94,84.78,91.26,95.13,94.72,91.3,2,0,4,7,1
45.88,45.37,39.24,85.27,79.82,72.95,81.89,52.2,3,4,2,6,2
51.49,31.12,43.92,54.26,49.85,31.4,45.68,5.0,7,8,6,2,2
86.77,93.29,87.55,93.06,99.52,80.48,90.88,64.7,4,1,0,3,1
44.08,36.57,42.29,68.06,82.5,70.63,59.95,63.8,3,3,4,8,2
87.19,95.88,87.08,93.28,92.72,100.0,100.0,85.4,1,0,2,11,0
51.04,51.76,47.25,66.95,72.29,78.12,63.07,58.6,4,1,8,8,2
97.82,90.33,95.36,96.19,100.0,100.0,100.0,103.2,2,0,2,11,0
52.51,45.02,48.08,54.82,65.24,52.81,59.04,25.9,2,2,4,11,2
37.77,32.32,34.35,36.07,50.55,30.8,28.34,5.0,7,5,1,13,2
85.54,90.55,82.56,100.0,94.66,90.23,92.66,77.5,4,0,2,11,1
95.28,90.55,93.25,93.27,91.14,81.84,78.28,75.7,0,1,2,7,0
62.48,61.38,64.63,55.12,80.38,53.67,46.75,34.0,5,4,7,4,2
94.11,87.3,92.62,90.48,100.0,93.35,100.0,101.4,4,0,0,3,0
61.11,60.22,59.29,68.93,59.37,59.39,64.58,20.1,4,3,4,9,2
44.5,35.36,34.46,39.06,60.56,50.62,32.22,21.5,2,3,1,7,2
69.6,65.63,64.68,43.55,64.47,49.61,46.93,5.0,2,1,3,8,2
80.79,89.48,81.12,100.0,100.0,100.0,100.0,132.1,0,0,3,4,0
66.22,70.02,71.02,73.82,88.82,70.82,73.56,55.6,1,2,3,3,2
81.25,97.05,90.47,95.07,98.65,97.6,87.76,91.6,5,2,2,3,1
75.22,72.0,75.24,40.78,58.28,44.44,31.17,7.8,5,2,6,12,2
99.5,100.0,98.3,100.0,100.0,100.0,92.68,97.2,0,0,1,4,0
76.13,81.52,83.39,80.76,82.26,71.92,71.76,87.3,2,0,3,11,1
99.5,93.63,99.78,100.0,100.0,97.43,92.39,111.3,2,0,0,10,0
24.91,16.38,13.37,35.43,56.68,48.42,15.8,8.6,5,4,4,7,2
99.5,100.0,100.0,98.01,99.88,100.0,100.0,82.7,1,0,1,6,0
80.61,75.5,78.02,39.89,64.09,35.23,26.66,5.0,7,2,1,9,2
84.76,83.93,88.21,77.22,87.85,60.91,83.66,56.9,4,2,1,9,1
38.56,36.52,39.67,47.97,59.32,57.96,35.85,8.1,7,5,6,8,2
56.0,40.28,44.86,56.22,51.41,34.37,35.56,5.0,2,3,6,5,2
62.6,76.35,65.95,77.23,76.45,72.15,67.29,46.3,2,5,2,6,2
23.73,13.84,12.26,31.95,30.0,14.26,5.0,5.0,4,5,9,13,2
94.67,87.96,89.02,79.72,90.98,70.0,74.9,32.2,3,0,2,2,1
69.07,80.48,73.98,81.14,88.4,83.67,90.8,38.2,3,3,9,11,2
90.23,83.1,87.79,62.81,91.64,75.31,78.93,64.0,4,0,2,11,1
61.37,57.83,57.35,62.44,73.78,65.1,51.45,35.1,2,2,7,8,2
53.56,49.32,50.94,54.1,68.35,69.52,49.67,35.2,4,4,6,2,2
42.77,36.05,40.66,59.83,70.13,64.33,59.74,52.0,4,1,5,2,2
79.01,77.57,81.15,80.7,76.58,66.33,65.08,29.1,2,2,0,2,1
72.19,72.83,69.93,67.11,79.56,73.24,68.23,44.8,3,0,3,9,1
98.51,96.67,97.21,100.0,100.0,89.18,94.52,65.8,0,0,3,13,0
99.5,100.0,94.67,93.48,100.0,73.83,88.2,98.9,1,0,0,8,0
84.03,88.14,80.72,92.81,95.4,82.61,97.87,76.3,1,0,6,5,2
92.38,100.0,99.8,94.16,97.61,88.47,85.66,51.9,2,2,1,10,0
99.5,100.0,100.0,93.01,100.0,100.0,100.0,100.3,4,0,1,11,0
93.09,91.53,93.32,93.32,96.25,92.62,90.53,61.4,2,0,3,9,0
57.58,56.17,55.74,63.95,76.89,75.71,50.71,64.8,3,3,4,10,2
89.95,87.72,87.22,89.43,87.16,87.51,80.94,61.4,3,1,7,3,2
41.63,30.85,42.42,33.5,58.39,41.97,13.96,5.0,6,4,4,2,2
63.98,66.64,49.44,55.64,71.26,59.29,45.19,11.8,6,0,4,3,2
82.62,84.87,92.57,83.9,94.34,81.78,69.21,63.5,1,0,2,7,0
99.5,99.07,99.66,86.18,89.84,93.46,83.29,69.0,0,0,0,7,0
77.48,83.3,69.51,81.78,84.12,72.12,69.89,64.0,3,2,3,6,2
45.99,25.16,47.92,56.54,52.31,41.43,43.5,45.8,3,0,6,5,2
67.46,67.52,57.87,100.0,90.05,99.77,87.95,27.8,3,2,11,13,2
92.77,100.0,86.49,69.79,91.61,66.18,65.23,62.0,3,0,0,13,0
44.18,48.12,42.09,50.97,62.17,51.47,35.16,8.7,3,5,10,8,2
31.09,35.11,31.98,52.96,72.87,53.48,44.52,18.1,4,7,7,9,2
95.09,90.43,98.13,85.43,98.76,85.83,93.63,68.9,1,1,2,5,0
80.28,76.36,77.41,82.11,87.77,100.0,85.71,75.7,1,1,5,13,2
85.87,89.73,84.11,97.54,100.0,100.0,95.97,74.2,0,0,2,9,0
99.5,100.0,98.46,90.22,100.0,92.08,99.04,95.5,3,0,0,12,0
92.1,89.55,89.88,83.98,95.51,84.1,89.02,65.8,4,1,4,12,1
58.67,43.12,58.51,54.27,68.09,64.65,65.19,64.0,6,3,5,13,2
50.44,54.22,56.1,61.25,67.03,56.13,60.67,50.1,8,3,6,12,2
64.7,64.3,62.13,50.98,70.5,39.13,39.79,31.4,5,1,2,12,2
58.22,55.33,55.74,75.01,80.09,84.84,61.26,98.0,5,4,1,5,2
75.42,82.23,70.57,86.33,91.68,72.02,76.77,55.7,5,0,6,6,2
65.08,72.08,70.27,63.18,77.72,64.2,82.98,65.2,1,3,4,8,2
58.64,42.07,52.14,82.25,85.67,75.21,77.51,37.3,3,2,2,12,2
40.03,41.37,42.09,60.58,69.94,74.67,50.46,42.4,3,4,4,2,2
31.62,23.56,31.08,47.18,48.74,39.42,22.5,21.0,8,3,9,3,2
96.99,83.2,97.97,97.6,97.34,100.0,79.13,95.0,2,1,2,5,0
81.46,93.02,84.3,92.44,98.59,89.7,84.59,65.8,1,2,6,3,2
99.5,100.0,99.91,77.03,96.54,91.41,86.37,82.5,4,0,2,12,0
80.56,73.56,84.17,92.57,97.29,96.34,86.42,75.4,1,0,3,8,0
53.32,45.53,49.66,37.82,55.16,24.68,28.12,5.0,8,2,3,9,2
99.5,100.0,99.33,100.0,95.29,98.0,90.38,82.5,1,0,2,4,0
82.87,84.83,94.17,61.89,88.5,68.72,51.51,45.0,1,1,3,10,1
66.72,53.59,61.55,73.14,78.51,81.13,84.18,65.3,3,2,4,3,2
82.86,85.6,90.84,98.43,89.72,90.82,92.88,100.0,0,0,2,10,0
99.5,95.93,95.91,93.26,100.0,96.03,85.1,91.3,4,0,0,5,0
85.79,87.14,84.49,77.67,88.06,72.2,74.4,67.5,2,0,3,13,1
67.78,59.8,56.72,84.57,92.06,98.16,81.64,90.9,2,2,2,12,1
86.01,79.68,86.05,80.37,94.06,85.28,68.51,68.9,2,0,1,7,0
91.28,100.0,97.46,79.65,97.01,85.3,81.86,59.8,1,0,7,10,2
66.37,77.02,70.78,83.58,75.05,89.69,81.08,64.4,3,0,4,4,1
94.74,100.0,98.58,100.0,99.9,100.0,91.18,99.2,2,2,4,9,1
50.49,56.6,56.31,47.83,65.04,34.89,43.46,41.7,2,1,4,2,2
80.01,69.07,69.93,86.0,91.44,92.24,80.19,77.1,4,0,2,8,1
86.78,86.91,87.11,71.88,89.34,76.37,67.49,70.6,5,2,2,2,2
68.22,70.7,75.8,82.96,92.37,77.57,66.05,72.7,3,0,6,13,2
44.69,37.14,40.69,63.29,67.37,56.12,52.29,38.5,9,0,6,8,2
68.67,53.9,57.55,65.7,75.91,71.22,61.3,48.7,3,3,0,12,2
88.51,100.0,97.2,100.0,100.0,97.9,100.0,94.6,0,2,6,13,2
24.7,21.53,24.09,51.31,57.75,37.36,33.67,5.0,6,3,5,7,2
75.63,66.2,71.94,55.82,72.62,59.61,47.51,35.6,7,2,2,12,2
97.65,100.0,96.91,86.62,99.43,80.78,72.07,44.1,1,0,0,11,0
99.5,100.0,100.0,82.04,90.98,93.38,75.41,103.1,3,0,2,10,0
67.38,77.74,69.12,100.0,90.52,100.0,89.83,84.4,0,3,5,9,2
93.49,83.67,95.54,64.23,78.44,60.09,54.69,21.0,4,0,5,10,2
85.78,91.83,88.42,100.0,99.37,99.01,86.51,91.6,3,0,2,12,0
66.31,73.54,73.11,91.27,100.0,97.99,85.48,76.1,0,4,9,10,2
93.36,89.06,95.31,54.25,84.64,56.0,51.51,43.5,4,0,4,6,2
30.05,8.0,16.95,50.42,58.35,41.0,43.24,5.0,5,5,12,12,2
92.1,98.71,96.53,90.1,92.57,93.78,81.99,74.8,0,0,5,10,2
17.82,14.9,15.63,52.7,63.48,54.62,55.82,47.1,4,8,3,7,2
98.14,98.94,100.0,100.0,98.03,100.0,95.37,96.6,0,2,2,3,0
99.5,100.0,99.45,100.0,100.0,100.0,100.0,98.1,1,0,1,2,0
50.34,45.15,40.84,50.86,64.03,49.89,39.74,16.1,4,1,4,13,2
59.76,59.26,62.73,68.88,71.7,60.58,31.37,33.4,4,2,6,6,2
70.05,59.69,57.19,45.03,72.44,43.03,52.73,5.0,7,1,2,10,2
73.44,59.04,68.54,78.53,80.71,73.6,75.83,29.1,3,0,4,3,2
85.28,74.57,88.79,88.18,87.96,72.22,65.98,72.1,4,0,2,13,1
58.31,59.04,64.2,50.62,70.2,57.41,55.58,31.1,6,4,9,6,2
66.67,55.95,64.2,69.92,69.37,55.48,53.75,33.7,0,4,2,8,2
99.5,100.0,97.64,100.0,100.0,100.0,100.0,106.5,0,0,0,5,0
64.37,72.47,67.2,76.31,81.85,75.98,68.91,81.9,1,3,7,6,2
68.13,48.1,64.72,63.81,67.47,59.16,52.35,43.1,2,1,5,3,2
50.21,41.45,43.72,90.5,95.04,100.0,82.92,76.7,6,2,10,5,2
82.8,89.32,86.95,81.97,84.44,83.8,77.24,47.2,4,2,3,12,1
88.96,90.88,86.29,72.19,86.87,72.77,79.22,67.7,4,0,1,5,1
62.18,45.46,54.7,52.89,65.42,67.99,65.89,35.1,4,0,4,6,2
77.29,77.08,75.32,84.31,85.99,87.43,92.9,67.0,5,2,4,2,2
56.34,53.2,56.8,56.05,72.25,54.9,51.14,48.7,6,2,6,7,2
87.18,85.32,88.67,100.0,91.58,100.0,95.02,76.1,3,1,3,4,1
87.67,82.33,94.26,76.94,91.9,96.7,95.1,77.5,2,0,2,7,0
75.8,62.13,70.0,75.57,87.09,84.68,80.5,59.4,2,1,6,13,2
93.01,100.0,96.96,97.69,96.3,88.63,90.19,95.3,1,0,1,7,0
93.87,100.0,100.0,91.35,91.22,85.8,73.43,58.2,4,0,3,7,1
67.9,73.93,70.09,82.26,83.47,75.68,68.23,53.1,3,0,6,11,2
80.48,87.07,83.38,57.21,84.41,64.71,53.86,61.3,4,0,1,13,1
51.55,58.06,56.46,57.09,66.48,66.24,63.18,58.4,6,4,1,3,2
90.96,87.5,86.94,100.0,100.0,100.0,97.95,92.2,1,0,1,6,0
86.86,98.51,92.09,89.64,94.88,90.79,89.12,76.8,0,3,3,3,1
84.74,84.79,81.51,65.34,80.99,69.45,70.86,54.4,5,0,0,7,1
98.22,100.0,97.62,76.03,92.79,73.36,80.02,67.6,3,0,0,4,0
94.31,100.0,100.0,100.0,93.43,100.0,100.0,91.8,4,0,2,6,0
81.91,85.3,82.62,95.89,97.87,86.46,98.04,78.1,1,1,3,2,1
41.17,39.1,41.27,77.0,76.87,72.05,76.97,104.4,5,4,8,9,2
26.59,20.0,13.5,63.82,73.69,70.18,43.53,49.2,2,3,9,10,2
63.09,63.18,64.89,71.75,88.57,58.42,67.66,60.9,1,1,6,6,2
90.0,92.85,98.99,83.17,88.59,84.52,74.95,53.7,5,2,1,8,1
87.33,100.0,88.75,100.0,100.0,100.0,100.0,99.5,0,0,5,8,2
99.5,100.0,100.0,91.92,100.0,100.0,100.0,86.0,1,0,1,6,0
97.44,100.0,95.93,100.0,100.0,100.0,100.0,109.9,0,0,3,4,0
86.85,90.35,81.56,98.91,91.21,94.99,73.19,65.1,2,1,3,10,1
90.3,88.41,87.83,96.53,100.0,96.04,85.56,68.5,1,0,2,11,0
99.5,93.14,94.35,100.0,100.0,100.0,81.26,89.2,4,1,3,7,1
89.6,91.91,90.94,90.56,100.0,81.23,69.21,56.6,2,0,2,10,0
76.49,99.01,83.84,92.11,98.96,93.39,91.58,54.8,3,0,4,9,1
66.35,80.54,67.75,100.0,98.58,100.0,95.48,85.3,0,1,7,4,2
99.5,100.0,100.0,100.0,100.0,100.0,96.16,91.9,4,0,2,7,0
60.28,63.8,66.31,83.89,87.15,69.82,79.27,41.4,4,0,5,9,2
63.43,81.45,72.87,83.18,72.1,69.97,57.5,27.1,2,0,3,11,1
61.41,63.73,63.0,67.86,81.65,80.04,76.18,44.5,3,2,2,3,2
71.69,63.82,68.39,74.27,76.74,69.2,68.43,52.1,2,1,4,3,2
86.17,82.83,87.24,54.65,78.76,58.88,56.52,35.9,5,0,0,12,1
45.34,44.93,42.98,54.58,61.95,41.48,52.55,13.0,4,2,1,2,2
95.37,100.0,100.0,85.64,99.99,92.84,91.39,66.6,0,0,4,5,0
99.5,100.0,94.56,98.89,96.03,83.73,88.53,76.7,0,0,1,9,0
88.66,93.28,83.44,93.62,82.26,89.91,80.83,78.0,3,1,4,10,1
99.36,83.62,95.83,83.06,93.44,81.24,72.39,59.8,4,0,3,6,1
94.31,100.0,92.18,90.44,100.0,100.0,78.99,108.6,1,0,5,10,2
99.37,100.0,96.59,82.81,97.5,70.58,94.66,66.9,1,0,3,12,0
70.05,67.33,64.86,52.35,63.36,38.21,65.73,38.9,6,0,2,5,2
99.5,97.94,100.0,96.03,100.0,90.03,87.85,95.8,2,0,4,7,0
95.85,100.0,94.24,88.41,92.38,97.25,88.28,54.9,3,0,0,11,0
99.5,96.97,100.0,94.8,94.59,99.66,100.0,97.9,3,0,0,13,0
96.1,96.92,99.48,89.7,100.0,100.0,100.0,113.6,1,0,10,13,2
88.69,91.76,90.92,100.0,87.1,100.0,90.16,92.0,4,0,4,3,1
90.69,100.0,100.0,92.31,97.15,96.28,100.0,71.7,5,1,1,11,1
99.5,100.0,95.95,88.42,96.45,89.86,100.0,75.2,5,1,4,7,1
73.03,77.19,75.13,76.86,73.24,74.87,66.7,44.6,2,3,5,4,2
27.08,30.12,19.08,67.84,65.39,60.92,56.9,55.0,1,3,4,11,2
84.82,77.8,80.04,86.17,84.09,80.97,78.45,88.4,3,0,0,3,1
67.61,49.96,55.63,59.56,64.47,49.91,48.55,18.7,4,3,2,8,2
55.48,48.86,56.61,67.73,64.93,52.93,60.54,28.7,4,1,3,11,2
51.23,55.39,57.85,47.87,74.26,55.2,58.71,19.8,4,2,5,6,2
71.31,74.69,71.51,68.63,74.21,55.85,47.86,34.5,3,3,2,12,2
41.23,29.42,45.88,40.36,60.57,38.68,33.47,50.8,3,3,4,2,2
48.37,30.97,38.38,35.03,41.7,30.73,18.34,5.0,5,6,8,2,2
75.71,82.23,73.44,69.97,77.8,63.35,71.96,19.0,5,0,1,4,1
67.3,71.59,66.77,79.62,80.97,86.69,81.08,60.0,4,0,4,13,2
95.91,84.23,93.0,88.83,91.08,98.34,72.82,77.1,5,0,1,4,1
82.09,77.13,83.99,66.5,94.74,87.76,70.67,75.7,4,0,1,2,1
96.49,100.0,100.0,88.53,95.11,92.81,99.19,75.5,2,0,0,5,0
81.79,73.51,77.29,72.25,84.74,74.92,58.6,66.9,0,2,6,5,2
82.63,79.79,86.04,85.84,87.94,86.48,78.74,82.6,2,0,2,2,1
79.3,78.83,77.05,99.65,99.93,100.0,100.0,109.8,2,1,8,11,2
63.02,66.66,76.04,76.43,77.15,66.87,68.19,37.3,3,2,7,10,2
35.13,24.42,35.36,41.05,55.43,34.7,29.21,5.0,4,2,7,10,2
91.4,100.0,86.61,89.6,98.48,91.24,67.91,78.3,1,0,0,2,0
87.88,88.3,86.09,92.56,84.17,78.95,91.21,97.5,4,0,3,12,1
70.05,68.24,66.34,64.67,92.99,69.88,78.99,32.2,6,0,3,12,2
47.89,46.51,55.84,69.05,53.02,74.9,44.94,48.1,2,6,8,9,2
41.08,26.96,31.99,42.28,52.05,40.98,31.63,5.0,8,2,6,4,2
45.59,30.51,30.86,67.41,65.44,64.32,65.51,57.6,0,1,0,11,2
52.23,48.77,54.98,78.08,64.16,69.76,72.68,25.7,3,4,8,9,2
67.79,62.23,54.18,79.29,80.12,82.31,55.23,65.3,6,1,3,13,2
86.02,88.81,85.69,92.32,100.0,87.65,80.38,84.4,0,0,3,12,0
85.95,85.72,89.12,85.96,94.74,88.28,86.26,77.5,4,1,1,11,1
64.36,67.26,63.95,66.54,69.99,73.62,66.44,62.1,2,2,4,7,2
41.93,33.02,44.29,44.59,59.79,46.97,40.11,30.8,4,4,2,7,2
89.57,86.68,90.1,90.2,100.0,100.0,99.63,113.9,0,0,2,2,0
58.83,52.76,52.92,66.63,72.35,64.22,57.89,34.3,7,2,6,3,2
99.25,98.2,99.77,100.0,100.0,100.0,99.27,86.7,0,1,4,11,0
90.95,100.0,100.0,88.72,93.34,89.97,77.54,72.7,4,1,3,2,1
86.14,91.29,89.13,88.7,99.36,97.46,86.98,65.5,1,1,2,7,0
79.84,89.69,85.75,93.25,98.38,90.68,89.71,52.7,2,1,5,7,2
50.27,48.29,51.44,67.19,72.43,67.83,48.14,39.5,6,2,5,5,2
97.04,100.0,95.34,90.86,85.13,82.81,91.37,62.9,6,1,4,6,1
59.28,45.23,47.35,48.52,69.38,46.95,49.73,39.1,5,1,4,7,2
50.17,43.59,49.28,69.41,68.05,72.78,71.0,55.4,4,1,3,7,2
91.76,100.0,100.0,84.37,95.17,89.19,80.4,93.2,4,0,3,8,1
99.5,98.89,100.0,92.48,92.27,95.55,83.78,90.0,4,0,0,5,0
30.98,23.47,22.81,56.42,68.44,71.32,62.54,55.4,3,6,10,2,2
94.67,99.85,98.4,100.0,100.0,100.0,100.0,91.7,0,0,5,6,2
53.98,63.06,61.27,61.51,67.42,60.98,45.92,36.5,2,1,5,9,2
84.18,100.0,95.03,77.26,98.19,84.24,90.11,104.0,4,1,2,13,1
75.84,86.64,82.49,100.0,94.96,100.0,100.0,98.9,2,3,6,6,2
80.63,83.85,82.96,76.37,87.75,79.96,84.11,75.8,3,1,5,10,2
93.26,100.0,93.34,100.0,94.85,95.16,98.18,79.4,1,0,3,11,0
99.5,99.74,98.93,75.09,82.51,53.41,45.25,5.0,5,1,0,5,1
34.48,30.56,37.06,62.4,62.82,55.55,55.31,16.4,5,3,8,3,2
83.08,86.21,80.97,100.0,88.03,98.02,96.79,111.4,2,0,2,6,0
87.96,90.85,85.6,100.0,100.0,98.18,100.0,93.1,2,0,3,3,0
92.37,97.45,97.24,85.26,92.42,86.34,77.3,76.1,4,2,0,11,1
87.93,91.82,91.0,97.94,88.41,78.37,75.89,91.7,2,2,8,6,2
53.12,62.26,62.52,69.19,78.65,68.5,36.74,37.2,4,5,5,4,2
88.32,89.43,92.45,70.29,91.84,83.83,100.0,63.6,1,0,0,4,0
85.2,83.75,82.52,93.42,89.07,100.0,87.73,79.0,1,2,2,13,1
63.0,43.63,61.91,47.87,62.84,42.9,29.92,5.0,9,3,3,7,2
99.5,98.04,100.0,90.07,96.78,98.67,78.24,78.0,2,0,4,12,0
99.5,94.25,100.0,100.0,100.0,84.26,85.65,62.3,1,0,0,12,0
60.23,69.11,62.28,71.17,79.15,71.38,69.26,21.2,4,3,4,10,2
39.08,27.04,36.64,48.65,60.08,35.46,23.43,11.0,8,2,5,13,2
75.54,73.24,72.67,78.9,90.59,90.65,80.26,67.2,3,1,5,12,2
99.5,100.0,91.29,100.0,100.0,100.0,100.0,97.6,1,0,0,8,0
71.85,86.14,84.65,69.09,91.23,61.61,75.12,65.6,1,1,4,5,1
79.41,75.17,74.44,62.66,84.09,71.3,67.7,52.2,5,1,0,11,1
85.55,79.46,81.11,84.74,89.95,78.4,69.41,52.1,3,1,4,12,1
99.5,100.0,97.31,100.0,100.0,100.0,100.0,124.6,0,0,3,13,0
87.16,71.97,88.79,76.64,82.61,61.73,58.21,64.9,2,0,0,8,1
99.5,100.0,100.0,100.0,100.0,100.0,89.83,112.3,0,0,1,3,0
91.59,100.0,97.45,100.0,100.0,100.0,99.71,106.8,1,0,2,9,0
85.07,83.17,88.35,80.9,84.35,78.41,71.39,63.5,2,1,2,11,1
99.5,97.85,100.0,100.0,100.0,98.04,78.31,87.4,0,0,3,6,0
89.12,100.0,94.28,93.59,94.44,100.0,92.03,101.9,4,0,1,2,0
31.53,11.06,24.64,41.07,53.19,25.32,28.08,17.7,5,2,6,5,2
68.56,58.77,70.97,74.5,74.21,58.96,51.95,28.3,4,2,2,11,2
52.81,47.54,46.1,47.27,64.39,52.86,34.65,16.7,2,1,1,7,2
33.29,31.68,29.28,56.51,51.43,37.01,38.13,33.0,5,6,7,2,2
81.48,78.77,83.18,66.14,86.31,71.33,67.43,43.9,3,1,6,6,2
88.52,89.17,90.22,73.94,82.42,71.39,72.73,52.0,4,1,5,6,2
81.77,88.35,83.02,89.48,84.03,75.02,91.65,58.6,2,3,7,7,2
99.5,100.0,100.0,88.15,100.0,97.61,100.0,93.0,2,0,1,13,0
90.33,86.6,84.3,82.52,83.55,83.17,78.33,58.0,3,0,0,12,0
86.88,81.98,85.34,75.77,84.85,61.11,55.9,42.8,1,1,3,9,1
79.83,82.91,82.24,90.25,88.61,100.0,90.23,75.7,3,0,3,5,1
82.41,90.34,83.91,85.98,88.59,78.94,82.28,67.2,2,1,2,11,1
85.92,100.0,88.71,99.67,99.26,100.0,98.34,89.0,2,1,10,7,2
86.93,87.92,86.18,87.98,95.49,97.1,75.58,70.5,2,2,3,4,1
72.09,79.25,81.27,84.68,91.14,77.95,61.16,74.0,4,0,8,4,2
87.59,73.87,80.94,93.18,92.52,77.03,82.17,73.6,0,3,4,4,1
59.13,61.75,61.79,92.11,84.75,91.86,77.59,81.2,1,0,4,9,1
74.62,63.79,68.17,25.05,64.1,39.24,8.69,5.0,5,1,3,3,2
75.32,79.79,79.96,54.69,84.58,49.6,49.0,15.4,5,1,4,11,2
74.31,76.08,79.38,96.18,99.45,92.91,75.23,74.7,0,0,6,11,2
99.5,89.85,95.16,67.6,82.96,68.96,76.71,52.3,8,0,0,5,1
80.52,85.12,85.1,82.13,91.71,82.36,99.23,73.0,2,1,5,5,2
79.61,67.43,74.54,68.43,88.55,74.5,68.46,42.7,2,2,0,8,1
68.94,53.3,63.19,52.94,52.7,34.42,27.84,5.0,10,1,2,13,2
95.92,99.72,99.18,96.9,100.0,78.33,74.06,63.5,5,1,4,4,1
99.5,87.76,96.31,93.81,100.0,100.0,100.0,68.0,1,0,1,7,0
40.15,29.91,37.22,30.88,59.34,30.32,24.34,5.0,8,3,5,11,2
91.01,100.0,88.54,95.9,98.83,100.0,91.46,98.0,1,0,5,8,2
87.02,77.19,78.34,75.57,87.98,68.26,63.04,44.1,2,5,2,8,2
99.5,100.0,92.77,100.0,100.0,91.33,95.18,101.5,1,0,2,11,0
82.2,82.82,76.83,62.0,67.59,51.1,45.28,34.5,5,1,2,9,2
74.28,82.22,79.14,78.91,97.54,95.49,60.56,52.1,5,3,3,8,2
94.72,98.9,94.9,89.61,100.0,85.62,74.97,73.5,3,0,2,12,0
43.0,33.45,36.84,36.92,61.62,42.43,48.27,5.0,7,3,4,4,2
60.63,68.47,70.82,57.04,72.85,59.93,56.73,51.8,1,0,6,6,2
40.16,34.11,42.67,58.38,54.38,46.09,42.71,6.2,11,0,2,2,2
99.5,99.56,93.16,100.0,100.0,100.0,88.18,83.9,1,0,3,3,0
90.3,95.09,88.65,91.48,85.54,88.19,88.66,114.1,3,0,3,13,1
49.98,42.77,43.45,46.97,58.15,52.35,47.07,19.3,5,2,3,8,2
85.92,78.7,83.42,55.48,68.54,58.72,59.43,42.7,5,1,4,8,2
51.92,37.92,41.44,76.53,72.41,78.97,62.61,49.2,2,2,4,8,2
62.38,64.39,60.42,75.18,83.36,67.64,79.74,70.3,2,0,2,8,1
84.58,95.66,90.46,100.0,97.38,100.0,100.0,102.7,1,3,3,9,1
66.53,71.76,67.98,68.33,80.32,73.97,76.84,64.6,3,2,5,11,2
43.88,35.49,35.45,53.42,64.4,50.22,27.74,5.0,6,3,3,13,2
92.38,97.78,94.83,90.65,89.57,100.0,93.75,82.4,3,0,3,13,0
86.1,84.89,86.16,78.45,99.11,86.11,99.06,72.1,1,1,1,13,0
65.76,65.85,66.65,47.65,66.36,46.89,39.74,10.7,5,2,2,5,2
68.41,61.26,60.06,81.61,83.04,79.0,77.1,83.5,2,1,4,8,2
63.42,60.24,66.14,86.43,83.7,83.96,88.21,76.5,4,1,3,7,2
72.5,60.74,66.04,50.47,70.03,57.07,44.89,5.0,3,2,4,2,2
64.38,65.44,60.18,86.18,91.04,79.91,87.25,75.8,3,2,5,2,2
99.5,100.0,99.97,82.27,96.44,93.76,96.64,81.6,2,0,2,12,0
99.5,95.77,100.0,100.0,94.06,95.37,89.27,91.9,1,0,0,2,0
89.94,92.37,93.25,83.44,79.9,69.99,74.66,63.2,4,4,2,4,2
72.38,73.33,77.89,74.87,83.2,70.5,63.41,41.7,2,0,7,9,2
66.99,54.33,59.64,61.2,71.52,54.95,37.0,47.0,5,2,6,7,2
58.64,57.78,51.84,80.02,90.89,80.62,63.78,20.8,3,1,5,11,2
65.54,63.27,63.37,93.73,83.85,87.01,94.73,52.5,1,0,7,12,2
75.88,81.96,66.88,88.19,97.62,95.09,98.39,67.9,0,1,1,12,0
52.62,45.76,46.68,48.61,67.23,38.48,48.08,25.6,4,5,4,8,2
78.79,95.8,83.91,100.0,98.14,99.06,94.13,75.9,4,2,3,12,1
56.41,43.3,49.46,53.63,61.54,43.74,29.2,14.7,8,2,4,2,2
37.9,37.52,39.79,85.66,75.36,68.71,90.27,49.0,5,4,11,6,2
77.93,70.02,74.84,53.59,69.4,43.27,40.72,12.4,6,0,1,5,2
84.67,100.0,92.29,100.0,97.97,99.9,96.25,90.0,2,1,4,8,1
73.4,69.14,72.91,72.63,88.32,80.05,61.5,58.9,2,0,4,2,1
72.15,66.9,64.22,84.66,78.32,74.67,72.19,93.9,4,0,0,5,1
84.73,78.65,84.82,94.45,79.44,72.1,64.33,57.3,4,0,2,12,1
48.24,36.7,41.7,51.13,72.04,40.84,45.31,17.3,3,5,0,9,2
37.99,27.39,34.82,57.34,53.51,53.7,46.2,13.8,4,4,5,7,2
73.46,69.65,73.86,75.31,93.89,94.67,87.39,41.2,5,0,5,9,2
74.65,76.51,72.18,80.02,69.77,73.95,65.45,73.0,3,2,5,12,2
79.29,76.53,75.48,100.0,96.71,94.15,88.68,96.3,3,3,2,6,1
28.03,18.11,24.39,17.56,37.15,12.91,5.0,5.0,9,2,13,7,2
82.03,83.84,80.79,81.99,94.82,81.68,75.73,64.3,6,0,1,7,1
99.5,100.0,100.0,87.2,89.5,76.31,74.39,55.5,4,0,1,8,0
48.77,47.61,48.37,59.41,60.35,46.48,51.53,5.0,4,2,8,12,2
87.29,93.91,85.16,75.29,91.01,97.06,85.64,73.7,2,0,4,10,1
68.79,83.99,82.9,92.19,78.81,63.64,63.5,51.1,2,1,5,6,2
90.42,98.74,94.98,87.48,95.89,85.39,98.87,86.6,5,0,2,9,1
30.28,16.26,24.8,23.2,41.79,20.83,18.66,5.0,6,2,5,5,2
40.37,30.29,42.61,51.07,68.63,71.11,56.39,36.2,4,5,2,13,2
72.81,87.07,79.46,81.55,85.18,84.78,81.66,64.7,3,2,1,4,1
82.85,78.91,81.03,89.26,94.85,81.49,80.0,103.2,2,1,3,13,1
79.54,78.62,72.79,100.0,95.77,100.0,100.0,113.7,1,2,4,8,1
61.16,55.65,49.9,82.89,75.58,93.92,83.28,58.5,1,3,3,6,2
68.23,61.5,70.56,72.56,80.32,78.3,55.05,68.1,3,2,4,8,2
30.89,26.21,30.31,58.99,63.34,55.47,53.85,32.8,6,4,9,12,2
79.28,82.38,79.65,87.08,89.52,99.14,100.0,61.8,1,1,2,11,0
74.55,82.95,77.18,79.65,92.72,96.73,83.15,96.6,1,2,5,2,2
62.13,56.74,61.31,79.53,81.76,87.04,82.37,64.1,1,1,7,2,2
60.73,52.75,60.24,79.54,75.36,79.86,62.53,41.1,3,0,4,5,2
68.62,67.82,65.21,62.59,80.26,66.25,66.74,41.3,5,1,3,11,2
96.39,94.13,96.3,89.33,100.0,94.38,91.37,84.7,1,0,2,12,0
96.69,92.74,97.29,100.0,95.19,100.0,92.84,86.5,1,0,4,7,0
32.6,18.42,25.21,69.7,62.79,64.02,63.32,53.4,5,3,7,9,2
79.72,84.27,72.55,86.17,98.95,100.0,94.77,105.9,1,2,9,11,2
84.69,83.45,81.14,77.9,78.31,83.89,77.35,46.1,3,1,1,3,1
38.46,29.86,29.98,49.59,54.33,35.41,46.48,5.0,4,2,7,5,2
99.5,100.0,100.0,98.96,100.0,100.0,100.0,89.3,1,0,1,7,0
75.91,74.06,71.36,46.72,70.99,57.02,58.73,19.3,3,0,6,7,2
99.5,100.0,95.7,98.42,98.38,95.44,96.58,72.9,5,0,1,5,0
63.75,68.45,62.94,57.36,65.82,58.93,55.35,5.4,3,1,3,6,2
62.36,73.1,69.78,89.77,86.1,86.66,86.06,80.5,1,1,6,8,2
67.41,58.8,67.65,53.8,73.54,55.55,43.6,17.6,4,5,3,12,2
99.5,100.0,96.47,100.0,100.0,96.01,88.05,73.3,1,0,4,9,0
55.53,67.42,58.24,62.99,85.6,67.18,59.53,69.6,5,0,8,2,2
41.96,47.52,43.37,42.06,62.73,28.37,30.97,5.0,5,3,9,7,2
88.94,99.4,98.48,94.11,92.26,84.82,89.47,54.9,2,0,1,11,0
87.21,89.34,79.81,73.14,94.53,70.63,69.63,72.1,3,0,2,2,1
97.68,97.84,92.06,69.14,79.09,71.34,63.08,42.1,7,0,3,8,1
45.45,47.63,56.0,33.75,68.04,33.28,32.77,5.0,6,2,4,4,2
63.74,54.83,65.07,70.76,96.88,81.38,70.0,46.8,5,1,5,8,2
70.69,78.39,67.65,71.31,82.68,66.88,76.26,82.9,3,1,2,13,1
55.05,54.63,67.43,67.32,72.72,73.63,65.83,58.6,5,5,6,10,2
61.64,53.51,61.1,84.24,82.89,76.51,65.72,52.3,1,1,1,4,1
70.03,62.82,67.75,73.6,91.47,78.2,76.72,75.9,5,0,3,8,2
99.5,92.38,100.0,94.28,97.58,100.0,84.34,82.0,2,0,0,6,0
68.89,71.62,66.43,71.17,83.95,74.02,72.88,48.5,5,2,5,2,2
93.17,100.0,93.82,100.0,100.0,100.0,100.0,105.5,0,1,2,10,0
34.49,27.38,32.09,57.25,60.04,66.76,71.88,28.2,3,2,7,8,2
83.38,84.66,85.89,100.0,100.0,100.0,100.0,99.4,1,1,3,9,0
81.82,95.96,88.54,100.0,97.0,99.97,98.31,105.0,0,0,5,12,2
71.37,76.71,74.22,88.16,85.18,96.58,85.55,64.1,1,1,1,7,1
84.35,95.11,86.85,69.49,95.72,76.29,78.57,55.6,2,0,1,13,0
37.68,26.84,34.97,66.12,67.21,55.22,59.29,26.7,6,2,3,7,2
43.36,42.28,44.03,50.43,66.86,57.47,28.24,32.1,6,3,7,3,2
62.6,76.24,67.74,68.56,85.27,71.13,84.68,70.6,3,2,2,2,2
92.91,87.13,89.66,88.0,87.6,69.73,83.22,45.8,2,0,4,8,1
72.55,78.14,72.6,100.0,100.0,100.0,100.0,95.1,0,0,5,5,2
87.73,85.66,81.09,73.39,98.05,84.7,81.86,48.2,1,1,5,5,2
99.5,100.0,100.0,100.0,100.0,100.0,100.0,118.0,0,0,3,7,0
97.02,100.0,100.0,100.0,100.0,100.0,100.0,107.8,1,0,2,9,0
99.5,100.0,100.0,100.0,100.0,100.0,100.0,124.1,0,0,2,5,0
50.09,65.13,51.17,63.56,63.25,56.3,51.27,60.9,7,7,6,2,2
89.81,95.53,89.99,94.95,95.56,98.78,95.82,55.0,1,1,2,12,0
98.56,97.61,97.92,91.9,100.0,91.76,92.47,44.0,2,1,1,2,0
33.74,33.09,34.92,34.26,43.72,13.15,6.59,5.0,4,8,15,6,2
66.84,69.48,64.76,91.07,92.3,74.88,74.62,69.8,1,2,8,11,2
64.32,61.73,70.27,81.28,88.72,75.65,78.57,44.1,2,1,3,9,1
72.1,70.92,75.18,73.03,91.25,84.29,69.88,72.1,2,2,3,7,2
72.2,85.93,78.14,65.61,84.12,60.31,65.87,47.5,6,4,6,13,2
71.46,64.24,69.93,77.76,86.94,77.86,79.71,37.4,1,3,3,2,2
77.86,88.25,80.92,80.48,90.15,78.56,70.71,70.3,0,1,3,12,1
55.49,50.57,50.89,88.66,89.47,66.76,77.6,70.7,4,2,2,5,2
93.05,93.61,83.62,99.0,98.15,100.0,98.64,84.7,2,0,2,4,0
99.5,100.0,100.0,88.28,100.0,100.0,100.0,71.7,0,0,3,8,0
97.33,100.0,98.58,82.71,85.09,86.51,86.85,55.2,0,0,3,8,0
98.65,87.53,99.16,80.77,95.08,72.02,78.44,68.2,2,1,0,5,0
59.31,55.11,60.04,69.93,76.9,67.16,71.93,79.2,2,4,3,8,2
96.85,100.0,97.93,93.91,88.1,77.25,87.48,80.4,2,0,2,13,0
99.5,100.0,100.0,87.93,100.0,85.43,87.58,63.1,2,0,0,3,0
99.5,100.0,96.75,100.0,100.0,100.0,99.26,100.5,1,0,1,11,0
31.09,14.47,20.0,51.43,65.58,48.95,41.76,7.5,6,3,8,12,2
90.49,94.66,88.12,95.06,96.61,80.63,71.01,74.2,0,1,3,7,0
65.32,73.89,64.74,90.6,92.37,77.33,69.23,74.5,2,5,3,11,2
33.4,32.05,32.11,71.34,67.13,56.0,37.65,17.6,1,4,11,10,2
87.97,100.0,95.68,93.01,96.2,97.83,85.45,97.7,3,0,2,3,0
83.17,79.39,84.47,65.25,85.44,81.66,54.89,69.4,2,2,1,11,1
83.27,80.34,76.09,100.0,88.31,100.0,99.04,77.0,1,0,5,13,2
99.5,100.0,100.0,100.0,95.02,100.0,100.0,88.9,4,1,3,5,1
63.09,62.77,63.53,68.01,77.51,69.2,62.66,63.4,6,2,6,12,2
51.2,41.46,50.3,58.49,58.12,52.62,56.72,25.6,1,1,6,9,2
96.41,97.34,98.82,91.88,94.22,86.65,95.22,65.9,0,0,4,13,0
71.86,75.64,66.6,68.73,77.25,60.27,45.52,13.6,3,1,4,12,2
88.71,87.93,89.21,93.97,98.86,92.14,76.9,82.6,1,0,3,3,0
84.19,71.1,85.1,53.46,82.91,54.97,55.83,19.8,2,1,2,3,1
80.18,78.17,74.67,49.36,59.24,47.6,26.31,17.5,6,1,3,10,2
66.22,71.93,64.69,75.57,90.21,83.31,81.98,60.0,0,1,3,7,1
71.71,65.62,61.44,66.29,82.09,88.88,81.92,89.0,2,1,4,11,2
99.5,100.0,97.89,87.87,95.33,81.72,71.97,79.7,5,1,1,4,1
72.12,66.39,64.06,77.29,92.04,80.43,85.13,69.8,1,1,4,3,1
59.96,50.72,53.0,54.61,82.05,60.27,54.55,50.1,4,1,2,3,2
61.77,54.31,59.92,79.68,92.72,79.2,81.85,50.7,7,1,4,12,2
80.26,83.89,84.9,100.0,100.0,98.1,95.2,83.8,3,3,4,2,1
85.75,97.7,82.53,100.0,98.71,100.0,100.0,116.0,0,1,4,8,0
76.56,77.69,75.15,75.16,84.17,70.24,70.54,77.0,5,1,6,9,2
88.03,91.02,88.23,100.0,100.0,100.0,100.0,121.5,1,1,2,9,0
74.45,78.2,75.36,78.38,85.07,84.9,84.54,51.2,3,2,4,12,2
89.16,97.91,95.69,98.87,100.0,100.0,92.4,70.2,3,3,4,5,1
77.74,84.41,83.48,75.0,86.39,70.2,66.62,62.1,0,2,3,9,1
84.93,92.09,91.19,100.0,98.97,100.0,81.97,67.4,3,0,2,5,0
33.05,23.84,30.52,21.44,35.82,21.5,13.11,5.0,8,2,10,6,2
76.82,79.02,76.66,69.59,86.76,68.71,75.95,62.4,2,2,4,6,2
74.83,66.27,69.54,82.81,83.27,62.23,58.7,31.9,8,0,3,9,2
91.24,96.53,95.66,92.26,99.84,98.4,85.8,104.2,2,0,1,12,0
88.56,96.17,88.08,72.0,80.48,70.64,61.43,70.0,2,1,3,8,1
56.55,60.9,54.86,55.59,68.73,45.3,41.43,49.0,4,4,6,11,2
44.45,21.7,37.8,64.99,65.52,57.25,53.59,31.9,3,3,4,10,2
64.5,66.57,68.28,68.84,79.19,72.7,37.56,64.6,5,5,3,4,2
59.84,55.64,58.25,79.48,66.65,61.62,77.64,50.4,6,2,8,12,2
94.34,97.36,98.03,74.93,82.41,74.91,67.93,65.5,2,1,1,3,1
53.09,37.29,46.01,38.08,64.18,50.04,40.82,35.4,5,3,1,13,2
83.7,84.16,83.28,86.83,96.15,86.93,94.48,66.5,3,3,5,11,2
67.44,53.38,63.56,66.68,86.55,63.4,75.47,55.1,3,3,6,10,2
62.9,59.64,58.52,71.02,82.65,78.01,59.27,51.3,3,2,4,5,2
48.35,46.63,50.57,44.45,55.75,52.16,52.66,28.0,6,2,4,9,2
77.12,84.18,78.84,86.68,88.33,91.73,76.44,65.3,2,2,2,12,1
88.45,100.0,92.13,87.66,82.91,84.43,77.67,70.9,2,0,0,8,0
32.63,21.66,28.82,51.08,56.04,43.25,50.47,24.7,4,0,7,9,2
96.03,95.14,99.02,88.03,94.23,100.0,87.1,97.3,1,0,3,7,0
99.5,100.0,90.87,76.77,94.39,93.24,78.31,104.0,0,0,2,3,0
99.5,87.28,89.79,65.98,86.18,73.02,83.13,78.3,3,0,1,13,1
86.48,89.34,91.67,82.91,100.0,83.16,54.71,53.2,4,0,3,13,1
96.95,100.0,100.0,67.95,90.1,83.74,84.48,47.4,4,1,2,9,1
82.55,68.03,75.27,85.91,87.16,87.16,71.75,86.8,4,0,6,12,2
70.19,58.98,66.2,68.87,73.52,55.02,59.29,59.1,5,4,3,10,2
55.51,46.24,54.38,82.29,90.42,66.25,63.47,29.9,4,1,5,11,2
94.3,100.0,100.0,94.62,100.0,100.0,93.83,92.2,5,0,1,9,0
40.56,33.56,36.22,78.41,69.06,57.78,55.25,16.6,0,6,6,9,2
89.02,89.36,94.42,80.26,89.01,78.24,76.21,75.1,4,2,3,12,1
40.42,21.34,35.44,50.24,60.78,39.51,32.21,29.4,9,2,4,8,2
99.5,100.0,96.0,99.46,100.0,96.77,100.0,95.0,0,0,2,8,0
69.7,61.94,64.32,67.44,86.63,64.09,58.08,44.5,1,2,5,3,2
72.1,74.39,77.81,96.45,100.0,91.0,91.99,73.5,3,1,4,13,1
66.88,61.46,70.48,68.42,76.6,56.08,58.27,46.3,4,2,4,5,2
92.82,100.0,95.35,76.22,93.97,82.92,84.68,82.7,5,1,4,3,1
63.62,65.17,68.61,54.79,64.08,56.38,57.8,48.9,3,0,3,7,2
93.94,84.91,91.93,97.91,100.0,90.56,89.52,85.3,2,0,1,5,0
45.56,50.46,47.16,56.22,73.64,64.25,42.2,23.5,2,6,3,12,2
64.71,69.39,67.25,61.37,68.77,67.34,64.47,18.7,4,2,5,3,2
91.89,95.04,87.51,88.25,92.16,77.1,77.42,57.5,4,2,5,9,2
24.5,23.16,22.9,49.44,50.19,42.93,23.59,5.0,3,5,11,9,2
52.44,59.86,53.16,75.62,77.13,58.34,53.2,67.8,5,2,6,6,2
99.13,100.0,100.0,95.24,100.0,100.0,98.72,112.1,2,0,2,3,0
72.4,63.73,70.1,75.7,85.23,75.12,76.73,84.0,2,1,3,9,1
81.95,94.99,85.96,100.0,97.84,100.0,92.61,114.0,0,0,3,11,0
96.17,96.94,100.0,97.76,100.0,99.96,100.0,110.4,0,0,3,8,0
49.87,49.09,43.53,54.25,77.78,62.68,46.76,13.6,2,2,2,11,2
23.11,8.0,13.56,44.25,46.22,29.02,22.21,5.0,5,3,6,6,2
45.65,48.49,51.79,58.02,59.91,59.14,65.05,50.0,4,5,6,6,2
66.17,57.25,65.35,56.67,82.92,68.1,58.6,39.6,3,1,4,13,2
85.48,84.03,78.59,78.78,90.94,76.27,66.19,54.1,1,1,4,5,1
66.69,61.83,65.71,63.97,67.94,77.27,43.92,13.6,4,1,0,2,2
59.78,46.28,49.58,70.7,69.88,60.22,59.43,48.3,2,2,4,7,2
94.14,100.0,94.67,88.27,94.19,99.41,81.91,76.1,1,1,2,11,0
59.64,68.79,64.95,70.9,78.47,73.51,61.98,23.3,3,0,3,10,2
57.04,51.11,54.65,57.53,69.44,54.52,65.78,37.4,6,5,5,11,2
72.82,74.63,73.23,100.0,97.92,97.64,100.0,95.0,1,1,6,13,2
99.5,100.0,96.4,81.73,90.69,91.94,76.99,70.6,2,0,4,3,0
32.39,22.37,33.2,42.37,58.8,46.41,40.24,30.8,4,2,4,11,2
32.76,25.17,31.86,51.19,53.69,42.64,30.0,5.0,5,6,8,4,2
21.04,8.92,13.22,40.64,56.47,32.84,24.51,5.0,4,6,4,11,2
68.77,61.26,66.4,73.52,84.48,74.58,62.36,42.3,4,1,4,10,2
93.23,100.0,94.56,95.56,100.0,100.0,93.99,95.5,2,0,2,5,0
91.41,92.56,89.65,86.55,99.46,84.38,78.81,55.7,1,1,3,11,0
71.67,86.42,77.85,86.29,87.13,72.97,82.71,58.4,1,1,3,12,1
85.74,82.99,91.38,63.91,76.21,60.78,63.02,50.0,4,1,0,2,1
69.34,63.1,63.5,62.34,70.99,53.74,49.09,38.0,4,1,4,5,2
68.43,68.78,70.81,77.94,92.54,78.74,76.22,60.9,6,5,5,6,2
85.58,89.73,90.58,99.42,100.0,100.0,93.16,102.2,3,1,1,2,0
63.04,61.31,64.34,76.18,74.43,66.37,66.63,49.3,1,3,5,8,2
92.18,96.17,97.35,89.81,91.9,88.85,86.45,64.2,5,0,2,6,1
99.5,95.19,97.59,81.24,97.68,90.59,86.29,68.9,2,0,0,4,0
72.5,70.95,73.88,100.0,94.91,97.43,100.0,90.2,0,0,6,6,2
81.03,94.02,86.46,100.0,99.92,100.0,100.0,106.1,4,0,1,9,0
34.45,30.4,27.78,62.32,54.53,36.53,40.72,5.0,3,1,2,5,2
74.0,64.18,66.1,91.95,82.47,82.37,89.79,63.7,2,0,1,5,1
98.91,100.0,100.0,98.59,100.0,96.43,99.6,103.0,1,0,1,8,0
99.5,100.0,97.85,72.56,89.01,79.32,79.2,61.3,2,2,5,10,2
68.87,73.94,69.5,80.65,91.78,91.48,86.8,71.0,3,4,5,12,2
92.66,81.81,91.6,77.95,79.74,81.5,76.14,45.0,2,1,4,6,1
87.33,75.64,82.4,82.04,75.91,66.76,57.12,46.5,3,1,1,6,1
98.31,100.0,100.0,81.94,88.57,82.35,87.49,74.5,1,0,1,3,0
87.28,100.0,91.69,85.02,82.98,84.29,74.19,62.0,8,3,3,11,2
92.37,94.87,89.2,99.62,96.57,100.0,97.76,94.3,2,0,6,9,2
99.5,100.0,100.0,90.4,92.02,94.52,97.7,72.4,3,0,4,13,0
90.61,88.55,86.53,83.37,97.36,86.8,97.37,49.5,3,2,4,11,1
58.79,66.93,66.93,68.46,65.94,50.84,64.2,5.0,1,2,3,10,2
89.23,93.94,93.31,98.52,84.34,91.61,94.83,92.8,2,1,1,10,0
45.02,27.06,36.11,32.06,60.08,33.9,33.0,31.9,2,2,1,6,2
85.46,83.66,87.15,80.54,90.24,94.58,96.82,98.0,1,1,4,6,1
81.76,74.19,77.02,78.2,90.79,68.73,61.39,39.5,3,2,5,13,2
82.94,89.78,82.48,100.0,97.09,97.51,96.48,100.8,0,0,3,8,0
69.75,64.34,68.54,68.59,88.89,82.6,83.25,46.1,7,5,5,9,2
91.3,91.55,94.5,87.82,93.42,90.07,88.75,66.3,7,1,1,12,1
89.72,100.0,94.74,93.43,87.54,73.27,82.13,87.9,1,0,3,6,0
64.03,50.2,55.83,44.37,63.81,45.15,28.12,5.0,4,0,2,11,2
98.96,100.0,93.96,93.25,90.36,93.28,100.0,77.0,1,1,5,5,2
74.46,72.9,73.16,81.68,89.51,74.04,74.47,53.8,4,1,1,8,1
60.69,61.13,56.48,77.15,78.89,75.35,67.11,50.3,3,1,1,5,2
76.01,82.08,77.92,77.04,75.56,76.31,71.47,82.3,3,0,3,9,1
85.11,69.08,78.88,85.03,89.72,83.91,73.41,77.2,4,4,0,13,2
75.64,80.01,80.15,83.52,90.12,83.95,75.15,51.7,2,3,1,10,1
65.97,63.2,67.5,72.75,74.04,70.52,69.59,61.6,3,0,6,9,2
59.6,55.49,61.97,67.14,69.71,50.13,41.76,22.6,8,3,6,6,2
48.51,44.63,46.96,60.9,68.72,54.05,48.73,31.8,6,2,7,3,2
38.52,25.54,31.98,43.74,51.86,22.92,21.69,5.0,2,2,8,11,2
73.6,75.52,76.09,75.97,80.41,79.11,74.72,56.2,1,2,3,12,1
80.69,80.84,82.44,92.12,95.78,93.93,97.81,80.3,3,1,3,10,1
85.51,100.0,92.53,95.77,92.78,95.5,88.76,87.4,2,3,1,8,1
79.31,74.82,85.24,92.06,81.09,81.58,78.7,79.7,3,2,4,13,2
97.98,100.0,100.0,95.3,98.06,74.6,79.81,49.2,4,1,2,11,1
88.85,82.7,91.24,86.3,88.68,91.46,97.48,70.9,1,0,4,6,1
99.5,100.0,95.35,98.23,88.67,89.03,85.07,80.3,1,0,2,5,0
58.83,56.38,54.01,54.57,68.12,44.05,48.46,40.2,2,3,1,11,2
87.8,88.48,84.96,100.0,99.17,100.0,98.02,66.0,2,2,1,4,0
81.66,72.29,78.16,69.64,85.12,62.0,69.44,69.4,2,2,1,10,1
65.11,64.88,64.45,88.14,80.35,74.75,74.06,65.4,3,4,3,12,2
42.87,48.73,46.15,66.15,74.13,70.6,53.25,55.0,3,4,4,3,2
62.01,56.18,66.41,40.19,69.67,60.81,38.01,5.0,2,2,5,4,2
66.57,78.58,70.78,60.33,77.47,64.47,61.82,38.2,2,5,1,8,2
79.7,82.57,82.73,67.32,84.94,64.22,70.99,32.1,1,4,6,9,2
99.5,100.0,100.0,100.0,100.0,99.44,100.0,102.6,0,0,1,2,0
77.7,61.44,75.85,84.93,86.03,96.59,80.23,70.2,4,0,4,7,1
58.7,46.18,56.49,75.93,78.89,56.34,62.62,48.0,6,0,13,8,2
99.5,100.0,99.49,100.0,100.0,95.23,94.23,77.1,2,0,0,7,0
99.5,95.27,100.0,98.98,100.0,100.0,100.0,83.1,1,0,1,3,0
98.82,99.55,100.0,93.62,86.33,85.39,66.7,77.3,2,0,2,2,0
90.14,98.66,96.84,100.0,100.0,99.7,99.06,79.7,1,0,3,10,0
99.5,98.11,99.15,72.1,86.79,68.8,67.32,62.1,3,1,0,13,1
89.55,92.11,93.18,90.56,100.0,94.58,95.46,73.3,2,2,7,12,2
66.98,80.1,71.06,64.36,75.2,62.51,76.31,51.9,1,4,2,11,2
35.66,26.33,28.05,36.68,46.81,15.48,31.33,12.0,4,2,11,4,2
81.29,83.84,80.43,92.22,89.59,89.77,82.46,76.5,1,1,4,3,1
12.0,8.0,12.93,36.76,55.42,37.42,28.97,17.3,6,7,8,6,2
92.47,96.82,96.26,95.03,88.14,90.99,100.0,92.2,1,1,1,5,0
35.98,23.25,28.4,42.34,49.62,46.54,16.48,8.7,6,3,8,8,2
17.66,21.79,24.74,32.71,46.14,37.56,30.31,5.3,3,4,7,8,2
68.82,74.62,67.05,84.24,73.82,81.28,82.56,52.2,2,1,3,9,1
75.25,89.66,81.38,97.62,89.0,99.34,96.34,66.2,1,2,8,2,2
46.04,45.34,44.12,65.52,69.55,76.41,44.57,46.0,3,1,6,10,2
41.04,46.94,44.06,67.9,63.63,65.25,47.96,24.8,7,3,4,2,2
20.39,8.0,10.67,44.67,61.25,44.56,38.61,12.8,6,5,5,12,2
67.93,71.04,62.45,91.3,88.47,81.95,73.47,71.2,3,5,3,5,2
85.58,84.51,82.74,100.0,97.18,100.0,89.5,98.8,2,0,2,5,0
50.41,51.09,53.38,95.87,77.8,75.19,84.88,37.7,1,4,5,10,2
72.04,67.75,71.16,53.74,67.84,47.03,48.19,27.9,3,1,2,8,2
52.08,39.93,42.04,61.9,73.06,56.75,47.22,38.3,5,2,4,6,2
99.5,97.15,100.0,100.0,100.0,100.0,100.0,97.4,2,0,2,11,0
83.34,89.41,86.53,76.1,86.57,71.91,68.43,56.4,0,0,5,8,2
83.07,72.04,81.89,90.95,90.09,84.99,86.29,71.2,0,3,3,6,1
90.49,100.0,92.75,71.98,79.86,67.68,82.54,53.1,2,2,3,11,1
92.49,91.14,84.81,100.0,97.51,92.72,89.56,74.5,1,0,2,5,0
68.02,74.75,76.53,90.61,80.65,85.28,90.24,53.0,1,1,5,7,2
27.27,26.4,26.25,46.54,62.67,56.14,47.16,5.0,2,6,7,7,2
84.75,83.06,88.06,100.0,95.92,100.0,90.14,94.1,1,2,8,7,2
71.55,79.69,73.1,90.03,87.38,83.17,84.24,59.4,1,2,6,10,2
90.39,95.11,92.56,90.41,91.41,74.59,92.93,83.5,2,2,1,2,1
46.35,45.8,39.63,57.56,66.28,48.09,53.27,38.3,3,5,3,8,2
94.39,100.0,93.21,87.7,96.36,100.0,100.0,94.4,2,1,4,13,0
81.89,95.98,93.17,100.0,100.0,100.0,100.0,91.6,0,1,3,10,0
78.14,74.7,80.32,84.56,91.94,100.0,73.73,87.3,3,1,2,12,1
98.51,100.0,100.0,81.98,88.75,82.05,100.0,39.3,4,0,2,11,0
95.43,90.77,95.6,76.0,86.17,73.78,77.1,54.9,4,0,1,6,1
38.45,26.23,34.81,33.26,50.77,36.42,31.77,5.0,6,4,4,6,2
59.5,61.34,64.02,59.7,67.17,60.05,52.59,48.7,4,6,4,9,2
95.04,100.0,100.0,100.0,97.62,87.71,83.77,70.8,2,1,2,4,0
57.2,53.25,56.9,33.65,52.06,40.59,38.46,5.0,9,6,3,2,2
95.66,100.0,97.69,94.56,98.25,92.06,87.89,55.0,0,0,0,3,0
57.29,53.23,59.57,43.9,51.31,36.5,22.49,16.7,2,5,2,10,2
82.02,84.61,78.86,100.0,100.0,99.66,91.07,86.2,3,0,4,7,1
66.69,79.13,70.22,84.58,87.24,79.37,72.91,56.7,2,1,4,8,1
67.77,70.26,63.14,57.97,67.59,68.12,53.32,47.6,2,3,3,13,2
85.51,87.85,82.59,89.57,93.3,86.36,82.13,59.4,1,0,1,8,0
78.65,87.87,83.0,76.24,83.28,80.66,59.58,66.7,2,1,2,7,1
40.91,33.54,41.21,67.35,73.64,59.67,55.1,14.7,3,3,10,12,2
99.3,100.0,100.0,87.26,92.45,83.11,99.54,90.5,6,0,2,7,1
88.78,100.0,92.59,89.56,88.27,98.4,88.25,110.3,3,1,3,8,1
91.15,78.24,84.63,60.72,75.35,75.34,63.73,25.2,5,2,2,12,2
99.5,100.0,99.4,100.0,100.0,100.0,100.0,119.1,3,0,1,5,0
99.5,100.0,100.0,96.88,99.96,100.0,85.78,80.0,4,0,3,9,0
88.9,94.84,98.37,100.0,100.0,100.0,91.63,112.8,1,0,7,10,2
45.63,39.62,43.38,41.38,69.29,63.45,51.41,5.0,11,3,6,7,2
94.66,100.0,92.31,100.0,100.0,100.0,97.8,77.3,1,0,1,8,0
84.16,96.11,90.25,95.22,92.27,86.35,73.87,97.3,2,0,2,9,0
74.96,85.22,79.2,63.29,83.19,67.64,65.83,74.2,4,1,3,4,2
83.07,82.52,82.71,67.55,85.25,59.66,57.21,52.6,0,0,4,6,1
45.23,39.69,42.06,33.35,53.63,42.69,52.38,5.0,10,1,3,13,2
77.27,71.85,83.49,100.0,100.0,100.0,96.7,93.6,5,1,0,4,1
49.91,38.44,43.53,62.65,67.8,57.51,51.62,15.9,5,4,6,4,2
65.08,59.41,56.78,59.6,64.7,54.94,44.7,13.2,9,1,7,5,2
90.52,100.0,91.72,100.0,100.0,100.0,100.0,95.0,0,1,6,9,2
71.84,67.06,68.06,78.22,74.98,51.84,47.27,35.9,3,3,4,12,2
65.82,66.7,61.09,59.37,83.36,54.44,47.55,24.1,1,2,5,4,2
99.5,100.0,98.93,100.0,100.0,100.0,100.0,91.2,1,0,2,7,0
77.65,77.16,83.92,73.71,82.54,82.45,68.14,64.0,3,0,6,4,2
79.3,94.75,80.09,65.18,82.27,63.24,65.96,49.5,6,1,7,3,2
99.5,100.0,94.15,87.8,100.0,100.0,100.0,71.4,1,0,2,2,0
99.43,100.0,100.0,100.0,87.93,86.35,88.94,75.6,2,0,1,5,0
99.5,93.42,96.39,93.58,92.2,95.32,72.7,77.0,1,1,0,6,0
72.23,72.53,70.82,72.13,78.1,79.64,64.74,54.2,3,2,2,3,2
79.66,74.62,82.06,65.78,79.82,86.6,69.69,59.1,3,1,0,3,1
89.89,100.0,91.51,86.63,81.22,76.58,59.25,58.9,5,0,4,6,1
91.28,90.35,84.67,85.21,93.69,88.63,67.68,69.3,5,1,3,6,1
79.21,79.2,82.41,88.97,89.67,79.96,54.66,69.5,3,1,2,2,1
76.93,74.1,75.61,86.57,83.59,87.79,93.91,83.1,5,1,1,7,1
99.5,96.18,97.78,89.05,95.94,82.48,90.92,90.0,0,0,1,13,0
86.55,85.51,78.36,65.48,90.11,62.64,57.12,43.3,4,0,4,11,1
99.5,100.0,95.69,100.0,100.0,95.28,100.0,72.8,1,0,0,9,0
99.5,100.0,98.89,74.35,92.68,94.55,83.16,66.0,2,0,4,4,0
73.62,73.76,69.42,98.44,90.53,94.84,92.56,80.7,2,1,4,10,1
90.5,87.34,93.12,90.62,98.65,70.35,45.11,66.1,4,0,4,9,1
75.21,89.92,80.54,83.61,100.0,95.67,86.17,56.9,1,1,3,2,1
57.17,67.01,59.95,74.47,82.39,68.4,69.24,30.0,4,1,4,2,2
78.22,83.23,84.02,100.0,94.76,100.0,76.6,75.5,3,0,1,4,0
54.2,50.99,50.65,53.54,62.91,40.76,53.53,21.0,6,1,2,7,2
58.78,72.18,65.41,83.44,74.09,76.97,79.23,41.3,5,2,7,4,2
85.81,100.0,91.21,79.97,88.41,64.76,69.38,63.7,2,0,1,13,0
62.84,65.57,67.23,74.89,76.91,75.6,59.8,34.2,2,3,4,9,2
88.78,96.61,93.51,77.12,91.4,68.56,85.71,55.8,4,0,5,6,2
87.67,89.43,90.85,78.53,74.87,75.35,75.59,43.1,1,1,2,12,1
99.5,94.05,95.39,95.35,98.62,93.92,91.98,88.4,1,0,2,5,0
66.98,67.43,64.91,80.98,85.18,76.07,64.81,52.0,6,1,4,9,2
28.35,34.65,30.38,60.41,63.02,65.91,43.44,59.5,2,4,10,9,2
99.5,98.55,100.0,93.64,83.85,87.56,85.62,84.9,5,0,2,5,1
78.3,67.39,75.68,88.72,93.1,84.69,80.15,67.9,5,0,2,8,1
84.14,84.5,87.4,63.68,83.22,44.05,46.96,24.4,3,0,3,6,1
99.5,90.44,92.7,86.21,90.62,84.93,88.55,80.0,3,0,0,10,0
86.63,72.28,75.86,72.95,82.08,56.35,57.16,71.3,4,1,1,10,2
69.72,56.22,62.68,70.74,76.62,70.94,69.21,36.0,1,1,5,4,2
41.66,18.12,30.12,48.75,57.75,42.12,35.24,30.4,5,2,4,4,2
19.38,18.17,15.16,34.97,54.12,28.63,38.31,13.2,8,6,10,7,2
77.35,82.29,78.4,89.86,91.17,98.85,73.96,66.5,3,1,3,3,1
99.5,100.0,94.59,100.0,100.0,100.0,100.0,83.8,1,0,2,6,0
57.94,61.26,56.98,81.62,84.5,60.49,55.88,18.2,1,2,1,6,2
99.5,100.0,95.83,100.0,100.0,90.94,86.39,90.4,3,0,4,9,0
88.46,86.52,83.05,79.15,96.07,92.13,76.13,54.7,5,0,4,7,1
24.25,23.36,18.99,49.38,64.68,57.7,46.48,35.3,5,1,11,11,2
79.49,72.44,72.89,90.2,84.59,84.39,75.34,66.9,7,1,7,13,2
75.69,77.7,78.52,100.0,91.84,92.15,90.41,82.4,3,1,4,3,1
20.96,29.28,22.99,64.0,65.66,66.69,70.75,34.4,2,4,8,7,2
86.42,89.84,88.16,88.85,94.43,100.0,89.18,80.7,3,1,0,13,0
99.5,100.0,98.87,100.0,100.0,100.0,100.0,104.6,0,0,0,10,0
52.61,44.78,52.17,64.51,57.54,44.85,25.09,7.2,7,2,2,5,2
93.09,97.36,96.72,89.49,92.15,78.93,80.52,78.7,5,0,1,4,1
83.77,89.9,88.22,96.65,94.47,82.5,90.69,62.8,3,1,1,6,1
92.14,100.0,94.38,94.44,99.45,100.0,87.88,88.2,2,1,2,3,0
24.53,15.76,21.05,64.0,75.18,56.49,53.32,25.2,3,4,8,8,2
79.52,86.07,77.29,100.0,100.0,100.0,100.0,91.1,1,0,1,9,0
84.04,85.93,81.95,75.91,90.15,82.13,86.05,40.7,1,0,3,11,1
93.73,88.98,94.87,90.43,96.97,87.35,65.84,44.2,2,0,2,8,0
93.49,98.07,93.02,100.0,100.0,100.0,100.0,92.3,0,0,4,6,0
43.27,47.72,43.94,65.57,89.36,72.41,62.49,45.9,5,5,4,13,2
83.58,78.29,83.95,85.04,88.88,88.68,77.05,63.2,4,1,1,7,1
57.7,71.74,63.97,64.75,65.35,46.62,43.58,15.2,5,2,5,8,2
99.5,100.0,99.71,82.13,100.0,97.11,97.16,81.8,3,0,1,7,0
73.78,77.76,74.3,85.11,91.5,82.68,80.98,62.7,0,5,5,2,2
43.41,37.19,44.27,37.83,49.7,28.29,19.98,5.0,4,2,3,10,2
99.5,100.0,97.02,100.0,100.0,100.0,100.0,138.1,0,1,3,12,0
99.5,100.0,100.0,89.35,96.52,92.73,77.02,93.6,1,0,1,4,0
43.26,33.88,38.55,28.92,60.04,28.79,25.59,5.0,4,2,5,12,2
87.66,100.0,94.48,74.19,100.0,74.36,76.02,55.0,6,2,3,11,1
78.85,74.47,79.66,80.57,87.94,72.43,74.94,46.7,4,2,0,3,1
64.34,53.57,60.67,42.87,67.04,44.66,31.49,27.8,4,1,5,7,2
81.33,85.59,87.12,96.22,99.0,88.85,88.54,75.3,5,1,5,7,2
86.52,99.28,94.11,100.0,97.11,100.0,100.0,80.3,1,1,2,12,0
86.62,100.0,90.53,87.03,97.72,86.91,94.26,77.1,2,0,4,4,0
95.42,99.5,97.81,93.9,100.0,87.45,91.72,58.3,4,0,2,2,0
91.77,100.0,95.91,100.0,91.68,100.0,99.17,83.6,2,0,1,6,0
81.93,83.97,86.48,90.64,80.34,66.97,66.92,48.1,2,2,5,7,2
99.5,100.0,93.83,85.62,81.66,92.29,80.95,66.4,4,0,3,9,1
54.48,62.27,61.71,73.14,66.09,66.94,67.18,48.4,5,2,6,6,2
88.03,94.91,84.4,100.0,87.88,91.48,100.0,78.1,6,0,0,6,0
78.53,87.6,83.73,68.38,80.99,95.49,85.15,69.7,5,2,0,5,1
93.39,100.0,97.63,100.0,100.0,100.0,100.0,113.0,1,1,2,3,0
53.1,49.91,51.07,75.01,74.02,86.63,65.36,73.8,4,1,11,7,2
93.93,92.24,95.6,69.25,90.06,71.3,76.56,64.3,7,1,5,2,2
82.83,89.79,80.72,96.16,95.82,96.64,98.12,67.2,4,0,1,11,0
76.43,77.75,73.74,50.64,64.38,54.19,36.57,33.6,5,2,4,3,2
61.82,76.48,63.15,76.31,76.36,73.26,63.75,77.8,7,2,2,2,2
99.5,100.0,97.04,100.0,97.23,96.47,91.24,72.1,2,0,2,7,0
37.09,45.44,44.38,53.93,64.09,49.2,62.09,11.1,5,1,7,5,2
81.07,89.98,89.35,100.0,80.44,86.23,89.84,92.6,1,0,4,11,1
96.1,91.88,94.11,88.86,94.66,75.24,79.52,72.8,3,0,4,4,1
66.47,67.0,67.4,77.86,77.83,68.37,59.98,45.8,5,2,2,10,2
99.5,100.0,100.0,84.3,94.34,75.8,74.2,42.1,3,1,1,12,0
99.5,100.0,98.02,100.0,100.0,100.0,100.0,61.9,4,0,2,10,0
72.37,69.81,68.69,80.3,91.98,75.67,74.03,50.8,3,0,5,9,2
99.5,98.93,100.0,75.49,88.45,86.61,84.95,84.0,2,0,2,5,0
70.7,68.1,67.6,75.04,78.69,74.18,59.97,55.6,1,1,1,6,1
61.67,54.64,55.12,52.62,56.66,64.38,45.67,17.1,2,3,5,2,2
49.04,51.75,53.53,78.69,80.3,74.51,55.77,77.7,1,3,8,10,2
41.78,53.06,51.48,56.92,80.42,65.96,53.25,43.2,5,1,4,4,2
81.17,81.56,79.34,82.24,89.11,84.64,85.39,67.9,2,0,4,8,1
35.73,16.98,28.46,59.65,59.57,44.67,49.66,5.0,2,3,7,6,2
94.78,80.55,92.92,71.14,86.12,67.48,62.26,33.6,2,0,3,4,1
99.5,100.0,96.65,94.36,100.0,97.84,92.7,105.2,1,0,1,12,0
53.19,45.28,53.93,58.64,75.14,57.37,45.63,30.2,6,1,6,8,2
64.85,67.69,71.72,78.18,82.71,72.42,72.31,36.5,1,2,5,13,2
87.84,84.38,81.59,84.38,96.33,87.2,84.05,59.6,2,2,3,10,1
66.87,63.8,60.33,57.16,72.9,68.99,40.45,47.9,4,1,4,3,2
99.5,100.0,93.24,96.13,100.0,100.0,100.0,87.8,2,0,4,5,0
46.63,38.36,41.41,65.7,64.01,61.04,53.26,56.2,2,1,4,4,2
88.66,100.0,87.93,89.2,90.83,98.4,84.81,88.5,2,0,3,2,0
82.05,95.44,91.47,77.54,92.92,88.01,82.16,60.4,4,1,2,3,1
88.98,98.17,88.62,93.06,93.26,82.92,84.19,70.3,6,0,2,10,1
98.74,100.0,97.59,80.2,96.73,79.55,65.11,62.8,2,1,1,4,0
83.38,75.5,81.82,78.86,89.78,67.87,71.45,71.8,1,1,4,10,1
96.16,98.11,93.6,83.16,95.22,90.36,76.6,62.7,3,0,4,4,1
99.5,97.98,98.95,81.79,86.65,80.41,79.66,70.8,2,0,1,4,0
96.57,100.0,100.0,100.0,100.0,86.68,100.0,82.7,1,0,1,8,0
89.58,83.53,99.67,92.4,97.69,75.65,81.67,81.7,1,0,3,8,0
75.33,80.6,78.84,91.78,80.61,68.46,66.56,55.8,1,1,6,12,2
99.5,91.39,90.09,90.55,100.0,84.93,80.78,69.5,4,1,3,5,1
92.51,100.0,98.12,88.35,88.3,84.56,80.77,83.1,1,1,2,12,0
69.69,81.38,75.36,96.51,85.45,94.94,86.12,75.1,3,1,3,11,1
99.5,96.36,100.0,94.78,100.0,89.11,92.42,86.2,4,0,2,2,0
89.22,92.3,90.0,96.63,100.0,100.0,78.33,86.7,2,1,4,5,1
67.49,79.16,75.44,80.34,93.85,72.2,86.5,81.8,0,3,5,3,2
27.78,30.06,27.64,49.22,51.24,48.61,23.3,39.4,3,6,4,13,2
45.91,34.13,42.66,70.05,68.25,74.61,63.34,62.2,4,2,3,9,2
61.61,66.59,64.31,90.6,79.33,72.18,76.22,59.9,2,4,4,9,2
85.83,90.23,87.92,78.46,88.29,72.48,73.21,64.8,0,1,6,3,2
85.57,96.35,88.35,100.0,100.0,100.0,100.0,123.5,0,1,4,7,0
73.18,88.11,83.32,85.45,92.61,100.0,99.23,91.3,2,4,4,2,2
72.63,67.46,76.17,73.99,82.84,59.73,74.1,55.4,4,1,5,4,2
41.58,36.25,47.28,76.61,72.54,75.72,59.59,45.8,3,1,8,9,2
64.71,57.3,62.41,74.36,71.24,62.05,75.47,9.8,1,4,8,11,2
89.3,98.55,93.73,100.0,95.92,100.0,99.24,88.9,0,1,2,9,0
83.72,83.85,84.93,85.64,88.76,93.65,73.17,78.3,1,1,1,11,0
63.1,66.96,61.41,72.53,79.41,40.8,72.67,56.5,3,2,2,13,2
99.5,96.64,100.0,83.38,85.96,77.28,75.29,35.8,5,1,4,9,1
26.4,17.34,21.9,60.78,58.5,39.99,42.77,5.0,5,5,7,6,2
69.66,74.82,74.0,91.67,87.42,93.59,90.39,84.0,1,2,2,4,1
16.25,8.0,10.0,51.34,59.17,52.91,50.28,16.5,1,2,9,4,2
77.1,85.84,82.7,87.29,79.65,79.02,75.06,63.0,1,2,4,11,1
99.5,100.0,100.0,80.59,95.62,93.44,79.03,80.1,2,0,0,10,0
64.74,66.74,62.93,71.55,83.1,53.64,43.49,49.8,9,2,2,2,2
88.17,86.74,85.93,100.0,94.18,86.5,91.84,107.5,0,0,1,6,0
87.64,99.19,90.22,81.97,86.06,76.26,70.03,39.4,2,0,6,13,2
76.82,62.68,69.64,67.47,82.03,73.19,75.98,41.5,2,0,2,11,1
76.62,84.71,85.16,86.22,86.42,90.76,75.87,81.9,5,2,4,6,2
44.75,43.24,44.77,72.89,74.62,65.32,42.87,37.2,6,2,2,3,2
97.35,100.0,94.65,86.64,86.55,78.08,88.57,69.4,3,0,4,9,1
85.72,87.31,83.21,87.42,96.66,87.79,92.12,53.7,3,0,2,5,1
99.5,100.0,91.66,81.21,96.29,86.37,70.6,56.6,2,0,0,12,0
87.87,96.13,88.11,100.0,84.55,86.16,84.05,81.6,2,3,1,2,1
91.5,94.6,87.83,79.87,94.79,71.77,78.53,74.9,3,1,2,5,1
83.24,88.66,80.63,80.55,93.6,97.58,75.8,73.3,0,0,4,7,0
89.14,92.41,88.86,73.71,82.27,71.3,73.21,34.0,3,0,0,12,1
98.96,100.0,95.18,100.0,99.76,99.32,87.89,74.0,1,0,1,4,0
23.75,8.0,17.28,58.04,54.05,41.17,44.24,33.8,6,2,11,2,2
93.48,100.0,97.55,93.73,100.0,98.56,97.19,92.5,2,0,2,11,0
39.3,35.17,39.06,61.96,68.31,38.09,28.23,15.3,4,4,1,12,2
91.01,94.17,93.2,69.6,86.13,79.37,78.2,70.8,5,1,3,10,1
76.18,71.38,64.33,88.82,89.68,97.93,77.57,85.0,6,1,3,10,2
50.44,57.0,51.04,58.73,73.02,53.07,49.77,28.8,3,4,7,10,2
75.41,67.27,77.43,76.83,84.01,59.47,75.74,58.6,1,1,2,13,1
97.92,100.0,100.0,100.0,100.0,100.0,100.0,104.2,3,0,1,6,0
76.15,81.21,81.31,100.0,100.0,100.0,100.0,105.8,1,2,8,11,2
94.24,100.0,96.66,100.0,88.84,100.0,100.0,109.7,2,2,4,4,1
99.5,98.7,95.86,89.28,97.56,96.04,83.79,75.7,2,2,1,5,0
45.78,34.55,46.51,56.86,64.0,46.42,44.96,24.3,5,5,5,11,2
87.68,89.26,87.66,85.87,84.2,73.98,80.46,64.3,4,0,6,6,2
54.73,41.48,48.7,58.63,58.31,44.79,32.45,22.4,3,4,5,4,2
90.72,91.77,95.71,88.95,97.65,76.69,77.15,92.3,4,0,4,13,1
37.17,42.3,26.79,44.4,53.12,42.8,32.03,11.0,6,2,4,6,2
80.97,77.42,79.34,82.87,85.03,64.44,90.05,66.8,6,0,4,3,2
39.68,31.82,30.8,38.66,50.55,32.36,33.42,8.9,2,3,8,6,2
57.73,74.61,66.36,95.56,80.03,88.28,85.62,109.3,2,2,5,6,2
99.5,100.0,100.0,86.66,97.08,90.45,75.07,96.2,3,1,3,7,1
59.88,69.09,65.36,69.3,80.5,64.72,70.76,58.4,2,0,6,8,2
70.7,79.23,81.82,86.96,100.0,96.5,73.62,71.7,2,1,1,13,1
69.02,78.02,73.27,91.41,86.9,79.36,85.36,32.7,2,1,5,8,2
50.31,48.16,55.27,70.8,77.63,70.98,55.57,46.3,1,3,5,6,2
81.94,94.72,80.44,100.0,98.63,100.0,100.0,103.8,0,1,3,11,0
44.83,46.46,46.29,29.81,54.23,27.44,23.22,5.0,11,1,6,7,2
99.5,100.0,94.39,100.0,100.0,99.13,100.0,97.2,2,0,2,9,0
78.8,82.56,81.76,77.61,68.74,84.2,65.77,64.7,6,1,5,10,2
60.79,53.9,56.89,65.46,81.86,54.15,65.71,42.0,1,2,7,6,2
99.5,100.0,98.9,100.0,100.0,92.55,100.0,79.6,0,0,2,7,0
99.5,92.48,95.98,88.49,93.67,94.98,79.87,90.9,1,0,4,11,0
70.98,66.75,73.57,72.11,77.49,64.87,53.38,41.5,2,1,4,2,2
99.5,100.0,100.0,93.81,99.0,95.01,93.14,74.5,0,0,1,7,0
60.36,58.66,60.47,63.83,79.86,73.87,58.89,78.2,2,0,5,7,2
90.18,78.22,85.7,78.44,86.12,69.37,70.32,63.7,1,0,2,5,1
61.76,53.87,61.63,64.17,80.73,74.77,63.67,33.6,2,2,5,6,2
97.31,94.7,95.44,91.51,100.0,82.3,90.49,73.9,2,0,3,6,0
28.98,32.24,25.8,41.24,53.7,41.38,40.75,36.5,1,3,7,5,2
52.69,55.58,57.63,57.87,74.34,60.11,48.7,44.0,3,0,4,2,2
98.67,100.0,97.41,79.18,100.0,98.83,87.97,73.4,1,0,0,2,0
96.95,89.04,95.06,75.86,89.13,100.0,65.47,95.6,3,0,0,2,0
35.92,33.42,38.02,73.56,67.74,55.22,70.36,46.8,1,1,6,2,2
43.44,50.78,41.95,61.7,70.98,54.82,52.72,35.6,3,2,3,13,2
91.36,100.0,91.37,89.58,98.27,94.13,91.42,73.5,5,1,3,3,1
99.5,100.0,93.97,99.67,100.0,100.0,98.46,91.0,3,0,3,2,0
99.5,100.0,98.3,98.75,98.68,100.0,93.99,99.3,3,0,0,2,0
27.59,10.45,25.31,57.37,49.85,47.52,31.04,22.0,2,2,6,5,2
99.14,98.72,98.88,97.81,94.82,94.91,92.64,56.8,1,0,1,4,0
43.44,22.95,41.31,47.05,69.4,50.67,35.93,12.9,10,1,4,8,2
54.37,55.41,56.07,84.54,83.94,74.58,80.7,67.5,2,0,6,9,2
17.11,18.11,15.21,65.13,67.7,53.11,42.56,12.6,5,3,15,9,2
87.7,79.95,82.03,78.31,76.34,77.55,68.32,27.2,4,0,2,11,1
93.73,100.0,100.0,100.0,100.0,100.0,90.69,113.6,0,1,1,7,0
57.88,50.06,58.03,84.14,77.66,72.81,66.91,44.5,6,1,3,9,2
46.51,35.98,41.78,43.32,57.86,41.26,33.13,14.2,3,3,7,3,2
93.97,86.43,91.65,75.17,81.56,78.53,65.2,51.1,5,2,5,3,2
77.41,90.91,80.76,90.78,100.0,83.65,84.44,84.6,0,0,3,4,0
72.78,73.91,63.11,89.93,94.81,99.37,92.69,95.4,2,1,2,4,1
98.62,100.0,99.49,88.39,100.0,100.0,100.0,96.1,3,0,2,11,0
78.6,75.76,72.54,77.3,82.19,79.4,66.52,64.5,3,0,2,8,1
57.72,58.18,56.45,65.11,79.99,72.3,58.57,52.1,1,1,5,2,2
88.51,100.0,87.84,77.37,86.76,69.08,65.39,75.6,3,0,3,2,1
73.17,91.91,79.55,54.17,75.64,60.6,73.66,60.3,4,2,5,8,2
90.6,94.36,88.05,87.6,100.0,86.65,90.78,87.2,1,0,1,2,0
99.5,100.0,99.96,93.78,100.0,95.18,84.78,86.9,2,2,3,2,1
63.51,68.21,68.07,63.56,71.66,61.74,69.49,58.1,5,2,3,11,2
81.87,92.87,87.3,82.85,88.2,79.27,80.37,49.4,3,1,3,3,1
69.25,71.01,64.03,61.51,80.55,65.43,54.84,27.0,3,2,4,11,2
80.79,94.79,79.45,91.79,97.03,100.0,93.32,94.3,2,0,2,4,0
52.7,44.74,44.55,35.22,53.24,22.68,20.01,5.0,6,2,2,8,2
54.72,50.8,57.33,79.57,92.02,78.69,80.47,47.4,3,2,7,10,2
34.53,35.54,43.67,40.74,63.83,52.83,46.57,19.2,3,5,5,12,2
91.9,93.41,89.79,90.25,100.0,84.82,50.08,53.2,4,0,0,4,0
88.67,97.53,87.94,82.91,96.71,99.27,91.26,84.2,2,1,5,10,2
79.71,71.76,82.24,87.75,94.12,85.31,78.32,67.0,1,1,4,13,1
75.89,70.08,72.01,80.9,81.68,71.98,61.95,64.6,1,2,2,11,1
88.22,90.21,88.66,100.0,95.7,77.76,82.66,95.8,4,0,1,6,1
83.26,91.62,87.09,93.71,93.84,82.64,91.63,95.4,4,1,3,2,1
92.37,100.0,92.53,94.89,100.0,100.0,100.0,102.1,0,1,2,9,0
92.6,100.0,92.31,100.0,96.72,91.81,91.71,76.2,0,2,6,8,2
82.15,83.78,82.46,76.54,86.96,82.41,78.71,67.6,4,0,5,12,2
99.5,97.72,97.18,88.58,95.63,91.2,83.09,82.9,2,0,4,5,0
97.93,100.0,91.59,100.0,100.0,100.0,100.0,95.3,0,0,3,6,0
54.08,56.44,51.38,65.7,77.34,70.69,71.2,38.1,5,3,4,10,2
99.5,82.17,92.36,91.25,100.0,95.72,99.65,57.5,2,0,1,10,0
91.21,100.0,92.33,85.48,100.0,87.04,89.86,71.5,1,0,4,10,0
61.53,61.94,63.67,51.94,77.77,57.88,65.73,26.8,7,1,1,2,2
78.84,63.92,70.06,79.99,87.42,84.7,70.75,62.9,2,3,0,3,1
99.5,100.0,100.0,80.47,100.0,85.67,83.81,60.4,3,1,1,7,0
69.71,68.25,69.37,64.92,67.39,60.78,56.57,61.7,3,3,8,8,2
39.49,26.24,34.75,63.76,71.37,63.0,47.98,42.7,3,4,5,2,2
81.74,97.13,85.53,74.11,84.86,69.76,61.57,9.1,1,1,1,2,1
60.73,65.81,61.6,76.87,75.4,78.39,68.03,48.4,0,2,3,2,2
47.53,43.37,38.39,75.79,64.33,68.34,52.57,45.1,2,1,4,4,2
87.49,84.55,86.37,83.88,93.08,92.17,94.08,62.4,1,1,1,4,0
96.1,100.0,100.0,93.66,100.0,100.0,100.0,83.5,0,0,1,9,0
47.45,41.07,48.62,53.91,55.78,47.97,43.11,5.0,4,3,6,11,2
38.69,34.51,30.57,51.22,51.71,45.45,30.79,9.9,10,5,7,6,2
82.99,83.39,84.3,78.97,88.74,80.43,78.74,59.3,3,0,2,2,1
94.58,96.11,96.95,96.81,100.0,84.99,93.67,64.4,0,0,0,4,0
84.18,91.33,92.97,90.38,98.48,93.05,100.0,70.9,0,0,4,3,0
89.2,94.5,88.06,100.0,100.0,98.18,100.0,98.3,1,1,2,9,0
81.58,82.3,90.99,82.63,85.97,74.53,66.78,93.3,2,2,0,7,1
67.49,78.27,72.04,70.13,89.57,71.29,67.46,48.8,2,1,5,11,2
90.1,87.35,85.74,75.53,90.83,68.85,68.84,68.7,1,2,0,4,1
45.93,35.49,35.44,33.35,53.73,29.36,5.0,16.6,7,2,4,2,2
54.58,54.51,54.08,91.57,89.23,90.94,95.96,78.7,3,2,5,11,2
63.72,74.92,68.81,87.0,86.22,92.3,62.45,73.5,0,3,4,10,2
63.51,51.39,54.34,89.36,81.86,65.72,84.85,41.8,3,2,4,7,2
54.02,43.49,52.51,62.59,58.62,47.71,39.25,5.0,5,4,5,12,2
36.13,36.17,38.25,56.08,59.88,52.01,45.95,25.9,2,1,10,4,2
75.92,79.45,77.3,100.0,95.94,83.06,100.0,80.8,5,2,1,6,1
71.89,75.89,69.98,56.92,72.3,63.84,50.72,30.2,3,1,4,10,2
98.58,98.41,98.59,90.37,93.07,71.8,77.73,78.7,4,0,2,6,1
52.44,39.38,54.84,43.03,55.73,43.16,26.33,15.3,4,3,6,6,2
62.85,59.79,57.99,69.91,63.26,60.91,58.49,14.3,2,4,2,3,2
96.14,96.69,89.32,100.0,100.0,100.0,100.0,104.2,1,0,2,3,0
99.5,100.0,98.2,100.0,100.0,100.0,100.0,107.5,1,0,2,9,0
91.1,100.0,91.24,95.01,94.18,97.86,97.11,94.8,3,1,2,6,0
45.8,37.95,35.4,59.52,59.22,38.24,47.71,27.1,5,3,7,3,2
99.5,100.0,100.0,100.0,100.0,100.0,100.0,102.5,0,0,2,11,0
99.5,100.0,94.41,86.64,96.91,87.08,79.94,85.5,2,0,4,4,0
54.97,33.45,41.11,38.74,59.02,30.75,31.43,5.0,4,2,8,6,2
79.51,66.21,77.74,73.61,89.82,64.13,65.27,43.3,2,1,6,9,2
98.15,100.0,100.0,92.92,100.0,94.35,87.34,78.1,2,0,1,6,0
90.63,90.63,100.0,81.71,98.62,88.36,90.1,94.5,2,1,0,6,0
28.14,19.19,18.51,36.35,53.23,39.06,43.53,20.1,6,2,2,7,2
76.73,82.83,80.62,79.87,85.39,91.84,84.2,69.5,0,0,2,3,0
66.89,61.28,59.15,88.9,77.28,90.99,79.59,71.5,7,1,3,11,2
86.55,82.82,85.42,100.0,81.43,75.76,64.98,55.5,3,0,6,12,2
99.5,100.0,99.06,100.0,100.0,100.0,100.0,105.6,0,1,0,2,0
99.5,100.0,91.12,89.16,86.66,73.92,60.79,56.8,1,0,3,3,0
73.31,71.96,74.91,81.57,82.91,76.75,80.94,68.8,1,1,6,8,2
86.79,87.12,86.91,96.21,96.29,95.34,100.0,112.0,4,1,2,5,1
99.5,100.0,100.0,94.47,94.82,89.06,100.0,101.6,2,1,0,2,0
73.67,71.92,67.96,68.13,74.93,59.72,57.73,31.2,4,0,5,3,2
35.5,36.74,44.43,61.97,67.42,71.54,39.37,43.2,4,3,5,12,2
71.8,59.39,68.14,78.31,81.43,78.41,68.73,73.3,3,1,8,3,2
95.49,91.5,95.31,100.0,93.65,100.0,88.68,69.7,1,0,4,11,0
71.03,77.4,78.97,87.57,92.75,86.94,73.7,60.1,3,0,7,9,2
87.55,89.75,88.33,86.44,100.0,85.07,100.0,73.3,4,0,4,12,1
66.68,67.81,63.53,96.01,91.3,81.83,89.41,59.5,4,2,3,3,2
48.92,34.61,47.84,55.91,61.31,54.13,49.7,9.0,2,3,9,7,2
92.19,100.0,94.56,85.19,97.84,94.8,97.75,78.2,5,0,2,2,1
54.99,60.31,60.88,85.05,76.38,75.8,78.39,68.6,0,2,8,12,2
42.71,35.56,39.53,57.21,66.92,48.63,44.94,13.1,2,5,8,9,2
60.82,61.26,69.67,73.52,80.38,70.77,60.05,38.1,5,1,3,2,2
77.68,80.97,78.71,100.0,93.08,100.0,98.88,79.2,3,1,5,2,2
56.23,55.35,53.34,99.41,87.91,97.43,100.0,96.6,2,0,1,11,1
87.38,87.55,88.74,88.83,96.63,91.0,88.68,88.0,6,0,0,7,1
81.25,87.6,81.72,79.6,91.75,76.63,75.67,38.6,2,1,6,11,2
90.91,97.73,89.97,100.0,100.0,100.0,100.0,111.2,2,1,4,4,0
59.87,66.03,67.54,94.79,95.02,87.99,92.83,76.5,1,0,4,2,1
65.8,68.32,61.59,95.4,96.35,98.76,91.87,65.3,1,1,2,13,1
73.52,79.19,79.73,73.14,79.54,60.64,77.68,44.7,6,4,3,4,2
20.83,9.97,23.05,52.13,58.34,38.1,42.46,43.3,5,6,7,9,2
80.62,96.89,85.37,100.0,99.54,89.44,93.16,88.3,2,1,1,6,0
80.27,78.5,80.61,95.58,93.09,77.3,94.19,63.3,2,0,1,4,0
83.21,80.41,78.74,97.39,86.56,83.95,82.46,76.2,3,1,3,10,1
93.57,100.0,100.0,100.0,100.0,89.29,100.0,101.2,2,0,4,4,0
99.5,95.31,92.67,92.38,89.43,97.74,89.11,71.0,3,0,4,6,1
39.91,36.23,42.42,49.57,71.58,57.26,56.28,53.0,3,1,6,12,2
99.5,100.0,99.64,100.0,98.53,100.0,100.0,72.7,2,0,1,8,0
96.5,85.46,88.83,70.53,80.34,71.97,69.1,76.8,5,1,3,6,2
51.26,45.14,46.06,34.74,46.21,35.26,32.84,17.9,8,4,3,8,2
77.11,62.63,73.47,73.41,76.01,59.18,53.28,40.8,5,4,3,11,2
60.12,54.46,53.11,46.01,78.68,46.29,52.91,16.7,5,1,1,6,2
99.5,100.0,100.0,100.0,100.0,100.0,100.0,74.7,1,0,2,3,0
36.05,13.9,28.22,55.73,61.59,49.67,50.82,17.8,3,0,3,9,2
86.84,93.0,87.5,100.0,96.06,100.0,100.0,92.4,1,0,5,6,2
96.09,96.71,98.18,91.12,94.21,92.43,100.0,68.0,1,0,3,6,0
47.25,37.29,40.16,72.36,74.27,66.78,64.69,28.9,5,4,2,12,2
32.35,13.97,24.16,54.03,66.99,52.81,33.6,20.5,8,0,6,8,2
99.5,100.0,98.04,86.28,100.0,97.95,89.16,67.6,0,0,2,7,0
72.96,70.27,66.76,71.13,79.46,60.52,54.07,30.7,5,2,2,12,2
94.82,87.17,90.47,92.1,100.0,100.0,100.0,75.0,1,1,3,4,0
87.91,81.43,79.07,71.32,74.63,71.4,77.07,42.0,2,2,4,10,2
93.15,97.9,92.62,100.0,97.61,100.0,100.0,122.2,1,0,7,9,2
71.25,61.76,60.62,84.33,83.03,79.02,89.94,51.9,3,1,2,3,1
74.62,80.86,72.8,100.0,88.81,92.98,90.8,55.5,0,1,7,6,2
63.59,67.34,61.22,88.12,73.45,82.15,78.1,91.0,2,1,6,13,2
76.66,80.78,79.78,88.07,93.9,65.01,99.96,59.0,3,4,4,5,2
35.17,47.74,36.0,61.33,66.71,61.32,55.02,26.3,2,3,7,7,2
44.84,28.02,33.34,37.57,49.54,27.99,28.34,11.3,2,2,2,2,2
89.28,86.97,86.76,92.49,79.93,69.59,78.44,52.5,5,1,6,9,2
98.77,100.0,100.0,97.68,100.0,100.0,91.26,88.0,1,0,1,13,0
91.94,100.0,88.26,94.88,97.42,89.51,99.62,79.7,6,0,2,3,1
36.59,34.74,38.58,51.39,49.76,46.03,37.9,19.2,3,3,4,9,2
99.5,96.6,99.71,94.45,99.0,100.0,97.79,92.2,5,0,1,13,0
80.72,92.09,93.31,73.18,97.3,81.69,72.36,77.4,2,0,2,5,1
82.66,80.17,82.79,91.19,99.44,100.0,80.17,96.8,4,2,4,11,1
83.62,93.2,87.35,86.69,93.08,83.26,90.63,73.8,4,0,6,10,2
52.3,56.05,53.79,57.16,76.04,57.05,71.0,61.7,2,1,7,7,2
56.98,59.69,57.78,76.88,77.65,86.69,60.28,68.4,2,0,6,3,2
36.96,27.54,36.11,58.9,57.81,42.91,40.5,8.4,1,1,5,9,2
84.22,83.38,81.68,58.24,80.6,78.93,85.36,76.6,4,1,4,11,2
21.34,20.79,33.2,61.46,59.31,62.15,49.85,70.0,2,1,10,2,2
99.5,100.0,100.0,76.45,100.0,97.45,94.45,79.9,0,0,1,7,0
79.94,88.97,82.52,100.0,100.0,88.15,89.44,76.8,1,1,3,5,0
40.97,43.0,40.67,59.35,70.59,66.0,53.57,5.0,6,5,7,7,2
74.66,83.31,77.8,99.19,100.0,91.27,99.98,94.5,1,2,4,9,1
58.81,70.67,63.06,73.69,68.4,71.66,71.0,71.8,3,3,6,10,2
93.12,92.81,95.5,100.0,96.86,91.48,90.86,82.2,0,1,6,13,2
82.94,94.04,88.28,100.0,100.0,100.0,100.0,121.8,0,1,4,4,0
96.81,99.26,100.0,93.45,97.98,90.81,100.0,105.4,2,0,2,4,0
77.23,96.81,80.77,72.15,85.09,90.02,79.77,51.2,2,3,6,5,2
99.5,100.0,99.5,100.0,100.0,92.2,94.53,80.3,1,0,2,6,0
89.13,100.0,89.32,100.0,100.0,100.0,100.0,130.4,0,1,2,4,0
99.5,100.0,97.75,93.45,98.99,100.0,93.91,92.6,4,0,1,8,0
88.36,92.52,87.84,86.0,100.0,99.47,80.7,73.8,2,0,1,2,0
68.16,90.57,79.77,95.57,87.22,86.61,76.44,72.8,5,0,5,6,2
90.26,100.0,91.37,85.53,99.01,83.2,75.19,68.8,1,1,7,11,2
24.74,13.98,26.22,41.96,50.51,33.24,32.83,21.5,4,1,8,4,2
76.95,72.11,80.9,66.18,77.28,60.26,63.06,48.7,6,0,5,5,2
78.3,78.58,81.25,60.38,88.16,69.97,71.7,52.7,1,1,4,12,1
70.67,64.86,63.88,64.91,73.73,57.69,73.4,37.0,2,0,4,8,2
57.5,46.05,58.88,35.29,73.38,40.57,32.64,5.0,4,3,4,2,2
87.86,82.89,84.24,86.48,96.14,100.0,89.16,100.8,5,0,1,11,1
93.01,75.81,85.13,72.84,92.14,72.87,63.97,96.6,2,1,2,12,1
99.5,100.0,100.0,100.0,100.0,100.0,100.0,94.9,1,0,2,2,0
74.62,74.95,71.3,86.04,85.91,99.99,85.43,62.0,3,0,5,11,2
76.67,70.88,79.45,61.59,64.86,60.21,47.81,59.9,1,0,4,6,2
67.31,62.61,68.71,48.58,62.86,52.66,54.56,47.0,7,5,9,11,2
87.78,97.6,100.0,97.67,94.38,90.7,100.0,100.8,0,1,4,5,0
92.37,100.0,96.46,100.0,98.73,82.18,93.79,76.3,1,1,2,4,0
78.38,90.24,82.35,96.24,91.82,85.52,95.55,73.0,1,0,2,4,0
49.78,48.92,57.47,57.35,63.24,51.95,43.55,19.0,5,3,3,2,2
93.43,93.66,86.06,90.16,88.19,74.24,76.66,60.9,3,0,4,10,1
76.52,94.07,84.1,100.0,100.0,100.0,81.39,102.8,1,0,2,11,0
95.22,100.0,96.49,99.14,100.0,98.35,100.0,94.8,0,0,3,4,0
74.12,83.1,82.45,80.13,80.05,79.67,81.37,63.0,6,1,3,4,2
43.21,20.78,47.11,30.75,44.04,32.38,22.36,5.0,0,6,9,4,2
95.9,100.0,94.76,100.0,91.07,95.82,98.92,74.1,2,0,3,12,0
77.03,72.13,79.79,96.84,90.08,90.77,81.55,46.1,1,0,6,3,2
97.19,93.11,100.0,100.0,98.15,94.41,100.0,78.4,1,0,2,11,0
55.0,39.94,54.53,62.25,71.61,57.49,56.06,24.3,5,2,3,5,2
76.15,80.6,78.82,89.63,87.76,87.91,79.4,73.4,5,0,2,8,1
57.38,73.25,66.28,57.39,87.38,71.08,60.87,26.7,5,4,3,10,2
67.88,61.95,61.82,56.1,71.24,64.96,47.1,27.0,6,2,2,2,2
34.42,31.6,40.45,63.31,72.29,54.29,52.3,50.6,4,2,0,11,2
66.46,72.82,64.56,73.58,76.61,75.44,87.36,70.1,4,3,3,8,2
79.41,76.66,74.48,91.43,78.91,77.48,69.5,69.9,0,4,4,10,2
78.36,74.27,75.67,74.87,85.28,55.25,55.0,51.3,7,1,9,8,2
93.63,90.99,90.34,72.94,90.59,72.57,72.68,63.6,2,0,4,3,1
99.5,100.0,100.0,93.06,95.04,100.0,99.18,63.1,4,0,2,8,0
55.83,50.11,52.39,50.58,68.25,47.43,47.42,16.7,6,1,3,13,2
64.46,68.96,62.69,58.95,80.88,58.13,53.13,57.8,2,4,6,12,2
55.22,40.29,45.06,48.56,64.81,32.08,17.52,5.0,5,3,2,4,2
91.16,90.22,95.56,100.0,100.0,98.31,100.0,107.0,0,0,5,10,2
69.08,72.04,72.31,59.68,76.35,59.71,73.69,20.2,7,2,4,2,2
50.03,48.79,44.36,55.55,68.44,54.75,68.39,56.6,5,4,4,3,2
90.77,100.0,96.83,99.56,94.76,98.43,93.12,74.5,2,1,2,11,0
81.47,80.18,79.7,100.0,95.04,93.45,92.23,68.5,3,2,2,10,1
64.11,59.35,55.99,73.55,77.68,53.71,48.74,18.7,8,0,1,7,2
84.17,77.62,76.72,82.56,85.56,86.89,74.41,76.4,2,0,1,5,1
60.93,47.56,59.92,52.07,60.58,29.27,31.94,5.0,5,1,7,10,2
99.5,94.9,100.0,93.29,94.23,100.0,100.0,115.1,3,0,2,10,0
95.5,100.0,100.0,100.0,100.0,100.0,100.0,90.8,3,0,0,8,0
75.83,87.53,77.34,71.31,86.57,84.37,87.23,68.7,1,1,4,5,1
91.66,88.75,92.61,86.15,92.93,88.27,91.22,97.0,2,1,2,6,1
74.64,63.71,72.45,60.9,77.61,59.52,54.35,36.3,2,2,3,4,2
79.42,78.64,69.12,75.25,83.86,74.95,72.11,51.3,5,3,6,13,2
94.87,94.91,97.22,86.19,89.57,85.29,63.15,56.3,2,2,3,4,1
58.85,64.91,61.92,71.73,77.3,76.77,71.43,71.7,3,3,1,5,2
68.37,57.04,73.44,70.31,77.45,63.31,52.48,68.5,4,1,7,13,2
64.49,45.36,65.17,72.71,73.13,72.09,68.51,43.2,3,2,6,5,2
18.65,14.62,16.8,56.85,54.8,60.06,29.18,20.8,4,4,8,7,2
65.89,75.86,71.46,71.7,77.08,63.4,56.22,32.2,6,2,6,12,2
56.96,52.74,55.85,60.97,67.22,56.89,62.51,43.3,3,2,1,12,2
67.52,70.73,66.87,75.98,81.84,88.01,58.56,82.0,3,1,8,9,2
99.5,100.0,94.24,90.54,100.0,90.57,94.71,93.5,1,0,0,13,0
57.71,55.11,54.05,56.39,62.92,39.9,27.18,11.6,6,2,5,7,2
57.08,57.02,55.24,84.18,70.92,82.73,82.01,70.6,4,3,6,5,2
37.6,34.86,41.34,67.75,65.77,78.23,58.92,50.6,5,0,5,2,2
96.08,100.0,98.42,100.0,100.0,100.0,98.35,69.9,1,0,2,12,0
54.5,58.09,53.6,60.23,71.15,58.57,57.89,31.6,5,4,8,3,2
45.42,34.33,38.26,50.8,62.61,54.89,49.68,56.0,10,3,5,6,2
98.9,95.03,99.19,77.17,87.11,71.12,60.0,52.0,2,0,4,3,1
99.5,100.0,98.44,92.94,99.21,100.0,86.47,51.6,2,0,2,10,0
41.58,27.55,32.03,55.23,65.78,51.58,41.19,46.7,4,5,7,8,2
52.96,46.42,46.76,74.52,71.9,64.04,70.25,34.5,2,2,3,2,2
51.17,50.09,57.81,73.15,80.57,75.45,65.82,56.2,2,2,2,2,2
98.62,99.21,98.34,91.15,100.0,100.0,89.35,102.2,3,0,1,11,0
99.5,100.0,100.0,76.54,94.16,86.14,79.89,83.7,3,0,0,11,0
64.65,51.95,52.76,95.81,81.99,74.81,65.01,76.9,0,0,5,11,2
55.96,47.06,57.31,70.07,75.83,79.09,65.15,63.0,2,6,3,2,2
86.96,92.4,92.14,91.24,83.33,77.91,72.57,63.7,5,1,5,5,2
63.21,73.85,70.82,60.61,76.04,66.34,60.0,49.8,8,0,6,8,2
82.25,88.17,78.11,84.59,100.0,93.75,92.25,57.3,1,0,1,9,0
67.85,60.5,65.19,71.31,77.91,76.93,77.6,72.6,2,1,4,13,2
77.61,69.65,71.31,81.86,98.03,79.88,75.39,9.4,2,0,7,3,2
60.79,55.5,54.09,65.05,71.9,64.77,63.71,42.4,5,2,2,10,2
93.61,100.0,88.52,73.44,92.61,82.88,73.66,61.2,5,1,3,6,1
93.25,100.0,91.51,79.5,100.0,95.2,81.82,85.4,4,2,2,2,1
84.62,82.34,79.16,98.21,100.0,100.0,96.57,56.6,2,0,1,13,0
85.1,93.55,91.46,100.0,94.57,93.62,86.78,68.7,1,2,7,9,2
43.27,44.58,41.34,29.27,59.01,35.71,14.33,11.4,3,5,11,8,2
53.52,58.9,54.94,59.77,72.26,67.43,59.18,56.5,6,4,6,3,2
80.63,92.64,90.0,85.57,86.73,75.94,81.05,60.4,5,1,7,10,2
68.6,70.75,69.7,69.75,73.6,56.92,43.56,26.6,4,0,4,13,2
99.5,91.63,93.65,74.87,85.69,81.01,80.18,59.3,5,0,2,5,1
67.18,58.03,64.52,78.51,73.86,67.76,58.65,53.0,5,2,8,7,2
53.02,59.66,52.41,54.88,61.91,40.0,47.32,41.2,2,1,6,12,2
64.35,60.3,55.79,62.13,76.23,74.45,60.33,46.5,2,2,3,12,2
57.21,40.92,52.51,69.19,70.22,61.09,55.29,47.9,1,2,3,9,2
97.26,100.0,100.0,84.64,94.44,89.48,80.68,67.9,0,1,8,2,2
99.5,100.0,98.91,94.54,100.0,100.0,100.0,98.2,2,0,1,12,0
64.38,63.44,63.5,73.6,73.69,82.58,75.54,59.2,2,1,5,6,2
71.99,72.49,70.49,61.3,76.64,66.45,47.25,47.6,6,2,5,5,2
49.95,43.09,53.53,75.49,75.17,67.78,67.3,40.5,2,2,5,13,2
99.5,100.0,100.0,100.0,100.0,100.0,100.0,115.0,1,0,0,7,0
74.61,65.02,70.46,84.97,95.26,100.0,83.02,63.2,3,2,2,12,1
83.11,77.35,84.79,91.3,93.36,75.49,83.31,35.2,0,3,0,3,1
68.34,86.29,79.4,100.0,93.51,100.0,100.0,109.7,3,1,4,11,1
93.25,68.04,85.44,65.99,83.15,78.98,49.37,58.6,3,0,1,3,1
75.1,74.16,78.61,71.74,88.32,88.07,80.31,89.5,6,1,8,7,2
61.43,61.61,63.72,84.05,87.44,96.55,100.0,63.5,1,1,1,7,1
92.74,100.0,95.7,100.0,92.4,88.97,91.88,95.7,2,1,1,4,0
95.5,83.63,94.96,71.46,99.61,89.36,99.45,73.3,1,1,1,12,0
87.37,89.45,84.42,100.0,98.49,100.0,100.0,115.5,0,1,5,7,2
84.59,79.23,78.74,78.86,83.93,62.0,81.7,52.4,9,0,3,12,1
83.97,95.09,90.18,100.0,97.51,100.0,100.0,96.4,4,0,4,5,1
76.33,75.47,73.29,71.94,81.68,82.48,82.52,38.7,3,1,2,2,1
53.09,41.2,51.86,84.46,79.98,70.6,77.79,64.1,4,3,4,4,2
92.26,91.37,92.92,80.74,94.48,87.26,79.23,65.2,3,1,3,6,1
47.18,42.79,53.8,77.66,69.36,92.39,66.42,56.0,4,1,7,12,2
42.84,40.07,37.83,57.54,53.41,60.62,31.65,35.4,5,1,7,10,2
98.39,100.0,100.0,100.0,100.0,80.54,100.0,90.8,1,0,1,12,0
97.29,100.0,96.34,70.24,92.15,92.35,74.99,44.0,1,1,1,5,0
32.44,23.47,30.2,55.35,58.44,59.41,64.72,23.6,8,2,4,4,2
61.68,53.3,61.41,58.17,73.07,65.67,45.91,39.5,7,2,2,5,2
93.4,93.03,94.84,85.81,91.92,92.68,69.41,66.6,3,0,2,12,0
77.1,75.87,78.66,77.26,77.73,75.84,64.11,40.9,2,1,5,2,2
99.5,100.0,100.0,88.93,100.0,100.0,73.86,55.6,0,0,3,6,0
86.56,82.73,84.15,65.52,81.79,73.69,79.39,35.9,1,3,2,7,1
77.7,71.26,78.68,66.8,64.36,72.58,52.53,42.8,3,0,4,6,2
97.78,100.0,100.0,97.75,97.69,100.0,93.74,83.8,3,1,1,3,0
66.08,60.71,62.71,91.29,79.24,74.82,73.36,41.3,2,1,9,3,2
23.38,16.59,17.68,39.68,33.86,29.08,19.12,5.0,5,1,5,7,2
66.85,54.49,63.26,38.32,63.53,44.89,30.38,5.0,3,4,5,8,2
99.5,96.06,99.04,92.36,100.0,82.31,80.13,79.5,3,0,3,13,0
96.44,87.43,86.61,78.11,100.0,96.14,78.03,65.1,2,0,0,6,0
23.38,8.0,18.46,10.0,41.23,8.0,5.0,5.0,5,8,10,10,2
46.41,40.93,41.13,68.71,64.05,51.9,45.13,35.2,5,5,7,9,2
43.3,39.58,34.23,63.51,66.65,53.03,44.73,42.2,9,0,6,12,2
57.06,51.81,56.64,73.0,77.53,53.37,66.59,56.0,5,1,2,2,2
77.73,73.52,71.3,100.0,87.66,100.0,96.58,109.8,2,0,6,10,2
99.5,100.0,100.0,97.24,100.0,100.0,93.16,91.5,0,0,1,5,0
99.5,92.9,100.0,99.74,100.0,92.27,95.53,92.6,1,0,3,12,0
96.79,91.84,95.9,87.89,90.25,88.45,84.07,90.2,2,1,3,12,1
93.57,100.0,100.0,78.45,94.11,83.57,83.26,48.5,3,0,1,2,0
49.75,50.04,53.72,72.04,88.51,90.65,70.22,64.2,2,1,8,5,2
99.5,100.0,96.12,100.0,100.0,100.0,100.0,98.8,0,0,1,5,0
77.56,93.68,87.74,100.0,87.6,100.0,100.0,85.2,1,1,1,12,0
74.93,74.34,71.97,72.09,78.18,81.58,71.12,50.1,0,0,3,12,1
96.8,100.0,100.0,88.12,100.0,94.85,90.49,101.1,1,0,4,6,0
82.11,89.26,83.15,98.45,100.0,81.91,90.73,94.3,2,0,2,11,0
73.91,72.4,68.29,86.16,88.32,99.08,83.05,92.4,3,2,4,8,2
99.5,100.0,100.0,91.66,96.73,94.4,100.0,103.4,3,0,1,10,0
60.36,56.16,56.83,77.25,82.05,69.36,70.27,55.2,2,1,5,9,2
27.6,30.17,32.9,64.07,68.97,70.2,72.3,42.0,6,7,10,13,2
94.09,100.0,100.0,100.0,100.0,100.0,95.15,98.2,5,0,3,6,1
24.77,8.92,11.84,57.28,50.54,60.02,42.84,12.0,5,6,7,13,2
49.57,36.89,44.75,49.88,59.14,39.76,39.44,39.4,6,4,4,10,2
30.38,20.72,29.31,43.04,60.3,45.18,24.1,8.9,6,6,6,10,2
70.77,63.79,68.62,73.54,87.63,67.26,64.04,23.7,3,2,3,9,2
74.53,69.08,73.04,61.02,66.45,51.28,61.43,29.4,1,5,0,7,2
78.29,84.83,81.85,96.9,100.0,90.27,87.54,71.8,1,1,6,8,2
68.93,77.65,65.84,68.37,66.39,70.15,57.85,56.8,3,3,6,5,2
75.31,77.98,82.72,100.0,100.0,94.72,100.0,57.7,1,0,4,7,1
93.11,86.93,93.41,67.4,78.59,63.84,61.22,47.6,4,1,2,6,1
64.71,65.88,62.56,72.81,81.37,66.53,61.75,50.1,5,3,7,7,2
83.78,84.3,80.98,91.8,77.63,72.59,62.35,83.6,3,0,1,7,1
91.95,88.68,94.17,100.0,100.0,98.71,100.0,97.6,1,0,3,11,0
99.5,97.69,99.86,100.0,98.07,89.38,90.64,86.2,1,0,2,7,0
80.24,75.51,79.9,67.48,75.14,55.61,60.75,41.0,4,0,4,6,2
53.87,56.67,57.15,58.22,70.25,64.5,64.62,39.4,5,1,2,11,2
99.2,100.0,100.0,100.0,100.0,100.0,94.37,96.6,1,0,0,4,0
93.32,92.24,85.39,100.0,100.0,100.0,94.36,128.4,1,1,3,4,0
85.33,83.36,82.94,84.97,95.61,76.15,85.23,73.2,2,1,3,10,1
36.75,40.46,40.39,61.08,71.41,72.2,62.62,40.7,4,7,9,7,2
99.5,95.41,100.0,80.46,82.29,64.48,68.96,67.9,3,0,2,2,1
49.23,46.88,46.44,61.98,61.98,53.54,47.44,19.4,3,2,7,3,2
99.5,100.0,99.55,87.38,100.0,90.64,97.73,103.4,0,0,3,3,0
79.84,88.32,87.72,100.0,93.49,100.0,100.0,108.1,0,1,5,4,2
99.5,98.21,100.0,86.04,85.58,84.6,77.71,73.7,2,0,0,3,0
61.3,66.9,64.75,65.63,70.61,63.94,70.68,43.1,2,0,1,7,1
65.9,50.08,63.45,65.29,69.85,70.43,67.27,35.9,4,6,5,3,2
48.25,40.76,46.83,63.99,72.41,57.13,46.54,28.7,5,0,4,10,2
34.34,36.44,37.96,62.33,57.68,49.7,48.16,38.7,3,2,4,11,2
97.1,99.67,98.04,78.71,100.0,87.84,74.08,58.3,0,2,1,8,0
67.16,68.4,65.23,98.23,80.71,79.72,77.93,81.9,0,3,2,10,1
99.5,100.0,100.0,97.51,100.0,79.44,95.69,88.1,4,0,2,3,0
83.07,93.02,94.05,98.97,100.0,98.63,97.35,124.1,1,2,3,13,1
83.62,92.77,87.21,87.36,89.66,90.48,85.28,87.0,2,0,0,4,0
99.11,100.0,100.0,87.61,95.08,76.47,82.16,51.2,3,0,1,7,0
63.06,53.36,60.06,83.37,77.24,86.73,78.91,68.6,4,1,5,12,2
58.06,51.27,55.7,66.46,74.43,61.36,58.96,63.2,3,2,1,7,2
68.97,64.56,67.68,83.58,87.98,87.84,81.73,66.2,0,0,3,5,1
51.12,53.57,56.74,89.3,77.29,73.8,74.84,48.7,7,1,7,2,2
50.96,56.87,48.94,72.79,74.74,62.78,64.95,62.1,1,3,4,3,2
86.55,73.19,79.03,100.0,98.03,100.0,90.13,88.3,1,0,1,11,0
81.15,71.05,81.05,99.66,72.23,82.97,70.43,60.1,3,1,1,11,1
91.3,74.52,85.67,79.71,87.38,78.03,66.66,31.6,4,1,2,10,1
68.2,57.09,69.16,62.23,65.24,53.67,46.41,39.9,3,0,3,10,2
42.44,32.83,39.23,27.55,52.58,10.82,40.21,5.0,8,4,3,10,2
83.28,100.0,91.22,100.0,100.0,100.0,97.57,120.6,1,0,3,4,0
63.14,53.24,58.71,92.84,85.01,70.3,68.31,64.0,0,1,3,3,1
81.4,100.0,94.04,97.68,100.0,86.47,98.16,69.8,3,1,3,3,1
14.18,14.07,17.78,53.76,63.66,64.78,44.06,53.5,2,2,7,13,2
47.73,50.82,44.56,72.77,72.58,60.11,61.97,50.6,1,3,3,2,2
73.35,80.54,78.74,77.23,80.22,90.8,78.09,59.2,2,3,6,6,2
68.93,56.52,68.53,68.48,84.27,69.64,79.23,30.8,2,2,3,7,2
49.03,37.89,44.83,50.29,55.61,50.39,39.93,7.4,7,3,3,11,2
90.73,89.17,93.1,97.74,96.32,100.0,100.0,97.7,0,0,0,11,0
52.52,52.55,57.91,60.92,66.84,49.53,50.39,29.2,4,5,9,4,2
95.08,97.0,95.59,97.53,100.0,100.0,100.0,106.6,0,0,1,4,0
32.1,27.75,31.99,73.02,68.75,71.47,71.73,39.9,6,5,5,13,2
88.57,89.48,87.18,100.0,97.31,97.82,90.51,121.8,2,0,2,13,0
99.5,100.0,100.0,86.38,100.0,97.87,97.42,106.9,2,0,2,8,0
75.16,75.11,71.56,100.0,97.83,97.03,94.49,110.7,2,1,2,12,1
77.88,72.61,78.74,94.79,81.78,94.22,96.63,70.1,3,1,2,4,1
88.67,97.18,98.25,100.0,90.67,86.85,93.2,99.1,3,1,2,5,1
85.43,86.93,82.67,86.71,85.67,88.53,70.47,62.0,1,0,2,5,0
95.33,100.0,100.0,82.55,84.28,86.35,65.59,30.3,2,1,2,6,1
92.26,97.15,94.27,94.74,90.5,90.97,76.93,58.9,2,0,5,10,2
65.22,68.79,64.3,86.14,90.48,92.42,86.79,90.6,4,1,3,6,2
33.98,28.59,31.39,52.2,55.3,24.91,17.45,5.0,8,7,8,5,2
52.88,54.63,53.98,67.95,70.21,60.02,70.37,67.9,4,2,4,11,2
87.17,100.0,90.77,100.0,100.0,100.0,100.0,82.3,3,1,2,11,0
88.83,94.25,95.76,78.38,82.9,77.73,79.73,60.2,5,2,3,4,2
68.2,58.46,63.71,48.4,62.6,58.66,48.11,16.7,10,1,5,12,2
86.11,77.26,84.33,86.49,88.79,79.56,76.32,32.0,2,0,2,8,1
93.85,97.65,100.0,96.18,100.0,100.0,88.22,108.8,1,0,2,10,0
49.58,26.74,40.53,61.42,67.47,42.33,55.34,26.2,1,6,11,4,2
56.44,42.81,49.62,42.84,60.77,43.42,32.45,7.1,5,2,3,7,2
99.5,98.9,98.06,96.7,82.53,95.07,91.07,92.4,1,1,2,9,0
54.5,55.77,59.75,50.89,53.13,45.84,43.76,5.0,4,6,5,9,2
93.26,96.97,94.59,96.07,88.14,100.0,83.96,88.0,1,0,3,3,0
82.75,92.49,87.79,59.0,85.72,69.01,46.33,38.7,3,0,3,13,1
99.5,100.0,97.17,95.59,100.0,100.0,100.0,89.1,0,0,3,8,0
96.8,89.35,93.05,91.03,99.06,99.01,86.33,104.4,4,0,4,13,1
56.46,64.22,63.54,83.36,88.56,78.1,80.8,55.5,5,4,4,7,2
99.5,100.0,94.12,85.86,88.12,93.62,76.47,54.4,1,0,1,10,0
89.06,78.49,78.2,91.97,88.35,84.57,91.29,75.2,5,1,1,3,1
99.5,100.0,97.94,100.0,100.0,95.63,100.0,89.8,2,0,1,6,0
35.6,36.29,34.5,32.56,44.06,39.96,30.99,5.0,9,2,4,13,2
66.96,49.19,59.37,74.84,83.05,77.15,65.19,61.7,2,1,3,5,2
64.61,55.39,60.37,78.74,86.2,69.73,72.33,42.2,3,2,2,6,2
71.85,75.98,73.69,55.17,78.06,73.96,58.72,46.9,1,1,6,11,2
99.5,100.0,98.26,95.74,100.0,100.0,95.44,83.7,3,0,2,8,0
93.65,100.0,100.0,86.2,95.48,93.71,78.36,82.0,1,0,6,7,2
98.36,100.0,100.0,83.65,99.43,89.27,95.84,86.5,2,0,0,8,0
24.34,21.89,23.15,46.44,60.38,34.59,31.27,38.3,7,3,6,11,2
44.09,42.88,47.49,42.42,59.88,38.88,33.68,13.8,6,3,4,2,2
18.64,9.26,10.0,75.26,65.66,65.51,62.56,61.0,5,4,10,2,2
35.02,27.89,33.87,65.77,59.02,54.7,40.66,30.4,6,4,2,3,2
35.54,45.09,42.82,57.06,48.39,44.76,53.74,19.2,6,3,8,9,2
92.47,93.41,90.78,89.8,100.0,95.79,94.05,68.2,1,0,2,11,0
21.39,16.73,21.96,41.88,50.82,27.06,16.34,5.0,5,2,7,4,2
72.48,74.38,70.89,94.75,88.81,92.47,91.05,106.6,1,0,4,8,1
92.46,91.37,93.6,100.0,100.0,95.67,96.07,84.7,0,0,6,9,2
69.84,59.29,60.82,56.51,61.53,56.81,72.61,64.0,4,3,4,10,2
92.61,99.53,99.07,77.8,96.99,92.94,85.64,53.3,1,0,3,10,0
64.33,73.25,67.95,72.21,81.97,85.15,77.02,60.1,4,2,7,10,2
99.5,100.0,100.0,100.0,98.83,94.99,86.12,88.8,1,0,2,3,0
95.89,100.0,97.38,100.0,100.0,94.82,94.89,85.3,1,0,2,13,0
67.57,53.29,66.7,51.47,66.98,50.44,52.49,26.1,1,0,3,6,2
66.28,66.99,67.77,84.71,87.41,87.98,73.91,55.2,1,1,0,3,1
70.15,64.97,72.17,56.39,80.42,58.81,48.21,24.9,5,1,4,4,2
43.64,37.74,39.44,72.83,76.69,79.19,80.21,65.6,3,1,6,2,2
93.92,94.49,96.61,62.14,87.42,65.31,64.95,53.5,3,0,4,13,1
94.4,94.28,100.0,96.72,98.63,98.13,87.94,87.4,0,0,1,6,0
99.5,100.0,100.0,100.0,100.0,100.0,100.0,107.4,0,0,1,2,0
45.74,44.0,35.05,67.41,54.81,34.66,34.04,19.0,6,3,5,3,2
76.65,89.18,82.27,72.94,85.76,81.5,72.14,57.1,4,2,5,13,2
69.91,80.55,68.25,72.44,83.12,86.93,83.54,45.5,4,1,2,13,1
70.29,65.78,67.23,67.75,76.79,78.81,64.71,38.8,6,1,2,11,2
61.71,65.54,61.18,78.89,86.76,73.85,71.97,37.1,3,3,5,3,2
46.57,51.34,51.0,82.62,78.32,71.37,72.27,48.9,6,0,5,11,2
78.78,86.95,81.53,84.3,86.84,84.46,94.62,56.6,1,1,4,10,1
62.91,60.4,59.2,55.57,75.25,76.3,66.92,30.8,5,3,4,8,2
62.18,67.13,66.38,60.77,68.68,49.06,55.11,34.3,4,0,3,4,2
69.21,65.92,64.01,76.81,88.43,82.0,87.55,50.1,3,1,6,7,2
65.45,54.67,58.46,64.64,75.16,73.94,62.55,42.5,4,2,3,10,2
21.41,17.18,18.47,46.41,61.01,47.53,46.76,24.1,2,3,9,6,2
44.16,42.9,43.08,76.65,78.2,90.78,72.7,67.5,2,4,3,3,2
70.17,87.73,77.75,80.08,91.96,80.83,86.9,80.5,3,1,7,4,2
70.75,62.95,68.74,54.29,75.6,53.55,40.1,15.9,9,2,3,8,2
70.91,76.49,70.74,67.35,91.18,64.05,57.86,51.7,3,1,3,11,2
94.28,100.0,97.6,100.0,100.0,100.0,100.0,102.4,1,0,6,6,2
63.77,49.2,58.74,76.86,69.17,66.06,53.87,58.1,3,4,1,13,2
83.95,95.17,88.41,100.0,100.0,90.89,99.12,96.4,1,0,1,10,0
65.88,58.73,57.18,71.21,74.76,65.69,47.12,54.8,8,1,6,8,2
79.74,99.04,89.03,90.12,92.23,84.34,87.22,61.9,3,0,4,4,1
99.5,98.21,100.0,94.63,92.2,100.0,93.45,79.7,1,0,2,8,0
70.56,56.78,68.44,53.86,69.85,43.8,47.1,9.1,6,1,2,12,2
90.14,83.79,88.41,100.0,100.0,100.0,100.0,72.1,0,0,3,7,0
72.96,69.19,75.87,89.42,82.2,85.85,74.32,55.4,7,1,5,4,2
99.5,100.0,100.0,98.73,100.0,95.79,86.39,93.5,1,0,0,3,0
63.35,55.65,58.83,83.01,72.6,87.38,74.64,57.5,1,0,3,8,1
87.34,93.64,89.55,82.25,90.9,86.35,86.72,85.1,3,2,5,11,2
52.87,47.38,48.55,54.4,69.37,49.15,48.64,36.3,2,6,4,12,2
95.01,92.8,90.27,92.28,94.46,84.91,100.0,77.5,1,0,1,13,0
98.99,100.0,100.0,91.92,94.14,84.45,94.47,83.3,1,0,1,5,0
75.75,70.71,72.86,82.91,84.62,89.45,80.31,48.7,3,1,1,7,1
71.31,77.17,76.35,66.88,87.02,81.31,56.31,41.2,4,1,3,2,2
87.39,82.27,92.94,100.0,100.0,100.0,100.0,106.8,0,0,1,3,0
80.75,88.67,87.98,100.0,95.3,85.97,85.75,74.8,5,0,0,7,1
86.98,81.44,81.06,70.28,90.41,72.63,63.43,61.3,2,0,6,10,2
76.74,76.0,74.25,78.6,77.53,77.45,58.26,74.8,3,1,2,2,1
62.09,62.83,64.7,72.35,76.33,54.68,57.19,64.0,5,0,0,3,2
99.19,100.0,100.0,93.12,89.15,89.78,81.11,75.3,6,0,0,6,0
86.47,95.58,95.28,46.89,67.66,52.19,38.17,22.3,3,1,1,10,1
60.95,56.7,57.92,70.95,75.47,76.68,73.32,70.7,2,4,5,5,2
86.47,81.7,79.65,92.16,100.0,100.0,100.0,81.5,0,0,3,6,0
59.47,72.16,60.63,71.29,65.08,64.85,57.72,44.0,3,5,5,12,2
51.4,51.74,56.32,79.19,75.88,71.22,53.15,23.0,3,2,3,13,2
98.15,100.0,99.54,83.47,90.25,78.61,81.82,69.5,1,0,0,3,0
84.56,100.0,93.81,100.0,83.06,86.32,81.54,105.6,2,0,3,4,0
83.14,77.88,79.84,97.12,100.0,100.0,77.26,100.3,2,0,1,2,0
83.56,81.32,79.83,70.35,87.0,70.96,69.52,53.2,4,1,1,9,1
94.13,91.27,95.72,98.7,96.29,85.27,88.42,98.7,0,0,4,9,0
44.25,44.67,39.14,85.99,77.3,71.44,73.78,42.0,3,5,8,5,2
90.8,80.49,88.88,69.15,91.28,87.37,72.11,70.1,2,0,3,2,1
74.41,72.66,80.28,70.41,71.44,62.94,48.06,46.5,3,1,3,3,2
42.66,34.94,30.73,46.82,60.58,28.78,40.94,31.8,10,3,4,6,2
97.81,99.78,94.85,84.39,86.19,81.91,82.05,77.2,4,0,1,2,0
37.53,13.22,28.25,49.12,56.28,50.66,41.04,5.0,8,4,4,7,2
49.73,47.44,47.04,53.98,57.76,38.58,31.26,35.5,5,1,4,3,2
57.14,46.81,52.75,45.05,64.29,48.92,36.44,6.9,4,4,7,2,2
99.5,100.0,100.0,87.81,100.0,89.06,95.55,110.4,1,0,1,10,0
64.96,58.47,59.92,66.88,69.27,66.6,58.72,38.8,5,3,5,7,2
88.61,89.59,88.17,97.74,98.96,100.0,100.0,76.7,1,0,3,3,0
81.76,85.31,79.19,86.51,95.33,87.58,81.54,54.6,2,0,2,3,0
41.93,24.32,29.65,45.27,58.91,45.09,22.04,5.0,5,2,4,2,2
82.66,92.75,88.27,83.41,85.51,91.11,71.75,73.4,2,0,4,13,1
76.44,69.35,67.28,67.47,87.85,79.23,68.11,50.7,3,0,5,6,2
72.28,70.34,66.35,84.19,80.47,81.71,93.16,92.2,3,3,2,11,2
49.34,55.73,51.95,77.08,76.67,75.71,67.91,45.8,4,5,4,2,2
50.02,50.83,52.68,71.14,77.09,74.07,64.22,58.0,4,3,2,11,2
86.2,91.11,84.6,82.42,93.17,96.63,89.07,71.7,2,1,0,6,0
75.33,65.83,68.76,64.31,77.3,79.53,78.71,58.4,0,0,5,4,2
99.5,100.0,93.15,100.0,100.0,100.0,100.0,98.9,2,0,3,6,0
99.5,97.44,100.0,94.35,100.0,100.0,96.98,102.4,1,0,0,3,0
52.18,41.11,48.12,85.36,65.56,84.11,80.84,73.2,2,3,4,11,2
36.84,37.64,37.18,70.32,72.94,59.88,79.24,65.6,3,0,3,2,2
87.37,88.98,82.73,93.18,92.17,95.17,87.29,50.4,1,0,5,10,2
99.5,100.0,100.0,89.64,100.0,92.64,92.74,72.7,1,0,1,3,0
84.86,93.0,85.95,87.95,99.4,76.64,82.33,64.9,4,1,3,11,1
47.0,39.92,47.87,72.79,68.17,56.44,60.66,37.2,5,0,6,7,2
82.81,75.2,77.3,98.6,92.82,92.49,88.5,64.8,3,1,1,5,1
78.79,77.67,79.67,91.85,91.91,81.05,76.09,48.2,2,2,2,2,1
30.86,25.61,25.85,52.69,65.48,33.63,42.25,18.5,7,5,9,3,2
84.31,91.19,90.77,90.82,99.57,98.15,100.0,79.1,3,0,5,11,2
70.89,62.51,62.87,66.1,65.39,42.11,25.21,5.0,7,1,1,8,2
59.29,76.1,66.89,80.86,82.11,67.72,66.91,53.5,4,4,6,3,2
77.16,92.15,77.97,76.63,83.36,85.58,71.38,65.9,5,1,3,4,2
87.66,89.43,86.62,100.0,100.0,100.0,100.0,97.1,1,0,6,12,2
90.22,83.27,90.13,100.0,92.63,83.3,82.4,75.5,2,0,1,4,0
92.14,100.0,90.56,95.14,98.7,82.14,84.06,35.4,2,0,4,4,0
56.58,61.01,60.14,49.57,69.17,62.02,71.13,22.6,0,0,5,10,2
93.71,99.23,98.83,49.91,72.59,46.01,42.43,48.7,5,0,1,3,1
91.36,90.5,83.03,79.85,96.11,74.37,74.17,81.6,1,0,4,6,1
83.69,83.89,85.67,91.72,95.59,76.76,87.32,61.6,3,3,1,3,1
50.11,29.34,46.72,51.37,63.31,38.33,56.63,20.1,7,2,6,5,2
95.74,99.81,94.29,85.23,97.16,82.94,83.33,53.0,4,0,3,9,1
69.54,70.83,66.59,93.65,100.0,100.0,96.98,111.1,2,0,1,10,0
74.49,67.72,65.42,77.2,79.22,64.05,56.63,51.8,1,1,1,6,1
99.5,100.0,95.84,98.99,100.0,100.0,100.0,90.6,1,0,0,11,0
95.98,99.88,100.0,96.5,97.4,95.18,89.54,85.0,4,0,1,8,0
85.13,94.75,87.11,93.31,91.26,85.69,79.17,74.7,2,3,2,5,1
94.72,96.81,97.52,88.21,90.31,94.27,91.91,70.6,4,1,3,10,1
82.62,87.79,82.09,70.55,85.31,77.43,62.89,80.6,5,0,4,5,2
83.18,71.45,78.27,74.83,79.14,62.96,66.45,50.5,4,0,3,3,2
81.67,77.65,85.12,96.09,88.33,86.89,68.04,66.2,1,1,4,4,1
84.78,89.91,92.11,97.32,75.62,100.0,83.42,62.1,3,0,2,10,1
51.16,57.07,54.02,45.85,62.96,27.87,39.91,34.1,5,1,2,8,2
99.5,100.0,98.86,95.31,100.0,85.49,89.06,89.2,4,0,1,12,0
77.65,82.79,76.44,100.0,96.63,100.0,81.82,65.2,2,3,3,9,1
77.97,89.92,85.72,86.08,83.88,79.69,72.07,61.5,3,0,4,6,1
55.98,48.07,52.49,53.27,58.76,50.41,34.48,5.0,4,3,3,13,2
99.5,100.0,100.0,99.92,100.0,100.0,94.76,103.3,1,0,4,12,0
83.25,92.61,80.08,100.0,95.27,100.0,100.0,97.8,0,0,1,11,0
80.39,81.54,79.1,61.89,83.19,65.55,70.13,26.5,6,0,1,7,1
86.3,75.73,81.7,61.36,77.28,74.78,45.53,67.5,0,1,1,13,1
99.5,100.0,100.0,100.0,100.0,95.87,100.0,99.1,1,0,4,11,0
57.61,37.33,44.74,42.21,51.23,45.14,49.47,5.0,4,4,2,8,2
41.94,40.45,40.83,65.03,74.44,71.06,90.15,65.6,3,1,5,13,2
89.35,93.18,94.7,95.87,100.0,90.58,75.9,81.0,1,0,3,6,0
32.33,27.61,31.8,64.66,56.15,51.63,61.4,27.3,6,3,8,8,2
57.05,43.85,53.37,86.06,75.9,74.81,78.12,75.1,1,0,6,2,2
49.92,47.79,45.86,58.15,68.02,54.66,55.09,44.0,1,1,7,2,2
74.07,78.08,74.72,62.15,74.22,69.11,73.58,40.8,2,1,1,3,1
62.87,71.51,62.06,71.57,72.07,61.25,60.79,77.5,2,2,8,8,2
60.1,73.94,69.41,93.54,71.5,79.12,83.06,71.0,3,3,4,4,2
82.39,78.1,82.45,62.02,79.7,56.39,36.59,28.0,5,1,2,7,2
47.19,60.98,52.94,63.88,69.39,47.93,33.96,5.0,5,1,7,7,2
89.89,89.01,90.27,93.17,93.88,98.14,92.12,114.4,0,0,3,10,0
97.86,95.01,100.0,88.76,82.25,87.05,97.43,52.9,6,1,1,6,1
86.63,93.83,97.43,100.0,96.15,100.0,100.0,113.0,2,1,2,8,0
37.48,35.09,36.9,35.63,60.72,32.02,39.92,5.0,4,3,5,4,2
99.5,100.0,100.0,84.09,100.0,93.2,82.1,84.0,2,0,0,7,0
58.56,35.56,51.41,50.09,63.33,55.32,51.69,34.8,1,1,9,13,2
50.46,38.08,51.57,51.31,69.0,42.01,56.39,59.8,6,3,4,5,2
52.13,48.62,53.9,50.12,50.12,37.26,32.41,5.0,10,0,4,10,2
89.9,90.32,91.66,100.0,100.0,100.0,86.98,115.8,1,0,2,5,0
68.19,59.89,68.12,42.25,57.69,51.52,52.53,5.0,1,1,1,7,2
58.45,59.83,60.65,69.64,77.67,58.08,67.36,52.5,2,2,4,4,2
99.5,100.0,94.11,85.87,87.93,80.08,68.71,52.2,2,1,0,11,0
92.59,100.0,99.69,85.5,92.44,88.74,98.12,76.3,2,0,1,11,0
94.16,100.0,93.2,73.62,87.1,84.2,70.42,65.8,3,0,2,6,1
52.0,59.35,54.45,83.12,74.1,89.96,87.18,81.9,2,1,5,9,2
71.25,60.66,64.13,72.21,77.97,64.04,59.32,58.8,3,2,4,8,2
92.8,100.0,94.49,95.44,100.0,98.07,87.03,84.7,3,0,3,13,0
94.46,100.0,97.52,78.78,91.3,86.49,83.89,58.2,2,0,0,7,0
99.5,100.0,100.0,97.79,100.0,100.0,90.93,110.2,3,0,2,4,0
87.12,95.2,88.51,72.22,80.53,75.15,77.25,67.2,2,1,2,10,1
74.1,71.55,78.98,56.81,76.3,48.68,50.36,14.3,1,0,2,9,1
81.07,83.08,75.43,91.2,93.8,98.72,83.18,69.9,5,3,2,8,2
80.07,76.28,73.71,96.69,92.56,78.83,81.14,61.4,2,1,4,6,1
80.49,97.75,83.66,75.76,93.26,83.91,82.85,70.8,0,1,2,5,0
78.23,78.16,81.26,100.0,92.05,100.0,97.13,90.0,5,2,3,9,1
87.37,86.13,83.18,60.2,80.6,68.5,64.22,51.1,0,0,0,13,0
59.57,48.78,50.48,43.44,61.97,37.78,50.81,23.4,10,6,5,8,2
84.02,77.35,88.67,100.0,92.19,99.18,90.96,49.8,3,1,4,9,1
38.45,37.6,37.6,51.64,57.54,34.4,33.29,5.0,6,3,4,5,2
68.72,77.43,77.98,90.19,100.0,83.12,84.4,83.4,2,2,7,5,2
72.4,70.12,75.66,63.6,72.01,50.05,39.4,20.3,0,2,2,2,2
51.14,43.78,51.57,58.01,71.39,56.13,64.23,46.6,4,3,3,10,2
49.24,45.52,52.86,37.9,52.06,44.02,27.47,5.0,1,4,5,3,2
84.39,85.66,83.8,92.84,95.56,86.3,91.42,78.5,1,2,4,2,1
80.4,80.11,75.68,59.0,77.04,59.89,53.49,32.5,2,0,2,12,1
99.5,100.0,100.0,94.73,100.0,98.24,95.01,73.7,2,0,0,10,0
79.47,59.54,70.49,69.57,90.75,61.88,60.85,27.5,7,0,1,2,2
66.28,65.38,68.35,42.23,63.91,34.21,27.91,13.0,5,0,1,9,2
35.37,46.9,43.36,61.32,67.21,40.37,36.66,47.0,13,1,9,3,2
62.07,73.57,63.22,60.43,81.93,72.66,67.68,57.7,3,2,3,5,2
73.57,85.38,75.69,93.22,93.65,90.68,88.94,98.7,2,2,1,5,1
71.06,75.9,72.55,61.11,66.49,42.21,46.65,25.3,7,1,1,9,2
99.5,99.45,100.0,91.87,100.0,95.54,91.18,90.7,0,0,0,9,0
76.36,81.94,75.34,85.02,98.79,99.2,99.13,62.4,2,2,5,6,2
99.5,100.0,100.0,100.0,100.0,100.0,98.27,100.1,3,0,3,4,0
73.11,72.88,66.44,82.55,83.03,86.3,89.37,81.0,1,0,4,7,1
79.89,95.37,92.25,100.0,100.0,100.0,100.0,84.5,1,1,5,6,2
87.43,89.34,89.12,79.48,87.26,78.62,68.44,71.5,2,2,3,7,1
99.5,89.47,97.82,100.0,93.24,84.37,91.22,65.1,2,0,2,5,0
38.56,27.12,36.52,24.78,37.63,15.12,5.0,5.0,9,6,5,3,2
49.93,46.29,39.28,67.89,76.81,47.83,61.61,22.7,4,2,8,7,2
96.75,100.0,96.85,85.96,100.0,98.09,74.66,46.1,1,0,1,11,0
91.88,94.05,92.11,96.02,89.89,84.84,100.0,90.4,7,2,5,13,2
76.07,64.99,76.71,100.0,87.72,76.2,73.51,65.1,1,1,7,3,2
73.1,67.37,70.6,74.34,87.5,73.01,66.97,75.0,0,2,2,7,1
75.11,67.43,77.89,68.95,76.31,66.63,65.84,71.7,2,2,3,12,2
87.19,81.56,92.34,81.58,82.96,92.97,73.25,73.0,4,1,2,13,1
29.41,18.56,27.64,52.01,67.86,43.64,21.79,29.4,5,6,9,9,2
98.86,100.0,100.0,74.32,77.87,63.5,51.97,56.7,3,0,1,13,1
91.41,80.93,83.34,79.01,89.45,77.29,80.59,78.9,4,0,1,5,1
85.24,95.02,91.54,80.45,94.76,80.88,81.99,61.2,1,0,4,10,1
68.69,55.74,62.56,68.4,87.92,59.85,59.96,31.8,5,1,3,9,2
48.39,37.84,50.02,52.11,65.51,50.84,28.49,5.0,2,5,3,12,2
77.66,78.46,72.18,80.56,76.48,82.79,79.16,61.8,3,1,3,7,1
89.06,93.99,88.32,98.89,95.87,100.0,100.0,85.5,1,1,5,9,2
84.73,93.23,91.76,92.57,91.64,91.76,97.6,62.4,1,0,3,4,0
59.03,57.56,65.44,71.53,78.39,67.33,67.81,43.6,1,2,3,3,2
53.58,49.96,55.2,66.39,63.48,54.96,57.46,28.5,5,1,5,6,2
81.69,67.85,81.65,91.29,93.94,94.94,85.36,66.9,3,0,3,3,1
91.71,99.73,95.6,88.94,100.0,94.43,90.57,58.8,2,2,4,8,1
83.28,98.86,96.15,81.94,85.75,84.56,80.37,92.0,5,2,4,5,2
41.55,34.32,39.93,70.03,75.47,69.47,58.17,23.7,5,1,7,5,2
58.63,60.64,61.63,69.6,77.62,70.78,47.54,53.2,6,1,7,3,2
53.78,48.63,52.85,78.56,87.09,78.22,85.76,75.1,1,1,4,7,2
54.26,55.45,53.87,50.72,79.23,49.21,33.82,21.7,5,1,2,8,2
90.3,98.52,95.35,100.0,91.66,85.37,87.26,65.9,1,0,1,11,0
89.6,93.55,92.34,95.38,100.0,97.58,98.54,107.6,1,1,2,12,0
68.9,70.75,71.65,99.89,90.86,92.43,91.02,96.6,1,1,4,12,1
72.23,81.6,67.05,100.0,95.76,95.43,90.71,92.5,1,1,2,8,1
89.61,96.85,89.12,94.69,99.01,100.0,93.16,106.5,0,1,3,12,0
94.58,93.07,92.16,100.0,100.0,100.0,100.0,105.3,0,0,5,3,2
98.61,93.22,90.82,100.0,95.34,97.37,93.99,98.0,0,0,5,3,2
78.6,85.3,77.63,79.62,94.03,78.59,91.75,81.1,5,0,2,12,1
62.46,56.63,63.3,76.66,89.66,77.43,67.52,45.7,1,3,5,6,2
99.5,100.0,100.0,78.79,89.97,89.61,96.94,72.4,3,0,2,7,0
84.79,98.77,94.23,100.0,96.87,100.0,100.0,89.5,1,0,1,8,0
79.5,68.97,79.35,80.04,83.64,69.93,60.57,67.3,4,0,4,4,2
87.25,84.75,90.47,86.75,100.0,92.24,100.0,89.9,3,0,1,5,0
84.54,100.0,90.79,82.62,100.0,99.6,100.0,63.8,2,2,1,10,0
99.5,98.29,100.0,82.91,91.75,91.99,74.9,33.3,4,0,2,11,1
59.95,67.89,60.9,80.87,79.7,71.91,73.03,58.3,2,2,7,8,2
99.5,100.0,100.0,87.79,99.23,92.5,93.58,74.9,4,1,2,9,1
40.45,39.96,44.01,65.19,64.92,67.69,61.0,35.2,4,0,3,7,2
39.92,27.9,38.16,60.09,58.48,49.72,42.79,28.2,2,5,7,6,2
55.84,55.76,55.93,80.66,79.73,64.12,62.1,62.9,5,2,5,9,2
91.24,96.04,90.54,100.0,91.68,100.0,100.0,107.0,2,0,1,12,0
66.31,62.92,65.21,67.84,66.67,61.8,64.13,53.3,0,5,2,9,2
74.94,84.61,72.71,92.1,84.21,82.19,85.42,79.8,2,0,5,6,2
92.64,100.0,99.77,82.35,91.03,84.0,80.6,94.9,1,0,1,3,0
57.54,43.13,50.32,67.96,79.67,83.18,68.14,52.5,2,3,6,5,2
89.97,100.0,92.29,79.51,90.67,94.62,97.6,78.9,2,0,5,11,2
99.5,100.0,92.56,100.0,100.0,97.0,100.0,104.0,0,0,3,7,0
99.5,100.0,95.65,100.0,100.0,89.43,99.67,99.9,3,0,2,9,0
92.09,100.0,100.0,91.15,100.0,100.0,100.0,71.7,1,0,0,5,0
99.5,97.08,96.16,100.0,98.13,84.64,78.48,97.3,1,0,1,11,0
52.55,44.28,53.64,71.98,70.1,65.94,67.1,59.6,3,6,2,2,2
70.95,77.2,68.29,62.55,76.82,72.26,49.3,25.9,1,4,5,2,2
78.01,79.51,73.28,75.94,97.27,86.53,87.2,62.8,3,3,1,9,1
93.45,100.0,95.9,75.73,88.27,67.41,56.49,52.6,2,0,1,4,0
99.5,99.35,99.74,100.0,100.0,96.72,75.54,109.8,2,0,1,9,0
99.5,100.0,97.32,100.0,91.48,100.0,100.0,101.0,0,0,3,9,0
92.21,98.64,94.67,80.73,89.75,86.35,80.59,69.8,2,0,1,4,0
99.5,100.0,96.62,100.0,97.07,99.92,90.23,87.0,0,0,0,12,0
94.33,100.0,100.0,93.55,98.0,100.0,83.49,100.5,1,0,3,9,0
99.5,100.0,100.0,95.12,100.0,100.0,100.0,96.0,0,0,5,5,2
76.82,81.36,82.76,95.96,99.07,77.34,91.94,81.6,1,2,4,3,1
85.78,75.17,76.32,97.98,97.3,91.47,92.05,86.6,3,1,2,8,1
99.5,100.0,100.0,100.0,100.0,100.0,97.97,94.0,1,0,2,8,0
82.8,65.22,73.82,64.61,83.52,81.88,87.25,74.9,1,1,3,2,1
99.5,94.59,95.33,100.0,95.39,96.83,90.12,76.1,0,1,2,13,0
74.86,66.66,74.61,57.59,69.33,64.4,55.35,25.0,3,6,3,7,2
73.56,86.54,78.95,100.0,100.0,94.64,88.02,85.3,1,1,4,13,1
67.01,64.46,66.52,75.86,84.37,80.38,54.48,49.7,4,2,4,6,2
93.64,100.0,96.27,99.46,96.94,94.41,100.0,86.6,2,0,2,10,0
87.49,84.35,82.71,100.0,100.0,100.0,90.19,99.2,2,1,5,6,2
29.54,13.22,19.29,53.41,59.7,45.73,25.25,13.7,5,1,7,2,2
95.71,82.65,89.63,90.74,92.66,93.97,86.76,68.2,4,1,3,13,1
94.59,88.74,91.6,96.24,93.62,83.06,94.78,50.3,5,3,2,4,1
80.93,75.93,80.7,67.16,82.65,82.15,60.51,26.8,3,3,3,2,2
36.27,40.91,41.59,64.4,66.86,48.01,40.66,29.6,4,2,4,13,2
54.45,56.84,54.65,43.15,66.12,52.96,49.23,5.0,7,3,0,8,2
67.85,70.78,69.67,92.42,84.92,84.11,76.99,65.4,3,1,8,9,2
50.03,37.06,48.78,32.07,48.79,28.75,33.9,5.0,8,6,2,6,2
95.07,100.0,95.94,92.33,87.03,95.57,89.67,83.1,1,2,0,6,0
45.58,49.3,48.72,50.81,57.21,51.78,63.56,28.8,5,4,13,5,2
89.2,90.02,90.38,91.22,100.0,95.35,99.71,85.7,0,1,1,12,0
77.64,72.99,74.6,70.98,86.51,75.29,70.85,33.6,2,1,1,5,1
99.5,100.0,94.61,100.0,100.0,94.19,87.78,81.5,4,0,3,4,0
82.42,69.81,73.85,80.43,87.53,76.8,74.84,76.4,2,3,3,2,2
41.76,43.86,46.72,58.42,59.45,43.29,32.56,22.8,6,4,8,9,2
89.19,92.3,83.91,100.0,100.0,100.0,100.0,81.3,2,0,5,13,2
53.19,48.88,58.65,70.64,76.07,69.98,63.18,30.0,5,3,2,7,2
99.5,100.0,96.98,93.92,93.64,76.71,81.54,92.0,4,1,1,4,1
76.82,72.32,68.03,77.84,78.34,66.9,69.45,35.9,2,1,3,10,1
40.89,42.7,39.42,40.12,54.78,50.74,27.84,11.8,12,3,2,4,2
99.5,90.31,86.99,82.47,99.78,100.0,78.76,79.6,1,0,1,12,0
35.79,33.01,27.91,62.64,60.83,61.59,29.84,29.7,8,2,3,3,2
54.4,50.09,53.16,71.88,78.49,67.39,70.27,63.0,3,5,6,10,2
75.19,61.11,63.58,68.12,80.55,60.86,58.72,50.9,3,5,4,11,2
86.72,80.89,78.44,82.28,87.82,78.63,84.23,71.5,2,2,2,12,1
71.33,79.37,74.6,91.78,93.31,100.0,91.65,101.6,1,3,1,8,1
68.26,60.67,65.67,88.51,70.78,62.52,63.15,96.2,3,0,2,4,2
84.88,93.15,90.01,88.01,97.97,93.81,100.0,134.3,1,2,4,5,1
86.5,85.42,87.01,86.41,100.0,93.65,87.18,89.0,1,0,3,11,0
75.69,69.65,73.16,97.19,94.15,88.86,100.0,83.7,0,2,2,10,1
68.6,68.01,70.65,43.02,62.88,41.79,40.71,11.3,4,1,2,5,2
84.98,96.51,92.99,100.0,100.0,100.0,100.0,119.3,1,1,3,3,0
98.6,85.47,93.86,82.5,88.08,77.98,81.1,43.8,4,0,2,2,1
56.9,56.39,58.73,63.48,59.35,56.5,48.47,34.8,3,2,5,12,2
82.34,88.6,74.26,96.17,93.73,91.19,84.74,87.6,1,0,4,3,0
79.98,79.41,78.0,88.4,88.91,74.96,82.11,48.4,0,3,4,13,1
91.78,84.92,94.92,54.86,86.03,64.6,53.29,38.6,4,3,2,12,2
74.84,90.41,78.51,100.0,100.0,99.15,88.36,78.6,2,0,5,6,2
73.16,77.7,76.89,82.55,79.5,82.0,75.36,82.2,3,1,4,4,2
64.99,74.54,69.54,70.31,86.3,70.11,51.22,47.6,4,3,3,4,2
71.47,75.88,70.62,86.19,92.32,70.62,74.67,39.2,4,1,2,3,1
99.5,100.0,100.0,100.0,100.0,100.0,100.0,102.2,0,0,2,8,0
65.45,61.98,62.29,91.9,81.99,85.12,75.5,69.9,1,1,6,7,2
63.32,63.69,61.48,72.79,77.63,72.31,72.42,22.1,2,5,2,9,2
85.36,99.07,88.55,95.93,100.0,96.5,100.0,97.9,1,0,1,11,0
67.21,65.28,62.99,78.97,70.63,66.04,55.51,29.7,2,4,2,8,2
64.51,80.5,66.57,87.45,81.5,82.18,79.45,73.9,3,1,2,11,1
87.68,87.85,85.78,35.95,70.96,44.43,45.52,39.1,1,1,2,12,1
88.74,86.6,88.18,100.0,100.0,100.0,100.0,109.9,0,0,0,5,0
79.41,75.64,76.45,79.94,74.35,72.91,69.82,52.3,1,3,1,11,1
95.13,100.0,95.19,87.55,92.19,94.52,96.75,98.6,0,2,3,11,0
96.79,88.85,100.0,89.12,87.73,89.35,88.03,82.4,3,2,2,7,1
86.22,87.73,89.68,90.97,88.23,74.44,76.28,69.3,1,1,1,11,0
23.2,8.0,10.81,10.0,43.23,8.0,5.0,5.0,10,3,4,5,2
94.46,98.95,97.17,97.69,100.0,90.21,89.41,91.9,2,0,1,10,0
89.4,80.8,87.29,67.27,81.84,77.52,62.46,38.3,4,0,3,7,1
80.77,93.22,99.54,92.33,98.17,86.04,87.98,84.1,3,0,1,8,0
79.58,78.29,80.44,93.88,92.88,76.12,86.03,77.0,0,1,3,6,1
99.5,100.0,100.0,89.05,98.73,89.64,89.93,88.3,1,0,2,4,0
99.5,92.07,95.07,82.9,97.82,91.54,97.9,76.5,2,0,2,11,0
70.29,65.46,65.35,71.57,75.77,61.67,52.39,45.9,2,2,6,12,2
58.99,43.73,48.56,55.46,58.15,38.9,46.9,20.8,5,1,5,12,2
35.08,42.64,41.48,67.87,69.37,59.63,81.35,51.7,3,4,3,8,2
99.5,99.87,95.98,90.25,99.22,100.0,96.32,116.7,1,0,1,4,0
37.13,32.55,32.8,58.48,63.07,70.28,42.48,39.2,5,3,6,13,2
91.25,98.77,96.17,90.58,100.0,98.02,97.26,84.8,4,1,1,8,0
47.07,34.17,40.86,46.71,51.46,42.24,29.13,33.3,5,2,7,3,2
54.73,49.59,53.39,79.66,79.9,91.58,100.0,89.9,2,0,5,5,2
98.57,100.0,94.09,91.34,98.3,91.14,91.51,81.4,2,0,2,4,0
94.67,87.12,82.27,100.0,94.66,100.0,99.11,77.9,2,0,5,10,2
68.25,84.09,79.41,97.45,91.58,100.0,93.94,66.5,0,2,5,9,2
71.47,74.68,77.33,90.78,97.23,86.98,85.17,90.1,1,1,0,2,0
52.9,38.19,46.32,55.48,67.23,61.78,52.48,74.0,0,4,4,11,2
81.83,82.29,82.42,78.9,86.09,81.31,78.37,66.9,2,1,4,2,1
72.13,75.08,69.49,68.83,83.66,71.88,63.24,11.2,2,2,6,6,2
85.73,78.12,81.79,70.16,72.07,65.72,66.77,64.6,1,0,6,7,2
84.35,63.79,86.23,47.39,63.41,43.95,41.67,26.4,7,1,4,6,2
85.99,90.73,94.96,98.81,91.35,99.3,100.0,84.3,2,1,4,7,1
65.0,70.67,68.28,77.13,79.19,64.85,71.11,37.6,7,1,4,3,2
99.5,100.0,92.08,75.42,84.5,81.13,84.9,83.9,2,0,1,5,0
99.5,100.0,100.0,99.82,100.0,89.28,81.65,78.9,8,0,2,5,0
64.01,68.23,64.56,59.02,59.42,65.63,55.83,53.3,1,3,5,8,2
85.69,100.0,89.48,89.76,98.87,97.48,89.93,85.2,1,0,1,6,0
98.88,86.59,94.19,100.0,100.0,100.0,100.0,126.3,3,0,2,9,0
95.62,86.28,99.79,68.84,86.87,82.33,75.8,61.7,4,1,4,2,1
93.08,100.0,96.31,99.21,100.0,100.0,100.0,97.7,1,0,3,4,0
60.86,56.47,63.19,58.89,65.06,52.36,28.83,26.8,3,6,5,2,2
75.27,60.75,71.46,71.39,71.11,55.05,62.45,40.6,3,1,3,5,2
82.34,74.36,80.89,61.86,85.97,69.46,64.7,27.4,3,1,1,5,1
50.8,66.1,59.29,89.6,75.24,94.02,90.11,56.3,1,4,4,6,2
87.92,87.22,86.0,78.98,86.29,71.48,76.43,67.4,3,0,5,11,2
86.08,91.68,82.79,84.22,100.0,82.81,90.58,97.5,3,0,1,10,0
33.09,38.74,41.64,44.69,62.05,53.19,42.13,5.0,5,3,8,7,2
66.51,66.06,60.26,69.83,73.39,71.89,57.48,63.7,4,0,5,10,2
95.03,100.0,98.09,89.46,98.36,77.21,87.24,62.5,4,1,1,10,1
97.26,100.0,100.0,61.81,90.77,68.58,59.84,79.3,2,1,0,5,0
72.77,65.38,71.36,55.51,69.87,49.3,52.95,55.9,3,1,5,11,2
99.5,100.0,100.0,100.0,100.0,82.17,89.09,87.3,2,0,1,13,0
89.85,100.0,96.13,79.03,100.0,96.78,89.61,74.5,4,0,3,13,1
95.47,96.35,100.0,75.63,86.24,83.8,80.5,52.1,2,2,3,13,1
75.63,70.33,79.07,82.41,84.57,92.42,90.77,83.1,3,3,3,4,2
72.48,84.81,71.45,93.02,88.42,79.71,91.05,66.2,2,1,4,8,1
72.2,53.07,70.2,89.82,90.42,87.22,78.27,44.3,3,1,5,3,2
84.16,97.38,88.94,82.26,93.42,80.31,70.83,80.6,5,0,6,11,2
41.49,37.86,37.09,78.62,72.9,69.51,49.09,31.0,9,2,8,6,2
99.5,100.0,95.4,95.77,97.52,83.02,91.23,69.7,2,0,0,13,0
54.13,52.02,54.37,73.0,83.7,62.33,62.81,29.2,2,1,7,6,2
55.56,61.83,55.71,60.85,66.14,51.32,57.34,31.8,5,2,1,9,2
88.01,90.19,89.15,84.76,89.08,70.59,72.55,43.1,4,0,4,13,1
75.54,76.48,75.89,75.73,82.02,90.42,73.02,45.8,4,0,3,12,1
90.34,84.71,89.38,75.5,83.42,91.18,85.8,67.5,4,0,0,3,1
34.74,25.62,34.47,52.49,67.13,59.44,59.06,27.1,3,6,4,9,2
65.2,72.49,72.68,83.63,87.07,71.28,84.09,75.8,7,1,4,3,2
47.33,43.28,50.42,49.32,66.45,45.59,34.97,32.1,7,2,11,6,2
65.29,74.78,74.97,66.35,73.88,72.55,54.17,29.5,7,0,1,6,2
80.91,78.47,78.94,94.68,94.75,88.11,97.93,73.8,3,0,2,10,1
57.02,46.94,50.26,77.81,83.94,60.47,67.31,59.1,1,2,7,4,2
99.5,100.0,99.35,100.0,100.0,100.0,81.94,106.8,0,0,3,2,0
81.9,89.47,82.82,100.0,94.19,100.0,100.0,67.6,2,0,1,9,0
69.05,65.95,62.63,100.0,100.0,91.61,100.0,67.7,1,0,4,2,1
75.49,74.95,74.26,80.85,97.39,83.83,81.95,77.0,2,1,4,2,1
95.42,100.0,99.91,94.68,90.16,83.52,92.38,80.5,2,1,2,13,0
83.05,75.03,84.85,78.06,81.59,97.75,97.11,62.0,1,1,1,2,1
99.5,100.0,99.31,100.0,100.0,100.0,100.0,108.5,0,0,4,8,0
66.51,57.69,67.48,62.9,67.95,56.58,45.07,25.4,4,1,1,3,2
38.85,31.06,35.92,49.13,68.18,61.31,53.55,62.7,8,3,5,11,2
74.7,77.98,66.42,58.58,75.77,67.37,47.33,26.0,2,2,1,12,2
99.5,96.96,93.09,78.65,91.5,68.12,80.54,63.2,4,0,0,11,0
83.72,97.6,90.63,62.7,96.02,80.41,79.93,63.4,1,0,3,12,0
59.06,49.1,48.03,77.03,84.83,65.9,60.21,55.8,1,0,5,9,2
94.41,99.6,91.04,86.18,85.05,87.16,79.72,79.7,0,1,2,10,0
88.59,94.41,84.7,100.0,98.64,100.0,97.62,89.7,2,0,6,2,2
97.46,100.0,97.58,100.0,100.0,96.43,100.0,91.0,2,0,5,10,2
99.5,86.43,95.48,100.0,100.0,95.94,87.37,72.2,2,0,3,4,0
72.34,68.1,63.89,96.18,84.34,94.24,88.61,95.0,0,0,2,10,0
99.5,100.0,100.0,100.0,100.0,100.0,100.0,82.3,1,0,2,7,0
59.24,42.43,52.89,70.38,81.84,64.91,64.7,29.9,6,1,2,3,2
92.99,76.19,81.31,97.74,93.01,100.0,85.57,96.6,1,2,1,3,0
99.5,89.06,95.68,74.64,84.75,74.33,65.07,34.7,5,0,2,3,1
99.5,100.0,96.66,83.93,100.0,88.66,74.37,89.7,3,0,1,5,0
47.32,45.21,43.43,39.62,62.52,48.16,27.07,42.6,8,8,4,11,2
79.9,68.86,70.63,54.45,82.69,68.75,60.45,61.5,5,1,3,8,2
99.5,100.0,99.61,91.09,100.0,78.05,87.19,61.1,5,0,1,4,0
82.82,85.76,82.93,71.39,85.56,73.02,74.96,48.6,1,1,1,7,1
97.67,100.0,97.5,100.0,100.0,100.0,81.81,85.8,0,0,2,5,0
99.5,100.0,99.18,100.0,100.0,96.06,100.0,96.2,1,0,2,6,0
91.47,98.18,94.95,85.48,89.53,78.89,67.03,77.8,1,2,1,5,1
57.01,48.53,52.98,63.79,66.3,60.77,51.18,31.0,3,3,3,10,2
69.22,64.18,59.35,59.68,72.3,41.19,47.61,29.2,2,3,6,2,2
83.48,79.44,81.74,61.52,76.51,57.91,55.35,31.7,3,3,6,13,2
70.8,77.14,69.33,100.0,100.0,100.0,97.3,98.4,0,1,3,6,0
99.5,96.01,100.0,95.03,98.1,100.0,87.56,102.3,1,0,0,7,0
74.3,81.08,78.58,70.43,80.75,48.64,70.44,11.6,4,1,4,9,2
84.1,90.7,90.55,88.92,92.16,92.06,86.35,76.1,0,1,1,9,0
34.92,37.77,33.81,61.5,63.69,55.11,47.77,44.4,4,1,3,7,2
79.03,85.12,84.9,84.71,77.37,82.37,76.21,76.0,6,3,1,3,2
85.07,85.85,80.88,78.44,100.0,95.31,100.0,98.9,1,0,2,5,0
61.96,51.03,57.72,69.73,83.3,67.66,81.56,46.6,2,2,8,3,2
32.31,30.82,28.09,51.7,55.86,45.61,46.2,5.0,2,2,10,3,2
99.5,100.0,100.0,100.0,100.0,100.0,97.21,95.0,1,0,1,6,0
82.06,87.15,90.87,91.06,98.04,77.91,77.13,82.6,1,1,2,12,1
61.15,75.96,68.17,75.89,80.42,73.26,65.85,28.2,7,4,7,6,2
73.45,68.03,65.4,85.6,77.2,69.73,69.62,51.9,4,2,8,4,2
27.78,16.32,20.71,36.88,47.79,19.17,44.83,7.9,4,2,3,5,2
73.81,80.84,88.71,99.53,91.35,100.0,89.65,78.0,3,1,6,2,2
62.25,52.81,61.93,59.53,69.54,42.36,47.72,33.8,2,3,3,6,2
73.06,66.25,67.38,59.42,62.46,52.86,54.09,8.3,3,0,2,6,2
70.71,79.32,77.65,78.54,93.89,74.94,75.45,79.4,5,2,5,6,2
94.86,86.88,92.32,58.72,78.44,67.15,65.12,46.4,3,2,2,6,1
88.95,81.71,96.7,63.53,85.11,65.17,79.34,35.8,5,2,1,6,2
99.5,100.0,99.97,100.0,100.0,100.0,100.0,77.8,2,0,3,2,0
99.5,93.61,96.24,100.0,97.2,94.52,72.65,77.3,3,0,5,11,2
61.88,67.3,63.65,86.73,91.08,98.6,100.0,97.3,2,1,4,11,1
79.56,81.09,78.59,85.78,77.82,90.24,89.87,61.9,2,2,9,6,2
79.69,88.93,80.34,80.76,98.43,94.9,84.11,53.7,1,1,1,10,0
99.5,100.0,95.19,78.86,99.71,88.96,80.94,55.3,3,0,2,7,0
24.37,17.21,19.73,55.01,71.43,58.32,36.3,57.0,4,4,8,8,2
82.15,83.53,85.75,75.38,91.44,89.6,91.2,72.4,3,1,4,10,1
99.5,100.0,98.66,96.45,100.0,100.0,100.0,86.0,2,0,2,11,0
98.98,99.17,96.75,81.29,99.11,94.84,78.83,105.1,4,1,1,12,1
65.79,75.54,64.19,77.57,78.6,69.68,75.0,68.7,1,3,2,2,2
90.69,92.29,94.12,64.84,77.69,64.53,53.74,68.1,2,1,2,10,1
84.42,98.51,96.21,100.0,95.88,96.71,76.51,86.2,0,0,0,5,0
92.31,88.57,87.5,86.33,86.29,84.12,88.54,84.2,1,0,2,10,0
36.35,42.92,36.3,59.16,62.37,67.96,46.86,42.6,3,1,8,9,2
63.57,62.66,59.54,58.11,86.08,66.59,53.01,34.1,3,0,3,13,2
87.59,91.47,92.34,65.2,77.43,57.99,63.14,46.4,8,1,3,2,2
57.02,33.51,52.25,39.58,61.46,27.05,25.72,5.4,7,4,4,8,2
34.75,44.5,39.07,70.14,65.6,69.65,41.76,40.4,0,1,6,7,2
73.89,78.15,70.75,84.56,83.73,71.74,71.51,51.1,3,1,5,4,2
72.68,85.59,79.14,78.27,81.52,69.83,61.67,45.5,0,1,4,6,1
68.35,78.24,73.04,85.76,84.69,77.53,83.01,58.2,1,1,5,3,2
76.85,65.94,74.04,99.61,88.18,95.82,100.0,73.4,1,0,1,10,0
90.02,100.0,89.63,97.71,100.0,100.0,100.0,110.2,2,0,3,13,0
88.26,93.97,85.98,91.01,95.08,86.36,81.78,83.3,3,1,4,11,1
85.59,86.27,79.36,56.0,67.32,46.99,57.0,13.6,4,1,2,7,2
61.83,64.83,67.58,66.29,82.53,74.98,71.54,29.7,3,1,10,3,2
67.92,70.16,73.51,96.88,87.48,85.19,81.26,66.5,1,1,5,9,2
87.68,85.97,80.56,79.65,88.56,70.22,70.99,49.6,3,0,1,5,1
98.0,100.0,95.57,89.16,100.0,98.87,83.07,83.0,2,0,4,6,0
94.23,95.08,91.38,96.9,94.61,100.0,91.2,122.1,1,0,4,9,0
63.92,70.03,69.87,100.0,88.03,96.42,96.67,78.1,1,0,9,12,2
45.42,51.1,47.93,59.33,67.26,53.06,53.81,14.1,3,3,11,13,2
38.58,28.57,40.95,75.92,66.54,77.14,68.0,55.5,5,3,6,11,2
59.98,55.13,56.97,59.45,74.13,60.29,62.65,25.5,4,3,3,13,2
41.25,43.94,36.91,37.29,54.8,38.81,38.77,5.0,1,3,5,3,2
53.22,42.39,46.16,49.24,66.4,54.64,42.53,24.8,4,5,6,6,2
99.5,95.52,94.35,100.0,100.0,100.0,100.0,90.6,0,1,2,11,0
99.5,92.85,100.0,100.0,99.9,99.85,100.0,88.6,0,0,3,8,0
99.5,97.46,100.0,81.5,90.68,84.88,72.77,68.7,2,1,2,7,0
90.56,100.0,96.11,100.0,96.07,100.0,88.57,72.6,1,0,3,7,0
91.75,90.98,88.67,94.9,87.93,85.08,100.0,96.6,2,0,3,12,0
99.5,98.42,100.0,82.97,96.13,84.38,70.49,58.6,2,0,0,10,0
35.79,31.62,27.68,64.94,64.53,49.62,59.17,52.3,6,7,3,9,2
74.97,88.29,79.23,100.0,92.47,95.05,97.48,84.4,2,0,4,3,1
52.05,60.05,48.39,75.39,84.14,82.6,73.62,62.5,0,2,1,5,1
78.24,72.52,77.99,61.39,69.34,55.41,44.74,31.0,6,2,1,13,2
85.93,90.92,87.16,80.95,80.04,71.1,72.18,66.2,3,4,3,8,2
64.46,71.35,70.36,73.62,81.01,77.19,45.63,69.1,6,1,2,8,2
85.29,82.48,87.19,100.0,100.0,100.0,100.0,94.8,1,0,2,6,0
59.95,56.33,56.35,65.97,78.88,68.18,67.93,51.5,3,2,2,8,2
94.48,93.02,97.99,100.0,96.83,100.0,100.0,96.8,1,0,3,11,0
41.87,31.22,33.09,57.74,79.29,51.24,36.05,43.0,5,4,8,11,2
90.13,96.47,100.0,88.83,81.68,77.67,89.69,67.1,5,1,0,3,1
68.91,64.19,61.75,91.07,82.37,89.76,84.59,67.5,1,2,4,6,1
51.15,65.6,59.62,56.67,84.38,49.66,55.64,40.5,3,3,5,13,2
69.16,75.87,76.69,75.49,80.58,87.52,77.65,44.4,4,1,5,5,2
79.16,80.37,80.34,88.72,93.79,89.42,87.23,108.6,0,1,5,9,2
68.31,68.94,64.42,81.27,89.17,80.43,71.94,55.9,2,2,8,4,2
75.06,64.9,68.1,64.21,91.34,56.7,76.75,36.0,2,1,6,3,2
75.35,71.35,69.74,97.13,96.29,100.0,100.0,106.6,0,4,5,2,2
93.54,90.23,92.26,85.46,90.83,63.56,70.26,61.2,3,1,2,13,1
95.92,100.0,100.0,92.32,100.0,82.2,82.12,109.0,0,0,0,13,0
99.5,93.66,99.22,94.22,94.35,87.06,86.91,84.9,1,0,4,13,0
63.55,71.99,66.98,63.57,81.44,59.41,68.33,58.9,3,3,3,4,2
72.78,76.7,68.68,95.63,92.96,94.94,95.8,92.3,2,1,1,5,1
75.82,84.85,86.05,91.66,92.88,100.0,100.0,90.1,1,2,2,5,1
97.23,100.0,97.58,90.6,100.0,88.06,76.48,73.4,1,0,0,10,0
94.65,100.0,95.16,83.79,100.0,87.62,90.67,96.3,3,1,3,8,1
68.34,72.11,70.7,68.06,75.72,60.2,62.4,19.6,7,1,5,12,2
95.58,99.79,90.54,100.0,100.0,96.28,97.06,89.2,1,1,2,13,0
49.34,47.42,48.38,49.4,64.73,56.74,52.0,5.0,5,7,4,4,2
43.4,47.17,44.0,42.07,64.36,34.09,35.98,31.1,2,5,9,8,2
92.75,100.0,94.82,93.35,100.0,97.81,99.91,95.6,1,1,2,6,0
43.13,33.84,44.48,40.71,74.44,48.78,41.7,42.1,4,0,5,2,2
86.7,84.89,81.01,72.04,75.77,66.79,52.99,57.9,4,0,1,2,1
78.53,72.89,76.23,76.26,83.79,87.95,98.53,51.7,4,2,2,8,2
75.28,94.58,80.15,100.0,94.9,96.82,98.12,89.7,1,0,3,9,0
51.26,52.91,51.02,58.76,78.04,71.32,78.74,90.2,3,6,6,8,2
44.74,29.38,42.23,48.21,73.85,55.41,55.54,9.1,5,1,6,2,2
99.5,96.36,97.79,93.91,100.0,98.51,74.45,74.9,2,1,0,3,0
86.17,83.15,83.92,64.47,79.87,62.74,58.04,21.5,4,0,2,12,1
87.27,99.22,82.41,93.62,93.21,82.23,78.65,85.1,1,1,2,2,0
78.41,85.27,84.16,100.0,100.0,100.0,100.0,97.9,0,0,1,8,0
96.15,100.0,91.12,100.0,100.0,97.53,99.08,100.2,0,0,1,4,0
46.08,31.25,38.56,42.09,60.99,40.39,18.62,5.0,3,0,12,6,2
83.36,89.39,82.22,83.23,72.84,78.22,67.58,58.8,4,0,3,7,1
38.21,41.13,30.19,48.46,57.82,46.81,51.41,5.0,4,5,5,4,2
57.64,63.63,60.47,75.01,75.37,72.47,67.23,45.5,7,5,6,13,2
69.76,46.65,59.29,66.64,67.77,51.54,43.92,37.3,1,1,5,2,2
71.74,71.22,73.6,73.12,80.23,75.93,73.36,42.7,6,2,2,10,2
46.52,29.55,42.25,42.76,44.85,29.98,50.09,23.6,4,5,4,12,2
83.52,92.22,89.29,87.0,100.0,83.52,87.58,64.7,1,0,3,9,0
88.81,96.7,93.83,100.0,100.0,100.0,100.0,90.1,0,0,3,3,0
64.21,76.3,70.77,82.09,81.93,70.39,71.03,36.3,3,2,4,9,2
99.5,99.48,100.0,81.66,100.0,87.77,76.28,93.3,5,0,1,12,1
99.5,100.0,100.0,94.11,98.35,98.48,96.97,63.2,2,0,1,11,0
89.38,96.51,92.95,100.0,100.0,100.0,100.0,104.3,1,1,3,13,0
99.5,100.0,99.02,100.0,100.0,97.41,81.14,95.1,1,1,1,2,0
90.34,87.8,90.41,95.75,94.7,87.65,83.53,104.6,3,0,5,7,2
99.5,99.69,100.0,100.0,100.0,100.0,95.73,91.8,0,0,6,5,2
40.87,28.06,37.97,42.01,67.14,45.61,36.69,5.0,6,5,3,3,2
99.5,100.0,98.97,81.71,100.0,80.43,77.09,63.4,1,0,1,3,0
58.18,63.29,68.61,71.78,80.37,71.82,53.96,40.7,7,1,5,4,2
43.94,37.83,47.74,56.65,56.15,55.54,47.87,34.5,6,7,6,13,2
97.89,100.0,95.41,100.0,100.0,100.0,100.0,116.0,1,0,2,4,0
61.08,67.61,63.52,86.11,82.52,87.85,67.74,56.5,1,2,7,9,2
66.34,67.98,73.41,85.67,92.76,84.93,85.7,60.8,6,5,5,11,2
74.97,76.68,72.07,81.56,89.1,79.98,75.6,75.5,2,1,4,8,1
99.5,100.0,94.74,90.13,89.19,90.81,77.94,92.1,0,0,7,3,2
74.98,96.75,93.96,100.0,97.72,100.0,100.0,121.9,2,1,3,4,1
86.75,97.42,88.86,96.7,89.45,84.02,82.09,67.3,0,1,2,12,0
75.12,84.21,70.49,72.98,81.1,77.97,80.53,55.8,5,2,6,10,2
37.65,44.85,37.1,41.82,67.61,47.35,37.17,14.7,10,4,8,2,2
89.19,88.26,87.12,82.38,94.35,84.87,79.06,89.3,1,1,2,3,0
68.74,75.23,74.45,98.0,83.5,72.71,70.92,71.1,6,1,2,2,2
41.86,46.75,43.85,48.92,56.54,56.84,47.59,5.0,9,5,3,4,2
59.42,64.37,55.65,58.0,78.84,64.1,65.97,20.0,6,6,4,9,2
93.41,94.54,82.09,98.59,97.76,100.0,100.0,91.8,0,0,3,4,0
58.23,45.9,55.5,53.54,59.23,43.97,36.38,6.5,5,2,8,6,2
97.03,100.0,98.4,100.0,100.0,100.0,100.0,74.9,2,0,0,2,0
91.29,96.1,97.94,83.76,87.3,81.17,95.59,59.9,0,2,5,9,2
74.93,74.29,72.14,52.57,73.65,66.26,65.25,13.1,2,2,2,12,2
18.46,13.29,15.4,50.46,54.81,57.01,51.8,21.3,6,2,6,6,2
94.15,100.0,94.19,89.58,80.33,69.62,74.1,58.8,0,0,2,8,0
70.24,74.96,69.56,72.64,79.62,51.56,65.87,34.1,4,2,7,8,2
66.85,69.15,69.24,92.99,92.44,85.21,74.3,58.4,1,0,4,3,1
89.27,100.0,91.5,100.0,100.0,100.0,100.0,118.5,2,0,4,7,0
80.13,80.68,73.58,71.35,80.89,70.15,58.86,68.3,0,2,4,3,1
65.66,73.46,73.85,88.91,80.6,85.32,71.0,85.5,2,2,8,10,2
22.19,21.59,22.82,31.98,47.89,21.94,28.64,5.0,6,3,12,8,2
99.5,100.0,100.0,100.0,100.0,80.36,65.28,79.4,3,0,0,12,0
83.57,78.48,86.86,100.0,100.0,100.0,93.6,129.8,1,0,2,10,0
82.8,87.52,83.74,71.1,83.94,84.34,68.55,62.6,5,1,4,9,2
99.19,100.0,98.66,96.79,100.0,100.0,82.88,102.2,2,0,3,2,0
69.59,59.7,61.49,68.63,71.07,46.2,51.32,28.0,6,3,3,6,2
80.29,95.18,89.36,86.36,83.68,78.11,65.17,54.2,2,2,2,12,1
66.12,67.78,60.52,58.02,69.49,57.29,62.28,64.6,3,2,1,5,2
74.62,82.95,78.57,75.59,82.0,69.26,77.04,39.7,1,2,4,7,1
70.93,73.85,74.1,43.02,71.61,55.31,49.05,28.0,4,2,7,5,2
83.75,75.4,75.29,73.88,81.14,80.04,70.97,76.6,1,1,7,6,2
96.16,100.0,100.0,88.66,93.53,94.65,96.39,67.8,4,0,0,6,0
35.69,30.07,25.6,38.58,49.9,33.66,33.61,11.8,7,2,5,3,2
72.94,65.81,64.92,46.93,73.95,65.02,62.65,37.7,4,0,7,10,2
33.96,35.59,34.44,25.61,52.83,37.34,21.93,11.2,6,3,3,3,2
12.0,8.0,13.33,56.09,42.17,33.53,28.07,5.0,7,6,5,9,2
71.81,66.65,64.38,81.84,90.72,69.9,63.26,46.2,3,1,6,12,2
60.41,63.28,64.39,46.42,59.46,46.15,49.22,12.5,3,1,1,11,2
99.5,100.0,100.0,100.0,100.0,100.0,100.0,106.9,0,0,2,7,0
65.66,64.12,63.5,85.48,91.23,90.53,83.14,71.7,2,2,5,9,2
78.24,72.38,76.53,73.16,93.07,78.14,55.94,60.8,3,0,1,8,1
85.94,85.12,90.3,77.59,89.89,64.6,73.43,60.3,3,0,1,12,1
95.25,100.0,100.0,90.89,98.4,100.0,100.0,89.0,2,0,1,11,0
94.68,92.62,91.83,76.19,82.86,78.47,80.18,43.4,2,0,0,11,0
83.65,85.55,81.04,68.65,91.72,84.0,68.71,69.2,2,0,2,8,1
79.45,78.37,78.4,64.94,77.35,65.3,62.29,23.9,2,1,2,6,1
49.25,40.86,41.74,53.36,70.93,47.54,67.61,25.0,4,2,6,12,2
89.83,94.89,96.76,100.0,97.34,100.0,93.13,93.6,0,1,4,5,0
80.51,81.61,82.88,100.0,98.34,100.0,100.0,100.5,1,1,6,8,2
99.5,100.0,99.67,92.13,93.48,89.46,95.46,72.3,4,0,1,3,0
92.7,97.46,98.98,94.91,100.0,88.66,79.28,80.6,4,0,2,2,0
99.5,98.49,100.0,97.73,100.0,93.42,98.14,80.7,1,0,4,9,0
86.69,91.81,92.53,77.8,84.96,90.61,78.88,61.6,1,0,4,2,1
75.03,89.44,82.73,83.6,89.97,86.4,95.62,87.1,1,1,3,12,1
70.81,75.09,78.1,77.37,84.99,95.64,81.1,66.4,3,1,7,5,2
68.03,74.5,65.0,78.3,74.37,84.78,82.74,73.1,1,0,5,6,2
70.72,83.46,77.65,98.3,89.44,78.33,92.02,94.5,2,2,2,4,1
99.5,100.0,100.0,84.73,93.65,86.47,72.28,60.7,2,3,2,13,1
64.36,71.78,65.91,71.83,80.71,78.19,67.13,54.1,1,5,1,3,2
72.23,55.0,63.4,70.49,77.27,67.77,65.35,21.4,1,3,5,4,2
85.31,88.91,85.2,96.89,100.0,100.0,100.0,107.5,1,0,1,13,0
65.5,61.75,64.09,80.65,86.33,94.89,82.99,50.3,2,1,7,10,2
75.92,90.99,85.97,92.37,91.19,96.45,74.39,79.8,3,4,5,5,2
78.73,85.84,81.46,78.38,96.03,79.0,70.43,57.4,5,0,7,3,2
74.38,71.71,77.9,94.38,93.21,100.0,81.25,82.2,2,2,2,6,1
92.85,87.81,92.87,85.77,87.02,78.44,84.28,47.4,3,1,2,13,1
99.5,91.56,100.0,84.42,87.89,87.65,79.92,51.7,2,0,1,3,0
83.94,90.12,86.49,84.95,100.0,75.35,86.21,39.2,0,1,4,7,1
99.5,100.0,98.72,96.56,100.0,97.44,80.15,88.4,2,0,2,7,0
49.07,37.71,39.44,37.6,54.55,24.31,22.63,5.0,6,2,5,13,2
98.55,100.0,89.38,100.0,100.0,100.0,100.0,118.3,0,0,5,11,2
79.99,84.9,80.28,83.14,92.13,98.33,82.41,47.6,2,0,4,6,1
99.5,100.0,89.58,91.96,87.43,83.0,64.97,60.0,0,1,2,4,0
16.72,11.95,14.53,60.84,63.25,66.74,57.27,22.1,3,2,10,13,2
54.72,66.38,61.79,84.26,74.21,75.29,74.19,35.9,1,0,4,2,1
52.88,52.51,52.83,92.69,71.69,72.47,74.45,66.2,5,4,6,12,2
88.31,99.54,81.27,81.95,89.98,84.82,75.4,64.0,7,0,4,12,1
87.44,93.0,87.85,77.23,91.61,64.34,59.38,91.7,4,0,0,12,1
76.36,72.82,77.1,60.74,74.8,63.65,51.29,29.0,5,0,1,2,2
76.61,86.13,85.22,90.78,86.27,89.52,69.99,70.5,3,1,4,7,1
71.09,79.72,76.38,77.59,84.52,61.26,73.13,70.1,4,0,5,9,2
39.71,38.52,39.15,68.75,69.34,62.64,59.36,35.1,6,4,5,3,2
92.38,100.0,97.07,100.0,100.0,100.0,100.0,107.9,1,0,6,7,2
15.77,14.2,22.46,59.33,57.36,45.77,35.73,31.2,7,1,7,7,2
79.1,96.86,85.87,83.16,92.43,92.57,100.0,82.8,3,1,3,7,1
99.5,95.16,91.81,87.36,86.79,90.73,91.46,79.0,5,1,3,8,1
47.87,41.19,43.36,82.81,81.82,80.62,78.76,83.9,3,0,10,3,2
72.73,90.99,76.59,100.0,94.87,100.0,93.68,105.8,0,1,4,9,0
74.92,66.89,67.13,57.14,67.31,55.69,59.64,57.5,5,2,5,13,2
83.1,95.1,84.72,78.03,86.75,75.03,80.7,79.6,2,0,4,10,1
98.01,97.57,100.0,98.88,83.38,96.02,96.61,77.0,2,1,0,2,0
59.91,55.22,53.95,73.72,71.51,80.38,44.5,44.7,4,3,6,4,2
95.99,100.0,95.4,90.08,98.79,97.64,82.15,81.7,0,0,4,7,0
99.5,100.0,100.0,96.05,89.98,83.09,80.13,55.1,1,0,1,6,0
82.65,79.18,83.5,88.75,92.02,81.69,94.28,81.8,4,0,2,9,1
91.45,100.0,95.95,94.43,97.95,95.85,100.0,102.6,1,3,2,10,0
88.68,90.52,91.39,87.87,100.0,90.94,96.07,103.3,1,1,6,7,2
99.5,100.0,100.0,99.67,100.0,100.0,88.3,77.1,2,0,0,8,0
80.02,85.23,79.99,100.0,90.35,76.53,80.04,67.7,0,1,2,3,0
99.5,100.0,100.0,100.0,100.0,100.0,100.0,109.2,2,0,3,9,0
89.72,86.88,90.68,76.79,79.73,66.14,78.24,49.9,1,0,2,13,1
60.85,44.47,47.71,54.12,65.07,54.55,57.09,17.1,6,3,3,13,2
82.93,82.66,80.84,89.61,100.0,99.01,100.0,63.5,3,0,5,6,2
54.99,55.39,48.19,64.2,58.58,43.85,20.13,20.2,11,2,5,2,2
62.31,66.7,60.22,77.61,84.81,69.89,61.94,72.5,1,2,4,4,2
83.02,77.83,82.97,82.11,78.76,76.95,60.56,55.9,3,0,2,10,1
70.81,79.29,72.15,78.02,83.71,67.31,49.65,45.2,0,2,5,2,2
47.56,49.18,47.05,76.05,72.47,73.04,64.59,61.2,4,0,6,7,2
54.76,57.37,44.7,70.63,80.38,59.59,47.44,29.7,2,5,4,7,2
78.08,73.83,70.9,81.15,74.74,90.93,75.61,56.4,3,1,0,11,1
76.71,91.48,77.51,77.91,78.75,78.0,70.67,52.7,4,1,4,4,2
86.81,94.74,82.8,85.37,100.0,88.15,84.38,69.7,4,1,5,5,2
91.16,100.0,95.12,100.0,100.0,100.0,100.0,105.3,2,0,3,8,0
55.78,53.74,55.18,85.79,84.38,83.12,80.46,94.6,2,2,5,13,2
99.5,88.06,98.36,84.5,86.04,76.59,57.98,46.5,3,0,4,2,1
93.12,86.68,95.75,76.91,79.6,79.81,62.46,48.5,4,1,1,3,1
99.5,100.0,100.0,72.45,99.27,73.48,71.39,75.6,4,2,1,13,1
99.5,97.43,100.0,100.0,100.0,100.0,100.0,96.7,2,0,2,9,0
75.61,89.03,81.47,71.47,100.0,70.45,86.55,90.3,4,1,11,13,2
84.37,83.77,85.27,83.1,93.5,96.35,85.57,90.2,2,0,4,9,1
99.46,100.0,95.61,100.0,100.0,100.0,98.09,94.0,1,1,2,12,0
90.06,95.36,93.16,82.54,98.15,95.46,84.1,66.5,2,0,1,13,0
99.5,100.0,97.63,100.0,100.0,99.5,100.0,95.3,1,0,5,4,2
87.54,90.69,83.82,88.09,97.78,92.46,88.0,78.1,3,1,3,10,1
87.03,81.6,77.78,84.5,93.52,77.8,53.64,69.0,3,1,3,11,1
71.25,89.02,68.31,80.18,85.08,92.79,74.72,65.9,3,1,3,9,1
73.76,78.74,74.62,83.8,79.63,65.12,65.33,53.3,5,1,4,11,2
75.76,61.33,67.55,69.67,81.78,59.73,49.55,45.8,10,1,3,5,2
50.98,34.27,41.62,54.03,69.87,35.82,22.52,25.3,4,4,5,8,2
74.2,78.1,71.05,76.1,77.07,70.45,71.51,59.4,2,1,1,9,1
82.57,84.84,81.18,71.93,96.28,75.79,75.33,77.4,4,3,2,2,2
99.5,90.9,91.84,89.12,94.69,91.63,81.35,80.7,3,0,0,4,0
81.08,100.0,88.64,86.33,89.27,79.64,67.32,51.9,4,3,2,9,1
39.76,19.06,34.84,67.11,63.65,60.97,60.26,43.8,3,3,6,4,2
99.5,100.0,97.73,100.0,97.65,100.0,100.0,104.4,0,0,2,4,0
79.39,84.45,85.67,98.05,90.65,77.05,95.96,78.9,2,1,7,7,2
59.77,57.26,55.71,73.91,84.84,81.38,86.06,78.3,3,0,4,6,2
69.25,78.26,64.95,69.17,84.97,78.39,69.2,67.3,6,0,0,3,1
84.35,89.86,91.89,78.91,94.47,80.77,92.65,44.4,2,1,2,9,1
99.5,100.0,91.51,100.0,100.0,100.0,100.0,127.2,0,0,2,7,0
99.5,100.0,97.45,95.9,100.0,84.43,82.77,90.3,2,0,1,9,0
70.34,79.3,76.88,81.74,86.6,86.11,78.01,83.0,2,1,1,4,1
93.4,99.35,100.0,100.0,97.35,99.64,97.01,122.8,3,0,3,8,0
31.81,10.91,23.22,37.85,46.13,24.38,32.15,29.6,5,6,6,9,2
47.13,55.0,47.83,78.28,73.23,76.64,78.86,60.6,1,2,4,2,2
76.02,88.34,89.1,84.17,76.98,65.9,65.26,42.3,7,3,5,11,2
69.31,71.2,73.71,68.19,73.05,69.95,76.7,67.4,4,1,6,6,2
99.46,100.0,100.0,100.0,100.0,100.0,100.0,71.4,1,0,2,6,0
95.52,100.0,99.12,98.44,100.0,85.55,99.26,68.8,4,0,2,7,0
78.84,69.14,77.57,75.57,83.06,74.3,69.7,67.6,0,3,2,6,1
99.5,100.0,100.0,97.63,100.0,98.97,95.53,86.3,1,0,1,11,0
99.5,100.0,99.16,82.96,99.97,100.0,100.0,71.9,4,0,0,6,0
95.06,100.0,89.52,100.0,100.0,100.0,100.0,105.4,1,0,1,6,0
79.75,97.86,81.27,100.0,89.43,89.55,95.14,81.6,3,2,6,9,2
95.4,100.0,99.86,100.0,99.95,90.75,86.53,79.6,3,1,6,3,2
54.38,56.8,60.1,87.48,86.06,86.66,84.4,84.9,3,0,3,12,1
65.32,72.11,68.62,77.36,79.31,75.51,59.7,70.5,2,1,6,10,2
68.28,68.61,64.0,87.18,82.43,73.86,70.78,81.3,7,3,4,13,2
44.42,25.62,38.08,46.18,60.93,41.66,38.61,5.0,7,3,4,6,2
94.68,100.0,98.21,88.64,90.19,98.48,80.31,88.3,1,1,5,8,2
49.09,47.61,40.9,54.56,56.32,59.69,38.6,38.4,3,1,6,4,2
75.73,98.31,90.32,65.08,77.9,67.0,64.35,22.2,4,2,5,11,2
97.82,98.09,100.0,75.3,94.62,76.81,89.98,81.9,1,2,1,5,0
57.6,59.73,54.16,75.32,58.7,52.97,55.7,28.7,6,7,14,13,2
73.09,74.31,73.22,95.34,100.0,98.05,88.33,68.4,3,2,4,12,1
80.27,80.53,79.03,100.0,100.0,100.0,91.85,82.7,4,2,3,3,1
99.5,100.0,100.0,98.8,99.47,100.0,94.78,117.6,0,0,1,10,0
99.5,91.18,94.06,100.0,100.0,89.76,88.17,62.5,1,0,0,10,0
93.18,100.0,90.97,100.0,100.0,100.0,100.0,120.7,1,0,2,7,0
71.85,84.83,76.3,61.07,79.99,81.27,66.65,33.6,4,2,4,2,2
51.33,40.76,43.12,71.48,75.77,75.86,57.21,84.1,5,1,8,3,2
96.76,100.0,100.0,100.0,100.0,96.66,100.0,134.3,1,0,5,9,2
79.83,82.86,80.59,59.9,80.67,43.49,40.95,16.0,4,0,4,10,2
96.82,92.55,90.43,89.88,94.2,88.17,74.88,74.3,1,0,1,13,0
43.05,42.08,39.73,44.57,61.63,65.09,44.84,40.8,3,3,2,2,2
77.82,78.46,76.17,100.0,97.24,96.28,92.77,104.0,2,0,5,2,2
91.33,100.0,93.32,100.0,100.0,100.0,100.0,108.5,4,0,2,7,0
62.61,69.17,58.48,55.42,65.9,48.27,46.03,10.4,6,1,6,5,2
66.33,63.84,60.67,70.32,76.53,87.29,73.76,42.4,6,2,4,5,2
75.1,54.3,68.21,75.3,74.83,58.94,69.92,55.1,5,1,2,5,2
64.9,69.89,71.85,75.44,73.75,71.54,79.56,48.0,1,2,3,7,2
75.45,86.52,77.52,82.03,97.34,76.27,78.19,69.1,6,1,7,3,2
99.5,100.0,99.99,91.68,87.18,79.76,72.6,46.5,1,0,5,6,2
95.17,100.0,100.0,100.0,100.0,100.0,100.0,95.6,0,0,2,2,0
71.72,76.89,74.57,73.84,77.67,88.42,87.21,49.4,3,3,4,10,2
92.35,97.58,86.46,97.11,100.0,92.51,93.43,101.4,2,1,1,4,0
99.5,99.09,100.0,93.72,98.59,91.75,96.69,89.9,1,0,2,5,0
54.64,55.73,55.83,79.85,86.57,61.97,85.2,53.9,5,0,6,12,2
66.79,70.12,66.24,84.67,84.95,79.91,89.42,54.2,2,1,5,3,2
56.67,61.23,53.79,63.19,90.59,65.35,64.48,50.2,4,1,2,5,2
89.0,82.4,89.7,75.12,76.65,72.11,59.26,47.6,5,0,3,9,2
79.75,77.65,68.01,77.42,85.68,79.63,80.03,74.9,1,0,4,9,1
52.93,52.78,51.08,72.36,61.37,70.4,66.56,45.0,4,1,6,9,2
91.11,86.92,88.01,73.77,85.09,76.48,60.33,44.4,2,2,3,11,1
89.88,87.0,85.88,100.0,100.0,100.0,98.46,93.9,1,0,0,4,0
70.63,78.95,73.28,91.64,87.18,82.47,81.09,61.4,4,0,7,6,2
45.31,35.76,36.62,78.37,71.84,65.7,65.41,43.9,2,3,6,5,2
69.97,72.86,73.21,75.46,85.59,71.21,71.09,52.4,3,2,2,3,2
83.36,88.41,96.89,73.72,83.59,73.62,57.61,51.6,3,2,4,13,2
64.63,76.32,65.38,75.67,90.01,69.92,88.1,52.3,1,3,5,6,2
89.49,100.0,95.08,52.42,81.42,72.39,55.16,31.8,2,1,1,4,1
85.62,100.0,91.66,100.0,95.78,100.0,100.0,107.4,1,0,5,12,2
97.08,100.0,98.97,100.0,100.0,99.85,100.0,89.3,0,0,4,2,0
57.73,52.2,53.73,54.65,69.68,61.48,40.57,33.4,5,3,3,4,2
85.72,91.16,87.8,97.75,77.8,88.86,81.22,60.3,1,1,3,11,1
65.75,63.53,65.73,57.48,82.69,63.99,66.54,32.2,5,0,3,13,2
83.15,92.06,89.73,95.82,94.38,100.0,95.28,106.4,2,0,3,5,0
64.56,77.35,72.33,81.23,85.6,83.66,91.1,81.6,3,2,1,3,1
90.09,98.24,98.31,100.0,99.67,99.1,94.32,95.1,3,1,2,13,0
83.81,95.4,85.25,88.56,93.63,89.51,77.97,90.8,3,1,2,13,1
41.34,31.62,38.37,59.77,77.06,65.9,63.87,68.2,2,0,4,10,2
99.5,100.0,99.06,100.0,100.0,100.0,100.0,110.1,0,0,2,2,0
63.18,47.63,60.68,63.53,73.34,46.2,70.26,36.3,3,0,9,12,2
95.21,100.0,90.76,84.86,90.02,82.82,75.48,89.4,2,0,3,3,0
37.68,35.04,41.04,80.54,72.39,66.9,55.98,28.2,6,5,5,4,2
43.78,26.52,38.48,52.07,65.05,34.79,31.97,5.0,7,1,9,6,2
57.73,60.14,63.44,94.32,86.25,84.09,83.09,75.7,4,2,6,11,2
96.56,100.0,98.05,93.18,90.99,100.0,96.3,89.8,1,1,4,8,0
55.51,42.3,49.76,51.19,75.16,43.51,67.7,12.2,3,3,5,12,2
85.16,79.95,80.54,88.59,83.13,69.81,91.19,37.0,4,1,5,5,2
31.41,17.55,24.51,25.63,54.28,29.03,40.64,5.0,8,8,3,6,2
77.47,85.2,72.29,82.55,82.0,72.05,81.72,64.6,2,1,3,11,1
79.05,65.55,73.27,85.83,89.72,76.94,73.41,82.0,2,0,2,10,1
99.5,100.0,97.57,94.38,100.0,87.77,93.22,96.1,1,0,1,4,0
99.5,97.44,99.08,71.25,80.63,76.51,50.4,56.1,2,0,3,8,1
47.56,57.16,48.39,72.41,81.63,83.64,81.8,60.0,1,1,10,7,2
96.3,100.0,99.1,100.0,96.28,97.82,96.15,122.1,1,0,1,2,0
69.77,80.99,73.48,71.43,74.03,67.88,86.54,63.1,1,0,6,8,2
36.58,31.2,27.21,34.94,58.31,45.41,28.04,5.0,5,2,6,12,2
85.7,81.14,84.14,81.26,90.52,100.0,98.32,83.6,5,0,3,10,1
69.05,82.44,77.41,100.0,100.0,100.0,100.0,109.8,1,1,6,7,2
65.94,71.15,71.49,67.26,81.65,82.95,53.26,55.7,1,1,5,5,2
67.3,55.52,59.24,58.86,67.99,44.47,40.6,5.2,4,2,6,4,2
86.55,92.57,82.79,100.0,100.0,100.0,100.0,108.6,1,0,3,4,0
39.46,14.66,34.38,53.55,60.04,51.48,26.84,8.4,8,3,5,6,2
88.74,96.63,93.38,81.99,93.92,80.4,94.33,59.3,4,0,3,6,1
26.73,19.58,20.12,52.64,63.24,26.5,45.21,22.0,10,2,6,8,2
41.82,30.82,34.29,39.1,57.12,43.38,54.31,22.3,5,6,2,11,2
64.29,60.11,62.8,90.32,84.19,84.53,84.65,68.8,4,0,2,4,1
80.38,80.34,83.78,79.48,92.86,82.87,86.39,66.0,2,1,2,5,1
83.93,93.18,86.09,100.0,88.16,100.0,96.9,79.7,1,1,1,2,0
75.34,73.86,68.79,59.47,67.24,55.48,56.87,45.4,5,2,3,4,2
78.69,76.92,70.38,81.51,74.82,76.27,79.58,58.4,1,0,3,9,1
51.59,42.29,44.77,64.87,82.24,55.47,69.19,40.8,2,3,4,9,2
84.65,86.49,81.99,95.93,100.0,83.69,75.04,47.7,2,1,3,8,1
87.0,79.07,79.5,55.88,83.64,62.97,76.26,56.1,4,0,5,13,2
96.64,97.38,100.0,71.96,92.51,68.86,71.46,51.4,4,1,3,12,1
88.92,98.47,86.26,100.0,93.81,86.53,87.15,62.7,0,0,4,4,0
99.5,97.52,95.76,88.67,90.74,85.66,76.74,72.5,3,1,0,4,0
74.71,81.38,85.81,48.81,70.92,44.84,29.19,5.0,3,4,1,2,2
41.89,35.61,36.28,64.18,74.57,73.15,57.98,32.4,5,6,12,7,2
73.1,61.55,68.63,78.42,78.16,79.95,69.26,71.9,2,2,6,4,2
48.49,39.11,50.57,47.15,65.42,31.84,38.08,16.3,3,0,5,13,2
57.75,49.68,54.2,67.92,76.27,66.3,61.65,27.6,4,4,2,3,2
82.68,100.0,90.79,65.86,84.62,69.89,49.11,38.6,2,1,3,4,1
54.3,47.4,48.99,50.54,60.95,59.88,48.34,22.7,1,1,2,8,2
68.44,62.0,62.51,93.04,96.32,100.0,88.28,75.6,1,2,4,2,1
76.13,74.36,69.01,62.7,79.17,58.95,77.49,37.4,9,2,0,13,2
62.16,61.44,61.01,86.76,88.87,77.58,69.11,56.8,0,0,4,5,1
86.66,81.28,86.12,85.9,90.47,83.04,65.29,85.8,2,0,4,4,1
53.31,52.17,60.62,69.5,75.21,62.6,53.6,39.3,7,3,7,12,2
61.0,61.92,59.18,62.81,81.01,52.12,61.87,34.9,9,2,5,4,2
53.62,50.68,57.28,57.7,73.2,59.87,47.09,27.3,7,0,10,12,2
72.36,64.96,73.28,63.46,67.58,58.37,38.01,35.6,6,2,4,13,2
59.36,53.15,54.04,57.22,74.05,57.54,52.29,50.8,3,0,4,4,2
36.57,24.94,32.27,49.28,53.1,53.16,41.5,16.4,3,2,7,5,2
99.5,96.05,98.35,96.69,100.0,95.79,93.02,96.0,3,0,1,7,0
88.38,100.0,87.25,78.65,98.41,75.72,89.12,34.3,1,0,1,5,0
71.33,87.55,76.49,70.07,77.97,67.0,58.98,34.2,7,2,3,2,2
99.5,93.06,93.68,76.35,90.31,78.45,83.88,42.2,3,0,1,6,0
96.62,96.16,95.52,85.33,100.0,98.64,81.67,80.0,2,1,3,9,0
72.88,66.74,69.89,81.95,95.6,76.72,87.98,49.5,9,3,2,4,2
78.87,87.36,81.89,78.33,79.55,87.79,68.82,106.2,1,1,3,2,1
80.18,77.33,76.68,90.92,95.11,94.37,95.28,92.3,5,0,5,8,2
90.74,97.39,89.02,80.05,87.47,86.16,74.68,67.2,6,0,3,5,1
99.5,100.0,92.61,94.89,98.14,85.4,74.88,69.9,7,0,2,13,1
92.27,94.42,96.8,84.97,100.0,85.49,88.96,67.3,5,3,1,12,1
38.88,42.11,40.18,40.12,63.19,45.11,44.54,19.6,2,4,6,8,2
84.65,86.25,89.34,95.24,86.12,99.33,86.93,107.2,3,0,2,8,1
80.73,88.58,83.07,100.0,100.0,100.0,100.0,109.6,3,0,8,13,2
77.61,68.89,74.2,79.62,81.37,66.27,79.13,64.9,5,1,6,7,2
91.65,82.09,86.9,100.0,100.0,100.0,100.0,100.2,0,1,4,10,0
57.42,63.79,58.35,69.25,77.02,66.53,60.69,18.4,1,2,2,6,2
65.18,56.95,62.98,55.81,77.83,54.14,64.01,28.6,2,1,7,12,2
69.65,75.79,70.75,64.41,72.37,74.33,52.9,34.0,3,0,5,5,2
91.99,94.15,96.64,88.42,99.49,89.56,100.0,78.8,3,1,1,10,0
99.5,100.0,100.0,91.3,100.0,89.97,90.34,85.4,1,0,0,7,0
33.84,28.06,36.84,45.07,57.38,39.74,50.86,15.7,4,0,8,5,2
78.43,75.86,83.62,72.59,83.5,84.06,72.02,52.0,3,0,3,3,1
63.35,43.84,51.35,39.93,55.78,40.82,29.44,26.2,6,2,4,2,2
54.12,45.34,55.58,71.74,84.56,74.8,66.5,64.6,3,3,6,11,2
96.78,92.18,95.38,86.14,88.07,75.49,77.9,64.4,1,0,1,7,0
77.63,72.84,76.21,60.43,66.2,53.27,30.48,31.3,5,2,4,3,2
94.06,100.0,93.44,99.02,99.21,100.0,99.28,67.0,0,0,2,13,0
72.14,69.48,69.62,73.3,82.32,89.4,86.96,54.0,2,0,5,11,2
89.99,92.73,82.21,86.59,100.0,83.89,71.42,92.2,3,0,1,10,0
99.5,100.0,100.0,100.0,90.06,81.37,79.25,91.3,5,1,3,10,1
58.23,52.6,55.27,88.6,82.3,69.29,70.45,57.1,2,0,6,9,2
95.09,97.11,93.78,67.37,89.5,70.29,62.7,55.5,3,2,2,9,1
51.74,54.44,58.11,48.16,60.54,57.97,54.26,30.4,5,2,1,5,2
90.55,99.54,94.01,84.0,96.89,92.14,100.0,73.1,1,1,3,7,0
80.45,82.95,77.7,83.44,92.19,78.67,79.52,51.3,0,1,6,3,2
24.7,12.83,20.11,58.28,55.07,49.67,36.74,5.0,0,3,9,9,2
78.51,80.78,86.22,93.67,93.49,98.63,72.69,76.2,3,1,3,9,1
95.94,93.2,94.37,77.29,93.88,93.62,89.89,88.0,2,0,3,10,0
82.69,80.55,85.11,82.61,91.2,71.72,70.92,75.1,1,1,3,13,1
85.49,87.43,83.34,82.51,96.28,85.06,80.84,61.2,1,0,4,7,1
55.27,50.92,55.59,57.23,68.35,65.12,57.31,11.3,3,1,5,5,2
99.5,100.0,100.0,89.01,99.27,93.4,79.79,93.9,1,0,0,12,0
39.15,27.48,34.72,53.61,58.08,36.0,40.33,15.1,4,4,8,12,2
12.0,8.0,10.0,51.2,46.15,49.72,45.63,13.2,4,4,12,12,2
49.64,44.58,46.58,71.88,77.64,71.76,62.8,49.5,1,3,3,11,2
82.53,75.65,72.37,84.53,74.51,82.95,59.38,44.8,1,1,1,6,1
99.5,100.0,93.23,86.88,89.89,88.77,90.44,66.7,2,0,3,12,0
81.48,83.65,76.08,70.61,87.67,67.01,60.3,42.9,3,0,3,7,1
51.15,43.2,42.03,65.23,60.87,62.38,47.48,42.9,6,3,2,7,2
53.73,25.04,41.68,48.35,77.55,46.74,64.16,15.2,4,6,6,6,2
60.42,67.64,61.14,76.6,68.94,74.63,50.39,42.2,5,2,5,6,2
60.87,62.57,57.29,63.9,78.93,67.7,42.26,22.8,2,3,5,2,2
72.65,78.85,79.8,68.61,80.67,56.82,62.06,30.8,6,1,3,11,2
77.59,87.45,80.24,73.42,75.58,72.11,72.29,54.1,4,2,8,3,2
99.5,100.0,100.0,100.0,100.0,100.0,100.0,102.1,0,0,1,7,0
76.57,75.05,70.07,93.46,77.56,86.1,78.67,71.7,1,1,7,10,2
59.58,45.59,55.92,76.93,74.64,71.74,66.39,66.0,1,3,3,12,2
99.5,100.0,100.0,100.0,100.0,100.0,100.0,158.7,0,0,1,2,0
53.18,45.14,51.7,69.99,59.95,52.68,56.15,42.7,3,1,2,9,2
94.08,85.06,88.85,66.46,75.17,58.87,54.49,47.8,5,0,2,9,1
99.5,92.0,95.49,97.7,98.39,81.69,79.95,67.2,2,0,0,7,0
67.29,57.12,64.76,59.35,73.91,64.77,61.79,55.1,4,3,3,9,2
68.2,55.61,63.62,61.18,66.19,51.41,57.61,63.9,2,1,7,13,2
73.55,74.08,78.1,54.72,64.46,45.74,50.08,21.1,1,1,3,11,2
96.32,100.0,93.93,76.19,99.21,97.07,99.99,83.9,1,0,2,12,0
63.35,48.2,61.42,52.3,62.6,30.75,32.23,9.2,9,2,3,7,2
77.06,93.35,84.41,100.0,100.0,100.0,100.0,118.2,0,0,3,8,0
72.22,72.71,73.18,69.6,89.23,67.6,73.19,43.9,7,1,3,13,2
89.28,100.0,92.61,97.46,88.26,91.96,86.68,95.0,2,1,2,10,0
77.5,76.48,81.34,55.04,69.1,59.6,45.79,34.5,4,3,4,8,2
88.56,93.03,86.69,72.87,87.98,76.94,70.48,45.4,1,1,1,9,0
74.34,71.3,68.56,50.21,77.76,44.74,60.96,24.3,6,1,2,7,2
68.22,58.69,64.68,67.1,80.54,68.35,54.46,36.8,4,1,3,11,2
47.82,39.42,41.85,86.12,70.75,79.63,66.29,54.1,5,1,5,12,2
62.35,63.46,63.92,75.93,83.58,78.09,62.83,71.5,3,3,4,7,2
95.29,96.09,100.0,73.33,85.86,81.73,84.59,74.3,1,0,0,4,0
50.46,65.3,56.39,61.53,67.26,62.23,43.75,9.9,10,3,7,9,2
60.72,60.17,61.29,59.15,72.73,54.11,44.83,30.5,3,1,5,3,2
33.52,20.95,35.05,64.18,54.74,45.81,47.41,22.5,6,5,2,11,2
26.89,17.57,24.86,41.63,50.64,35.35,33.4,11.9,5,2,7,3,2
32.78,22.41,33.05,43.15,66.22,45.63,35.7,22.7,6,5,5,2,2
55.43,52.96,53.38,60.08,82.18,62.42,53.13,46.1,4,1,5,8,2
59.83,50.28,55.95,77.52,80.69,81.43,76.86,63.0,1,1,3,13,2
87.54,100.0,89.57,100.0,93.98,100.0,100.0,97.1,1,1,3,5,0
63.06,57.74,62.83,80.51,67.06,66.82,63.37,63.1,2,3,8,8,2
81.15,84.52,84.33,73.49,80.65,65.22,47.19,55.5,2,2,6,3,2
63.81,59.51,65.0,86.01,84.08,80.69,64.84,40.9,3,2,4,12,2
69.5,63.46,68.89,65.2,75.85,69.25,57.04,47.4,6,3,4,6,2
84.08,94.67,87.51,100.0,92.83,97.69,96.19,65.2,1,3,5,8,2
99.5,89.09,97.72,91.54,100.0,90.05,98.47,62.4,4,0,2,8,0
82.94,89.98,91.49,76.35,88.72,65.59,53.52,74.5,5,2,5,2,2
90.22,100.0,94.43,100.0,100.0,100.0,100.0,121.8,1,0,2,2,0
91.05,100.0,89.12,100.0,95.59,100.0,89.66,88.3,2,0,4,3,0
99.5,98.36,95.11,100.0,98.52,97.49,96.53,85.3,6,0,1,4,0
34.19,35.3,35.56,72.68,74.32,60.33,57.88,53.8,8,3,4,5,2
69.04,62.22,62.99,59.69,72.87,64.45,53.13,33.5,3,3,3,2,2
78.04,68.46,72.39,100.0,89.31,86.33,78.39,52.1,3,2,3,11,1
69.98,73.54,69.21,95.03,88.02,97.38,78.02,52.9,3,1,3,12,1
76.87,73.51,77.18,100.0,92.47,100.0,100.0,110.5,0,0,1,3,0
98.79,100.0,100.0,100.0,99.88,100.0,92.08,85.1,2,0,3,4,0
84.21,89.92,80.42,67.18,89.08,73.49,53.7,28.7,5,2,4,13,2
83.4,91.73,90.66,69.35,81.83,66.14,56.18,43.8,5,1,3,4,2
90.86,98.44,97.66,90.79,100.0,84.61,71.61,72.3,2,0,4,9,1
99.17,100.0,100.0,93.52,89.32,92.72,91.69,117.0,3,0,4,12,1
84.83,92.52,86.92,100.0,100.0,100.0,100.0,99.2,1,1,3,8,0
84.84,89.57,89.68,90.32,95.25,88.14,84.57,79.9,3,2,2,8,1
33.31,35.08,34.21,32.94,47.87,31.11,33.63,7.3,8,2,7,3,2
70.19,80.43,73.43,63.53,81.28,58.88,71.08,51.5,2,0,2,13,1
35.89,26.5,25.09,37.21,41.29,40.22,23.42,5.0,7,2,6,12,2
98.42,100.0,100.0,100.0,100.0,100.0,100.0,96.6,1,0,3,4,0
99.5,100.0,100.0,92.85,97.49,92.01,82.79,72.5,1,0,2,3,0
85.15,97.99,84.44,100.0,100.0,100.0,99.16,118.9,0,0,4,10,0
64.12,61.4,59.54,88.22,83.35,76.5,78.95,54.7,2,1,5,3,2
30.74,29.5,28.39,63.36,64.94,52.5,55.39,27.4,2,2,11,10,2
87.38,87.53,86.31,87.0,92.8,100.0,100.0,103.2,3,0,8,10,2
52.05,34.47,42.5,47.11,54.08,46.84,29.78,21.4,5,3,5,13,2
50.24,37.32,50.39,60.44,62.85,57.17,57.12,29.9,8,5,2,11,2
71.36,76.01,81.1,60.91,84.1,63.61,69.27,72.2,5,3,7,7,2
77.66,73.68,77.02,92.21,94.79,100.0,88.72,82.1,0,1,7,5,2
88.33,84.3,84.13,66.17,69.78,64.86,76.54,58.6,3,1,2,11,1
89.22,99.66,93.82,89.2,100.0,86.33,71.48,66.3,1,1,3,2,0
48.73,54.47,46.41,66.94,74.52,64.5,62.7,37.8,2,2,4,12,2
77.6,71.14,74.29,77.79,84.74,75.1,83.17,70.2,2,2,2,13,1
16.07,8.0,15.18,48.05,49.63,39.5,43.27,13.3,4,6,10,8,2
74.57,69.45,75.23,75.16,80.89,85.17,82.41,54.4,1,0,3,10,1
85.49,92.74,90.46,100.0,100.0,88.4,88.91,102.6,0,0,6,2,2
67.89,74.65,68.56,79.07,88.05,75.46,77.34,82.3,6,2,6,6,2
58.01,50.94,55.84,86.53,81.84,77.09,84.56,66.7,7,4,8,9,2
40.32,23.59,32.55,54.41,70.48,61.68,49.91,15.2,7,5,5,2,2
91.08,88.48,93.59,88.36,100.0,100.0,76.77,94.5,1,0,2,13,0
41.79,27.59,38.04,39.52,52.13,23.25,43.43,5.0,4,3,3,4,2
62.38,79.69,75.58,73.73,90.86,80.87,82.58,66.8,4,1,2,12,1
45.91,43.16,46.17,57.82,75.43,47.62,60.24,55.8,3,2,2,7,2
76.56,78.85,74.0,69.41,85.25,57.45,58.93,31.3,2,2,2,2,2
40.26,35.67,33.66,21.2,48.22,18.89,18.28,5.0,6,1,7,3,2
99.5,98.38,99.7,92.35,98.94,84.99,76.07,49.5,4,0,1,4,0
58.29,54.77,47.62,59.24,64.73,41.11,52.11,26.0,6,2,3,7,2
91.42,93.8,90.69,75.11,76.62,67.39,73.66,71.1,2,0,2,10,1
88.98,98.63,90.3,98.86,99.17,98.91,95.66,83.8,3,0,2,13,0
85.34,87.16,82.81,86.45,93.06,90.24,79.06,36.1,5,0,0,5,1
92.6,100.0,95.96,86.18,91.79,81.36,79.95,64.8,3,0,2,2,0
89.4,100.0,89.27,89.29,86.16,87.16,93.04,53.8,3,0,1,8,0
59.55,55.16,51.54,65.76,77.67,59.86,62.67,39.7,5,2,5,9,2
99.5,100.0,100.0,84.77,100.0,100.0,96.39,70.4,2,0,1,3,0
86.65,86.06,84.94,66.58,71.68,63.75,45.1,5.0,4,1,5,6,2
88.94,100.0,94.46,87.42,92.03,100.0,93.99,68.4,3,0,4,9,1
60.61,68.9,64.43,88.23,77.89,88.87,69.15,48.6,2,2,4,10,2
67.51,74.17,72.13,83.17,86.1,89.14,98.04,78.6,0,1,4,7,1
96.45,100.0,98.62,100.0,100.0,100.0,100.0,94.9,1,0,2,8,0
80.21,74.16,80.22,76.5,88.97,82.04,77.16,68.3,2,0,5,10,2
18.75,17.09,24.87,59.21,49.32,49.96,46.86,32.1,1,4,1,10,2
73.41,59.6,69.47,68.74,81.71,73.92,68.65,70.2,2,0,1,9,1
99.5,100.0,100.0,99.74,92.96,100.0,100.0,92.0,1,0,1,3,0
80.26,69.35,76.54,88.48,90.6,100.0,99.75,87.4,2,1,3,13,1
68.67,59.12,57.45,62.95,79.87,61.22,48.26,41.7,6,1,4,11,2
99.5,100.0,99.13,100.0,100.0,100.0,100.0,98.9,0,0,1,9,0
83.04,78.83,86.8,64.9,64.95,54.44,48.9,40.8,6,0,4,3,2
97.25,100.0,100.0,91.45,93.94,93.15,77.81,74.0,2,0,0,7,0
69.88,64.98,66.07,80.14,91.05,62.0,60.98,57.0,2,0,2,9,1
89.56,95.01,93.1,100.0,100.0,100.0,98.58,90.1,2,0,3,8,0
99.5,100.0,95.23,100.0,100.0,80.77,74.17,69.0,4,0,1,12,0
40.59,30.39,39.46,54.67,66.28,56.99,60.25,24.4,7,3,4,13,2
50.65,44.02,46.18,56.8,63.54,55.41,43.59,28.3,7,3,3,11,2
24.57,13.14,20.9,14.67,45.49,20.86,22.74,5.0,9,4,7,10,2
59.46,56.71,54.33,75.59,77.29,67.86,60.6,68.6,2,2,2,5,2
94.44,100.0,97.41,79.54,90.81,87.08,75.27,73.5,0,0,3,3,0
99.5,100.0,90.07,100.0,100.0,100.0,100.0,72.7,0,1,2,13,0
81.51,82.86,80.29,78.46,93.18,85.04,71.69,84.4,2,0,2,9,1
70.17,60.75,63.52,87.11,80.55,94.52,93.57,93.0,3,0,6,4,2
77.31,84.29,77.04,69.26,85.0,64.77,64.21,41.8,1,1,4,9,1
34.08,22.82,16.03,54.04,64.27,62.05,56.94,25.6,2,4,6,3,2
99.5,100.0,96.92,86.35,100.0,77.18,77.42,84.9,1,1,0,9,0
92.83,85.22,90.97,67.61,88.97,82.31,72.92,65.8,3,2,2,5,1
76.71,80.25,74.46,77.1,93.67,72.48,81.7,41.0,4,2,3,3,2
99.5,100.0,100.0,87.09,92.93,77.06,71.33,76.8,1,0,0,12,0
96.84,99.71,100.0,93.46,90.57,99.46,90.26,95.8,0,0,3,3,0
55.6,54.91,56.49,51.79,78.62,65.68,62.66,29.4,7,1,6,8,2
76.4,72.9,76.59,67.88,86.23,70.95,60.17,34.8,6,2,1,5,2
78.53,87.08,82.82,47.25,80.77,50.17,51.04,32.7,5,0,5,6,2
28.9,27.57,30.55,73.8,65.28,56.88,45.96,67.5,3,6,12,10,2
57.15,55.89,53.94,68.83,81.51,63.36,67.23,72.6,6,1,3,4,2
79.17,82.82,77.09,77.94,85.43,85.22,74.73,75.7,6,1,2,7,1
89.15,100.0,89.91,100.0,99.07,100.0,100.0,95.7,0,1,2,13,0
95.94,97.96,99.36,75.43,75.27,73.38,58.77,50.7,4,2,3,6,2
93.37,98.64,91.95,85.54,94.76,89.08,87.84,76.4,6,0,5,8,2
12.0,8.0,10.0,44.98,47.62,50.26,44.67,5.0,5,5,8,3,2
64.81,64.09,62.78,41.6,68.74,37.92,30.74,5.0,4,2,1,13,2
88.57,94.55,91.5,76.84,91.84,89.11,78.08,83.7,2,2,4,8,1
90.78,93.96,94.43,100.0,99.48,100.0,100.0,72.6,2,0,3,11,0
31.41,29.2,33.02,54.25,66.47,67.44,64.46,40.8,2,6,10,3,2
96.41,100.0,90.57,76.73,97.77,79.13,81.39,61.7,2,0,1,6,0
68.09,68.86,69.71,70.38,72.18,49.82,62.93,36.2,5,0,2,12,2
31.24,35.92,32.78,31.14,51.64,32.69,30.27,5.0,3,6,7,2,2
66.48,74.71,70.25,87.02,80.13,80.74,93.2,41.7,2,0,7,3,2
65.37,44.41,56.01,54.03,67.3,51.73,45.99,39.1,2,0,1,8,2
99.5,100.0,96.44,83.85,98.97,96.56,100.0,98.1,2,0,1,8,0
73.81,68.25,75.52,98.83,100.0,100.0,100.0,92.5,3,1,2,10,1
55.92,61.08,57.01,48.96,69.25,60.78,49.63,56.1,5,3,4,11,2
57.62,59.34,63.1,62.95,67.02,52.46,40.65,50.5,9,1,5,4,2
99.5,100.0,99.51,93.23,100.0,98.77,90.74,81.4,2,0,4,6,0
69.52,74.2,71.22,91.56,80.97,79.42,77.91,42.4,1,1,4,7,1
99.5,100.0,96.86,79.99,92.23,90.8,88.81,52.9,2,0,2,4,0
36.05,36.55,36.13,58.31,56.57,36.71,35.89,8.3,2,2,5,10,2
98.21,94.77,100.0,100.0,100.0,89.68,97.8,99.7,1,0,1,10,0
75.89,79.34,76.64,98.84,90.78,85.24,90.92,96.6,0,0,5,2,2
79.95,77.7,79.89,74.5,92.99,82.71,75.75,55.7,2,1,5,13,2
99.5,100.0,100.0,100.0,100.0,94.3,100.0,106.3,3,0,1,8,0
86.19,88.43,82.21,94.41,90.82,100.0,100.0,108.4,1,1,2,5,0
75.48,83.35,74.71,100.0,98.87,90.6,93.16,69.2,2,1,4,8,1
78.2,88.72,83.4,94.16,96.19,97.12,100.0,75.7,2,4,4,9,1
74.56,90.61,73.8,93.31,88.45,100.0,84.91,88.5,5,1,6,7,2
79.31,73.61,79.19,69.8,75.82,49.04,52.94,43.2,3,0,1,5,1
99.22,100.0,96.31,97.01,91.24,86.45,88.98,63.1,1,0,2,4,0
99.5,83.72,91.69,94.6,100.0,100.0,83.36,94.9,1,0,3,9,0
99.5,100.0,100.0,100.0,100.0,100.0,100.0,121.5,1,1,1,2,0
70.41,72.25,66.07,100.0,100.0,100.0,100.0,125.6,0,0,5,4,2
80.88,88.07,75.63,89.72,90.0,87.13,89.94,84.4,0,0,2,2,0
99.5,100.0,91.21,96.17,100.0,79.36,87.23,78.1,2,1,1,13,0
78.17,88.63,83.27,90.85,90.06,88.42,79.04,78.9,1,0,5,2,2
80.21,78.93,83.08,93.72,94.8,100.0,100.0,81.7,0,1,1,4,0
87.93,90.65,84.66,78.63,78.34,68.67,60.17,35.6,4,0,2,6,1
96.75,100.0,100.0,86.17,99.98,98.5,99.58,73.8,2,0,2,10,0
99.5,100.0,99.41,100.0,100.0,100.0,97.26,97.0,3,0,2,10,0
91.86,88.09,90.56,84.76,95.94,87.6,77.13,41.2,1,0,4,2,0
45.0,30.61,43.19,60.13,71.61,66.13,76.48,19.9,3,4,2,13,2
84.41,100.0,83.17,91.65,100.0,95.25,74.78,71.1,4,1,3,13,1
97.09,100.0,100.0,100.0,100.0,100.0,100.0,90.3,0,0,8,6,2
29.05,26.4,20.62,73.01,64.99,65.69,60.41,49.7,2,5,9,8,2
50.26,62.85,48.47,63.48,65.06,47.76,32.33,5.0,9,5,2,6,2
65.07,68.39,60.4,58.52,73.44,64.33,53.91,40.4,6,3,6,2,2
83.16,96.92,90.63,91.26,95.15,94.62,100.0,79.1,1,1,7,6,2
99.2,100.0,100.0,59.48,86.82,72.43,66.27,47.0,4,0,1,3,1
97.47,86.14,96.49,68.12,99.45,87.7,59.06,73.0,0,1,2,2,0
99.5,100.0,99.32,83.99,98.9,96.39,76.37,85.9,2,0,1,7,0
88.69,100.0,91.25,77.93,94.19,79.74,74.74,49.4,4,1,1,12,1
67.72,62.97,67.68,66.46,69.52,66.15,56.3,34.1,2,1,3,12,2
87.39,97.56,90.41,94.12,100.0,100.0,100.0,68.8,0,1,2,3,0
78.85,84.56,81.58,64.26,81.67,69.3,67.76,84.7,4,3,2,2,2
90.83,88.96,89.56,100.0,96.5,88.72,81.48,49.8,3,0,2,9,0
89.24,100.0,92.83,100.0,100.0,100.0,100.0,92.4,2,0,2,11,0
75.96,71.55,82.14,82.8,76.05,69.97,64.18,72.4,3,0,4,2,2
31.45,46.78,40.62,54.11,55.69,50.56,47.86,30.8,3,2,5,12,2
84.73,87.19,87.31,77.84,83.62,76.36,65.94,58.1,2,0,1,11,1
69.32,70.85,68.1,67.58,94.13,59.62,58.88,59.4,3,2,5,8,2
90.38,81.85,87.11,92.73,100.0,93.39,83.06,50.9,3,1,3,11,1
79.69,87.5,86.31,100.0,97.07,92.2,91.45,89.3,1,0,6,6,2
69.81,80.16,74.2,71.3,86.81,79.17,83.92,51.2,5,4,4,13,2
89.4,87.88,86.95,100.0,100.0,93.04,91.69,87.1,3,0,3,2,0
79.71,80.45,73.06,100.0,96.09,91.4,71.16,96.6,4,2,4,4,2
85.1,80.89,81.76,81.71,77.74,80.64,89.11,53.0,5,0,5,3,2
76.55,65.51,74.82,69.21,87.65,46.28,61.43,40.0,2,1,3,3,2
92.67,87.43,85.37,94.38,97.41,100.0,79.92,94.9,2,2,1,13,0
89.46,100.0,99.05,83.73,95.67,89.1,85.71,54.1,1,1,5,5,2
46.3,34.47,42.52,57.47,71.87,57.84,67.19,52.3,6,1,4,2,2
76.38,67.35,78.29,84.33,91.68,84.8,86.45,71.2,2,1,4,13,1
86.51,89.14,86.92,92.13,100.0,100.0,98.67,105.3,4,1,4,11,1
95.49,100.0,88.13,100.0,100.0,81.31,96.07,87.3,0,1,3,2,0
72.86,75.24,71.89,64.96,81.43,73.94,74.47,36.5,2,0,6,2,2
90.95,89.21,87.33,100.0,91.56,89.36,100.0,84.8,1,0,1,4,0
72.19,68.29,66.98,76.12,95.07,84.58,79.98,74.6,2,1,1,8,1
79.6,84.97,83.24,80.02,94.92,83.34,89.47,56.3,0,0,3,9,0
99.5,100.0,95.74,93.64,100.0,94.85,80.69,76.6,2,0,1,10,0
99.5,100.0,93.6,100.0,100.0,100.0,100.0,116.2,0,0,3,8,0
84.82,95.83,86.14,100.0,100.0,100.0,95.96,95.1,2,0,4,10,0
99.5,92.07,99.66,95.83,100.0,93.1,97.59,78.1,2,0,0,6,0
92.72,96.3,92.66,100.0,100.0,100.0,100.0,107.6,2,0,1,11,0
12.5,12.65,10.0,42.35,49.02,39.2,27.71,16.3,4,6,15,11,2
96.47,100.0,95.8,95.41,92.35,90.08,78.93,80.1,3,0,6,4,2
68.26,67.08,71.78,74.58,81.0,71.62,68.56,38.8,8,0,3,8,2
76.45,74.0,77.07,69.72,82.36,63.37,59.12,40.7,0,1,3,8,1
83.37,76.85,82.62,69.38,79.15,77.12,61.06,73.1,1,0,2,12,1
99.5,100.0,100.0,97.15,100.0,84.02,96.46,85.5,0,0,3,5,0
89.17,84.45,80.36,98.9,99.7,77.81,80.17,37.9,3,0,3,9,1
72.74,80.76,74.88,57.46,65.11,46.21,38.58,20.6,4,1,2,4,2
78.71,75.56,81.12,63.33,75.94,58.43,64.36,38.6,5,2,3,9,2
64.57,57.87,52.85,80.57,74.97,75.83,60.46,68.4,0,1,5,7,2
50.52,29.3,34.25,38.67,55.7,37.01,50.41,33.3,9,7,5,10,2
74.16,73.41,69.13,73.74,78.7,67.75,79.6,57.1,5,1,1,10,2
65.13,62.08,60.54,63.13,71.94,69.7,55.26,79.9,3,2,2,2,2
77.36,74.3,75.92,68.64,88.23,75.29,76.2,26.0,2,0,1,12,1
48.84,42.62,40.85,56.27,58.13,51.02,55.52,17.7,4,3,2,8,2
36.11,38.39,38.54,50.9,55.97,37.26,20.12,9.6,4,6,7,12,2
74.0,75.8,83.17,62.27,81.82,69.61,31.36,48.7,3,1,2,3,2
75.32,71.25,71.05,66.07,73.76,49.93,44.02,37.2,5,2,2,8,2
47.36,48.22,41.61,43.11,61.88,42.25,36.3,27.9,5,1,7,7,2
88.84,84.42,85.0,93.49,93.17,87.59,82.95,79.4,3,0,1,3,0
69.97,76.18,74.06,76.68,85.13,69.49,86.02,64.3,6,2,7,11,2
84.32,89.12,86.31,74.55,78.52,72.28,70.64,50.0,6,1,4,2,2
35.09,36.56,38.16,39.31,52.81,32.34,25.24,5.0,9,6,6,4,2
91.23,86.14,87.74,100.0,94.07,99.19,99.99,80.3,2,4,3,12,1
70.9,68.08,70.7,88.53,93.39,91.87,98.03,73.2,4,0,2,13,1
47.04,36.12,52.72,45.82,62.6,61.41,34.89,9.4,5,3,6,9,2
33.39,24.62,28.02,34.41,52.29,32.32,25.7,5.0,6,2,7,12,2
99.5,100.0,99.21,91.49,97.1,89.15,85.47,67.3,1,0,4,10,0
63.83,66.17,66.09,80.92,79.08,53.5,70.5,52.3,1,2,11,5,2
74.61,54.34,76.46,49.97,77.67,41.56,43.79,34.9,5,0,3,11,2
46.17,45.77,49.01,31.09,59.31,33.16,12.72,5.0,7,3,3,8,2
37.78,34.21,36.41,44.42,67.2,44.85,52.83,11.5,5,3,8,3,2
54.49,61.21,54.77,86.5,83.16,82.7,90.65,60.3,1,4,4,8,2
56.76,62.75,63.99,88.94,89.65,94.18,96.01,66.1,1,0,7,6,2
92.7,90.1,90.93,93.85,93.85,84.31,67.31,87.1,2,0,2,9,0
51.22,51.96,57.17,67.42,73.08,75.13,59.33,40.5,5,0,6,6,2
88.61,93.55,89.01,89.03,97.05,98.23,96.19,69.4,0,2,6,12,2
62.65,68.39,62.01,96.63,98.56,92.48,80.83,94.3,2,4,8,13,2
80.23,84.99,75.78,86.91,87.65,74.34,61.85,82.3,0,2,1,8,1
90.88,94.7,93.95,81.12,86.94,99.33,92.59,73.6,0,1,3,8,0
83.38,79.39,74.18,100.0,99.79,97.99,98.97,88.8,1,0,3,5,0
90.47,91.6,95.48,80.44,86.45,88.99,83.27,60.3,2,1,2,5,1
44.84,60.34,44.54,86.05,78.78,99.62,81.12,81.9,1,2,11,10,2
64.81,62.53,56.22,83.22,82.38,73.88,73.97,72.4,2,0,8,9,2
99.5,100.0,99.07,90.66,100.0,95.26,100.0,95.9,2,0,0,10,0
78.03,85.1,84.1,68.52,83.45,67.89,70.53,60.8,2,1,3,11,1
97.18,100.0,97.34,85.31,99.05,70.26,77.18,44.7,2,0,2,3,0
51.69,44.13,51.44,51.57,66.6,45.37,36.54,5.0,3,3,7,8,2
86.38,80.04,84.81,86.62,93.67,84.07,90.89,70.7,2,0,1,2,0
98.37,100.0,100.0,100.0,100.0,100.0,100.0,88.9,0,0,3,12,0
91.0,86.34,95.1,72.75,92.13,81.23,80.97,66.3,1,1,0,3,0
73.27,76.7,71.32,75.42,76.38,77.32,87.36,41.7,4,0,3,8,1
92.02,99.0,94.86,78.99,85.53,90.3,80.55,61.2,0,0,2,11,0
56.65,52.7,46.91,58.37,88.8,92.52,88.83,46.5,3,1,4,13,2
82.33,81.1,86.91,77.67,83.9,76.35,85.5,24.6,2,1,2,3,1
88.64,96.76,89.93,82.35,90.1,79.11,78.42,53.7,1,1,3,11,1
81.93,94.76,86.6,96.92,100.0,88.1,85.29,84.6,0,1,5,4,2
78.14,84.66,78.89,100.0,98.46,89.36,89.22,111.3,2,1,3,8,1
26.1,17.38,19.64,25.93,50.89,28.1,21.19,20.2,5,3,12,12,2
89.81,85.58,90.79,79.96,94.94,92.42,76.82,81.7,1,0,3,2,0
28.29,23.58,28.34,50.37,58.6,49.8,53.27,27.8,4,2,6,2,2
87.52,87.94,85.04,90.22,94.03,99.34,90.46,86.4,2,0,1,3,0
73.3,74.72,80.35,75.53,86.0,80.5,74.45,45.3,3,1,3,4,1
80.77,93.66,88.66,79.08,92.18,91.24,86.75,47.8,4,2,3,12,1
99.5,91.05,100.0,85.21,88.61,71.26,69.55,42.4,1,0,3,9,0
53.42,63.59,49.39,85.17,82.53,69.54,72.8,57.2,4,3,2,11,2
74.3,81.68,74.17,100.0,97.08,100.0,100.0,95.4,5,2,6,4,2
80.87,86.94,86.64,100.0,100.0,100.0,93.89,73.5,1,0,7,10,2
59.77,53.41,52.04,68.84,82.99,67.99,79.89,61.8,1,3,3,4,2
72.75,74.41,71.31,79.49,66.78,59.52,69.59,48.3,0,4,4,2,2
56.53,69.78,57.04,82.1,71.92,50.18,74.51,23.5,1,0,6,13,2
57.19,36.19,50.4,73.05,65.72,72.48,64.53,59.4,3,2,7,10,2
75.73,61.16,68.43,75.64,81.4,75.14,63.1,68.4,5,3,5,8,2
81.77,79.49,76.46,61.65,79.67,69.2,67.67,54.8,5,3,6,9,2
82.99,85.68,90.56,71.61,76.17,79.69,74.04,74.8,2,1,2,6,1
73.75,79.74,78.24,76.88,89.79,67.93,64.66,49.3,4,6,6,5,2
59.24,65.56,63.77,91.67,86.94,75.21,89.59,68.4,1,4,2,4,2
98.24,92.44,96.45,93.34,100.0,97.22,100.0,86.9,0,0,4,5,0
79.48,86.73,85.28,89.37,85.62,100.0,83.37,53.4,0,1,7,8,2
35.79,32.26,36.3,60.74,69.46,72.65,67.74,40.7,6,3,7,13,2
69.62,80.4,66.07,97.78,96.9,93.71,89.45,74.3,2,1,2,3,1
59.36,50.49,63.45,66.97,64.8,54.66,49.48,26.2,9,3,2,6,2
49.39,32.73,49.86,63.22,78.08,55.28,32.49,12.4,5,5,10,11,2
81.21,83.29,79.97,93.32,100.0,100.0,100.0,95.6,1,0,5,2,2
79.72,89.4,76.55,100.0,99.05,100.0,100.0,95.9,3,1,7,8,2
28.23,28.18,23.67,65.7,62.25,61.76,49.96,47.3,6,5,8,5,2
57.58,48.06,49.56,42.12,58.13,31.19,14.26,5.0,5,3,7,9,2
83.31,85.38,85.12,100.0,89.41,100.0,97.22,104.8,3,1,3,11,1
79.1,82.64,78.64,87.16,96.35,93.19,89.16,86.5,3,1,8,5,2
62.8,73.34,64.21,76.12,88.12,70.3,58.28,42.7,2,1,1,3,1
99.5,100.0,100.0,100.0,98.62,100.0,100.0,102.5,2,0,3,10,0
99.5,100.0,99.1,73.72,89.3,76.26,87.47,34.2,2,0,3,13,0
96.7,100.0,100.0,92.5,90.78,89.12,85.44,95.4,4,0,2,3,0
98.89,96.4,97.61,90.89,100.0,75.02,77.15,72.2,5,0,1,13,1
71.77,82.28,82.43,72.66,84.74,71.73,75.65,42.8,4,2,8,2,2
99.5,97.12,100.0,78.77,85.54,70.13,68.47,68.8,5,1,2,7,1
62.19,52.79,59.48,72.07,78.51,79.15,62.91,37.7,5,4,7,9,2
81.88,93.41,84.9,91.09,90.88,88.68,69.94,73.5,3,1,8,10,2
87.31,94.01,89.51,92.7,90.47,100.0,100.0,94.5,1,1,4,13,0
79.78,90.54,88.02,86.43,79.98,73.72,60.54,65.1,1,1,4,6,1
99.5,100.0,100.0,100.0,100.0,100.0,100.0,95.7,2,0,0,11,0
99.5,95.59,90.31,100.0,96.85,85.45,100.0,84.0,1,0,2,8,0
99.5,100.0,100.0,100.0,100.0,100.0,100.0,123.8,1,0,0,4,0
98.96,96.37,96.33,100.0,93.79,87.33,89.66,81.9,2,0,2,3,0
93.11,100.0,96.75,92.96,95.29,77.36,93.55,78.8,2,0,0,8,0
99.5,100.0,99.6,100.0,100.0,100.0,100.0,75.7,0,0,0,5,0
82.02,71.71,76.42,54.71,74.99,62.69,60.93,28.0,5,0,3,11,2
70.6,56.25,58.39,75.48,84.45,80.03,69.19,57.1,2,0,5,6,2
25.94,22.16,18.07,35.25,34.05,12.01,7.4,5.0,9,5,4,4,2
77.96,80.88,77.86,96.09,91.97,83.94,82.44,77.5,3,2,2,9,1
69.08,70.71,69.07,96.09,91.99,90.28,93.16,72.4,3,4,3,9,2
96.8,100.0,97.67,97.52,100.0,99.81,100.0,104.0,1,1,2,13,0
77.39,74.0,77.07,83.72,96.0,79.07,64.7,45.2,1,4,7,6,2
95.13,86.03,88.3,74.47,97.64,87.76,89.36,83.2,5,1,5,12,2
88.86,89.06,83.26,63.49,83.81,77.21,68.02,78.8,7,2,7,3,2
77.78,70.02,78.7,75.47,87.85,60.41,60.89,53.7,3,4,2,4,2
99.5,100.0,100.0,85.01,100.0,100.0,100.0,73.8,1,0,3,8,0
70.23,72.22,68.09,100.0,100.0,100.0,100.0,95.5,0,1,2,4,0
81.73,73.56,82.03,78.09,90.68,81.81,83.93,45.0,2,4,3,12,2
86.87,76.39,78.79,80.09,93.68,88.45,70.31,58.7,5,1,3,3,2
64.4,62.87,64.65,67.92,65.23,58.94,52.36,16.4,4,3,3,6,2
99.5,100.0,100.0,79.27,80.72,61.75,57.82,36.6,10,1,0,3,1
67.32,71.93,66.47,71.2,59.67,56.19,56.11,86.9,5,1,2,4,2
79.52,80.38,81.76,74.43,85.63,78.94,71.18,68.6,1,2,1,5,1
83.37,90.14,80.69,61.28,71.12,60.46,64.06,23.9,2,2,6,12,2
74.38,72.7,73.57,81.13,79.88,74.34,83.68,41.2,2,2,2,4,1
83.09,92.73,86.6,95.5,96.28,83.31,80.13,68.2,2,0,0,13,0
99.5,99.1,94.87,92.45,91.97,96.97,85.37,85.6,5,0,1,3,0
38.91,27.8,37.17,50.68,61.24,54.08,60.74,23.4,3,4,9,12,2
83.67,93.64,91.9,93.54,93.56,91.64,81.87,85.6,1,3,4,4,1
99.5,100.0,99.39,100.0,100.0,100.0,100.0,130.6,3,0,1,6,0
83.62,89.14,85.99,79.43,91.36,72.13,72.19,70.9,5,2,7,7,2
80.65,79.94,79.21,100.0,100.0,100.0,100.0,118.6,1,0,2,8,0
99.5,100.0,99.27,100.0,100.0,90.85,96.33,80.8,6,0,1,6,0
91.71,100.0,92.76,100.0,97.85,92.26,99.21,77.5,3,1,2,8,0
97.71,100.0,98.55,100.0,100.0,97.06,100.0,99.1,1,0,1,6,0
54.75,61.04,56.04,76.54,82.17,81.63,75.62,81.0,1,3,7,11,2
65.45,74.4,75.32,80.53,84.47,80.76,68.93,34.2,3,1,3,10,2
84.21,79.07,81.27,92.34,81.45,83.46,71.29,72.1,4,1,2,6,1
91.17,91.87,87.52,100.0,90.98,100.0,86.9,102.6,1,1,6,13,2
73.19,72.23,65.8,93.5,83.07,83.01,82.31,41.6,7,1,4,5,2
48.64,25.13,43.61,68.32,67.39,51.1,62.93,14.9,4,1,2,9,2
72.27,75.19,79.03,71.18,80.45,82.09,69.9,62.0,4,3,8,3,2
57.5,62.55,54.61,68.76,69.64,62.53,74.12,40.6,1,1,5,10,2
21.64,22.29,24.21,62.71,60.01,54.28,64.1,56.4,4,2,9,11,2
52.59,55.56,55.71,64.51,78.85,71.52,70.46,69.7,3,2,3,6,2
71.16,79.01,74.07,86.41,87.58,88.18,58.99,49.1,3,2,5,9,2
65.82,62.43,59.93,68.35,80.28,68.87,47.42,31.7,1,0,3,3,1
99.5,89.16,97.46,69.93,97.06,77.38,66.67,68.5,2,1,1,13,1
82.75,87.5,89.7,92.62,89.29,89.98,74.75,82.1,3,0,2,8,1
99.5,100.0,100.0,98.55,100.0,100.0,93.97,84.5,0,0,3,12,0
95.91,100.0,99.42,92.84,98.01,84.85,78.66,70.5,4,0,1,3,0
80.73,85.22,85.8,86.23,97.76,99.64,99.53,77.3,2,2,3,8,1
99.5,100.0,92.31,100.0,94.28,100.0,100.0,98.3,1,0,4,10,0
64.62,63.79,66.62,67.73,69.64,63.05,43.88,25.7,3,1,6,10,2
96.82,94.62,98.35,70.84,97.28,70.63,63.66,36.5,1,1,2,13,1
71.15,69.3,69.04,53.16,78.89,59.54,55.48,40.0,3,4,3,13,2
99.5,95.38,98.19,68.99,82.98,69.12,57.45,65.5,2,0,0,11,0
61.89,61.66,59.6,56.18,66.34,47.19,45.63,5.0,2,0,4,11,2
93.15,93.84,87.11,100.0,100.0,99.36,100.0,93.1,1,0,4,12,0
99.5,100.0,100.0,100.0,100.0,100.0,97.79,89.3,2,0,1,9,0
82.7,94.17,94.53,93.22,97.79,89.76,85.55,76.6,2,3,3,2,1
62.38,60.2,57.98,52.52,64.83,63.01,55.22,39.1,3,2,10,11,2
77.22,84.42,80.18,95.94,90.79,93.89,97.97,75.5,0,1,0,9,0
50.49,35.71,39.49,31.39,39.23,13.72,5.0,5.0,12,2,3,12,2
99.5,100.0,100.0,100.0,100.0,100.0,94.31,89.5,1,0,0,11,0
99.29,93.04,94.3,67.1,82.48,48.91,42.43,45.6,4,0,1,2,1
90.25,95.92,91.78,83.97,100.0,100.0,87.2,80.5,2,0,3,2,0
71.69,60.13,71.21,64.16,74.77,46.07,41.12,34.4,2,0,6,9,2
88.53,89.91,90.17,89.63,95.49,82.32,88.99,82.0,1,0,0,13,0
99.5,91.34,95.87,100.0,97.91,100.0,100.0,100.1,1,0,3,11,0
86.81,90.32,84.37,89.74,86.1,82.65,86.06,55.9,4,0,6,9,2
92.68,100.0,98.2,96.1,91.7,89.98,89.05,85.7,1,0,3,6,0
99.05,100.0,94.92,92.43,97.5,98.29,84.94,87.3,4,0,1,13,0
49.78,56.6,57.65,72.18,73.99,92.45,61.44,45.0,5,2,3,6,2
73.24,85.14,78.18,73.35,87.31,79.1,76.95,77.4,1,0,2,10,1
85.12,87.21,81.77,81.8,88.69,78.24,80.37,71.3,2,0,0,2,0
55.76,46.83,46.3,78.26,65.26,66.75,64.48,48.2,1,1,5,2,2
99.5,100.0,98.36,100.0,100.0,100.0,100.0,113.9,1,0,2,8,0
83.51,91.98,85.29,88.4,94.78,88.28,75.66,71.3,2,1,2,9,1
98.64,100.0,100.0,72.63,98.02,70.23,76.06,50.1,3,1,1,8,1
43.59,28.68,33.81,24.79,60.36,39.36,22.26,5.0,7,7,7,8,2
60.8,60.43,63.8,60.83,71.27,64.3,52.72,42.3,4,1,2,5,2
79.99,82.92,70.97,100.0,95.45,90.91,93.07,98.5,3,0,1,6,0
28.27,16.16,24.0,40.59,63.18,44.73,55.16,16.4,7,0,4,6,2
99.5,100.0,96.79,100.0,94.0,100.0,84.27,76.8,1,0,1,2,0
14.95,8.0,12.68,73.6,58.4,54.84,56.77,30.2,3,3,3,3,2
65.03,60.78,68.23,43.24,61.42,31.36,27.48,9.3,8,3,5,3,2
33.74,32.06,36.72,57.85,61.75,71.58,51.13,39.7,4,2,10,7,2
99.5,100.0,100.0,88.26,100.0,94.68,87.56,97.8,1,0,2,8,0
99.5,100.0,100.0,94.35,100.0,96.65,85.62,101.5,0,0,2,3,0
57.21,43.07,57.31,48.03,60.93,46.13,32.96,34.4,5,2,6,10,2
48.9,39.59,51.5,68.0,72.1,78.06,61.78,51.0,2,1,4,6,2
55.96,65.12,57.01,48.61,66.58,60.21,68.21,37.1,6,4,5,4,2
74.47,71.49,76.32,71.45,83.31,59.32,54.92,21.3,4,3,3,2,2
60.3,53.5,60.78,82.81,93.82,88.77,85.99,77.8,1,0,4,7,1
99.5,100.0,99.72,89.56,100.0,95.48,99.85,90.0,0,0,2,13,0
84.75,78.93,86.67,77.73,93.54,75.11,69.2,54.9,2,1,5,9,2
95.62,100.0,97.43,100.0,100.0,100.0,90.62,79.3,1,0,1,5,0
99.43,100.0,93.69,94.2,100.0,77.43,81.33,71.0,2,0,2,8,0
93.06,100.0,100.0,100.0,100.0,100.0,100.0,84.5,1,0,2,2,0
99.5,100.0,97.24,84.04,89.24,65.93,75.89,70.4,7,0,1,8,1
65.05,65.65,58.26,49.47,68.09,55.33,60.58,5.0,8,2,5,10,2
76.15,89.15,93.85,75.49,85.44,87.15,67.21,43.6,4,1,3,3,1
99.5,100.0,95.36,100.0,100.0,95.87,91.56,91.1,1,0,1,11,0
45.14,40.93,46.1,63.44,85.79,67.62,76.76,75.1,5,3,10,11,2
73.87,57.03,63.23,67.52,88.54,69.88,82.02,59.0,3,1,0,12,1
54.12,43.81,48.51,52.91,69.52,58.25,58.82,45.7,4,2,2,6,2
56.34,56.8,53.72,88.84,94.33,100.0,88.88,80.4,2,2,8,9,2
76.15,80.16,73.69,58.17,67.62,51.85,61.98,31.9,4,1,3,2,2
42.06,53.78,49.98,73.71,86.58,78.97,80.09,56.1,1,3,8,3,2
77.38,71.48,84.22,89.08,96.87,97.1,88.88,71.6,2,2,2,12,1
43.46,41.65,42.79,36.69,34.2,29.32,20.97,14.8,5,4,5,10,2
85.7,85.09,78.37,100.0,100.0,98.5,89.89,64.7,1,0,6,13,2
96.77,92.23,90.86,79.63,97.08,85.95,81.13,69.2,2,0,1,13,0
85.49,80.07,80.09,94.19,95.02,95.63,87.83,85.2,1,1,5,2,2
69.48,70.28,70.19,75.68,81.44,74.85,71.94,74.3,4,4,2,4,2
50.88,45.94,47.34,75.46,73.57,75.98,77.96,61.5,5,4,7,4,2
66.72,73.82,77.88,71.89,83.81,62.84,60.41,41.1,6,2,8,4,2
82.11,78.93,80.51,95.63,99.57,79.51,90.85,91.3,1,0,1,12,0
93.82,100.0,99.4,83.82,94.12,88.96,81.24,60.3,5,1,1,5,1
44.51,26.29,36.9,41.98,46.75,47.87,19.44,23.8,4,2,4,6,2
99.5,100.0,99.53,82.9,90.4,90.04,85.27,42.8,4,0,1,8,0
73.94,68.89,70.58,54.13,57.87,34.7,30.18,14.0,4,2,2,5,2
82.14,95.28,87.11,100.0,100.0,100.0,100.0,116.0,0,1,4,4,0
75.13,69.88,71.15,68.66,76.82,67.64,57.12,66.2,6,1,4,7,2
63.43,58.51,61.71,70.42,74.5,66.79,54.06,27.7,5,2,5,3,2
29.89,27.25,26.66,47.56,58.32,38.69,42.33,29.3,5,2,5,4,2
84.12,100.0,99.23,95.81,91.24,87.95,97.3,84.0,3,5,1,5,1
31.24,17.07,27.43,60.68,55.48,50.53,51.59,5.0,2,2,7,9,2
61.17,52.42,60.16,52.49,64.2,45.11,51.64,15.7,3,4,4,3,2
86.3,82.24,84.08,78.54,87.17,89.65,66.39,65.8,4,0,3,10,1
99.5,88.01,89.23,76.7,77.8,62.96,61.56,46.5,2,2,3,5,1
82.11,73.74,73.53,74.3,99.32,86.25,81.1,76.4,2,0,0,10,0
68.18,57.69,63.5,54.48,68.62,42.5,47.16,30.1,1,2,1,5,2
64.61,64.23,63.63,100.0,84.69,74.19,81.19,70.8,4,2,3,2,2
76.69,92.86,84.4,97.37,100.0,89.92,83.23,98.8,0,0,6,4,2
59.66,68.56,63.78,75.34,89.49,68.65,76.59,36.1,3,4,9,13,2
74.81,72.53,72.06,90.44,100.0,93.85,92.2,50.7,0,1,3,2,1
77.45,85.75,91.21,81.53,97.11,79.26,77.32,49.3,3,0,3,3,1
99.5,94.74,99.08,81.9,84.52,72.09,75.76,59.8,4,0,0,2,0
85.6,89.1,85.16,93.09,97.34,91.25,97.2,70.1,1,0,3,7,0
94.05,100.0,94.81,91.29,100.0,90.03,77.71,83.1,6,1,4,8,1
63.15,76.48,71.1,72.77,79.57,61.9,62.15,38.7,2,2,3,9,2
77.84,82.96,78.88,79.32,82.84,84.34,69.09,60.8,3,0,6,7,2
48.95,31.44,46.1,53.89,59.74,49.43,31.87,29.2,5,1,4,13,2
95.81,100.0,97.05,90.15,87.97,85.55,91.5,68.1,4,0,2,5,0
99.5,100.0,98.15,86.13,100.0,80.62,78.1,60.5,0,0,0,10,0
26.24,21.09,18.54,36.79,44.31,35.06,19.63,5.0,6,4,4,6,2
81.67,77.17,84.11,85.64,94.03,86.33,71.2,72.2,0,0,4,2,1
99.5,100.0,95.34,78.15,95.25,92.36,79.01,104.9,3,0,1,6,0
36.7,33.88,38.63,52.5,72.25,63.39,61.44,45.8,3,3,3,4,2
38.7,48.66,40.1,59.55,70.7,65.49,61.12,19.1,4,2,2,11,2
78.62,80.39,82.73,62.94,79.48,52.22,61.88,54.4,4,1,1,2,2
88.38,100.0,97.93,100.0,88.68,87.54,90.51,94.5,3,0,1,8,0
69.34,66.86,65.38,87.11,84.81,81.97,89.04,86.0,1,0,6,9,2
49.48,44.19,44.11,58.1,74.68,50.23,55.72,12.2,8,2,8,9,2
69.11,61.09,74.94,64.53,72.0,58.98,39.29,25.4,2,2,3,10,2
94.19,100.0,98.23,100.0,100.0,100.0,100.0,93.5,0,0,1,2,0
92.56,100.0,98.28,100.0,98.06,100.0,96.63,114.6,1,0,2,11,0
99.5,100.0,94.28,100.0,100.0,100.0,100.0,98.4,0,0,3,10,0
99.5,100.0,95.62,87.35,99.38,90.39,81.71,35.5,3,0,2,12,0
58.63,62.47,60.94,66.23,90.62,63.36,65.43,75.9,2,0,5,13,2
98.37,96.86,96.28,100.0,99.02,100.0,100.0,115.6,1,0,4,9,0
97.13,98.92,93.79,93.39,100.0,98.57,96.63,69.1,0,0,2,13,0
94.71,99.19,97.53,100.0,100.0,92.93,80.47,98.6,3,0,2,12,0
74.16,73.15,66.95,75.68,81.86,65.62,74.07,55.9,6,1,3,10,2
97.76,98.38,99.21,94.19,100.0,92.78,93.98,75.9,2,0,0,5,0
86.15,83.08,81.38,98.35,83.21,81.58,88.21,97.7,5,0,1,11,1
95.02,89.26,95.67,98.84,100.0,100.0,100.0,101.1,2,1,1,6,0
68.62,65.37,67.79,50.43,77.77,43.36,31.83,6.5,5,1,4,7,2
99.5,94.8,99.82,93.71,100.0,82.44,94.77,74.4,4,0,0,6,0
88.9,98.34,97.85,91.51,89.88,80.13,83.6,63.8,1,0,2,12,0
61.5,63.32,59.52,69.91,79.31,67.45,68.18,43.0,3,4,4,10,2
93.56,100.0,92.09,95.4,95.04,85.73,100.0,78.8,6,0,3,7,1
96.9,96.86,100.0,100.0,100.0,100.0,92.59,80.8,0,0,3,9,0
82.15,100.0,95.7,95.53,100.0,85.83,92.27,91.8,2,0,1,7,0
93.6,100.0,100.0,100.0,97.31,100.0,94.18,85.2,0,0,4,4,0
82.23,82.78,73.11,88.02,78.76,74.52,85.02,46.9,4,0,1,6,1
63.26,70.0,68.23,81.76,95.12,90.11,90.22,88.8,3,1,7,13,2
81.17,83.25,78.22,83.16,90.85,80.28,79.83,64.3,3,0,1,9,1
82.23,94.74,90.57,93.12,96.07,100.0,100.0,98.8,1,1,3,7,0
61.52,66.92,62.56,74.65,86.72,67.19,74.43,39.1,3,1,1,9,1
88.19,78.86,83.3,87.09,95.01,92.11,83.32,95.6,5,1,7,8,2
83.97,81.47,81.45,82.83,99.88,91.79,85.65,75.0,3,2,3,4,1
99.5,100.0,97.29,84.29,100.0,82.54,87.45,70.5,3,0,1,7,0
92.4,100.0,90.17,100.0,100.0,100.0,93.32,107.6,1,0,5,7,2
99.38,100.0,98.08,94.34,100.0,100.0,99.91,57.0,1,0,2,10,0
27.92,8.0,20.88,49.94,53.91,46.73,46.73,30.2,6,2,6,6,2
39.55,34.66,43.67,52.28,56.63,35.26,35.01,33.5,6,1,3,4,2
42.2,55.78,49.41,76.78,68.63,71.89,65.18,29.3,3,4,6,13,2
87.46,75.16,81.63,100.0,100.0,95.54,89.23,92.5,1,2,5,12,2
99.5,100.0,98.24,100.0,100.0,100.0,100.0,91.2,0,0,2,12,0
91.12,100.0,82.55,100.0,98.14,90.49,97.95,85.9,2,0,2,8,0
96.62,100.0,96.33,100.0,100.0,100.0,100.0,102.7,1,0,2,5,0
77.88,82.28,80.09,94.11,100.0,100.0,85.93,92.3,0,0,3,3,0
76.67,86.68,78.03,94.85,92.95,91.07,89.77,67.3,2,0,3,11,1
99.5,100.0,97.58,82.6,98.86,70.98,74.06,47.8,3,0,1,9,0
82.14,91.12,75.62,98.16,100.0,95.2,73.01,104.7,2,2,2,4,1
93.5,91.05,87.01,67.2,80.71,67.05,66.99,6.2,2,1,2,7,1
62.54,64.16,58.75,87.32,79.24,76.17,71.76,57.6,4,2,7,10,2
76.13,75.41,72.97,91.45,100.0,96.15,100.0,86.4,2,0,4,4,1
31.65,22.6,16.05,57.58,62.8,73.7,52.43,29.2,5,3,8,9,2
99.5,100.0,98.93,86.55,100.0,100.0,99.33,108.2,2,0,0,7,0
75.2,73.34,74.13,81.04,88.11,85.82,79.78,50.6,3,1,5,5,2
85.85,74.83,83.3,85.84,94.41,94.15,82.03,72.3,2,3,4,6,1
73.88,92.4,79.2,50.34,61.54,39.7,52.9,5.1,6,1,6,5,2
86.5,87.22,90.07,94.12,90.58,88.97,91.0,77.0,2,0,3,4,0
83.82,82.61,90.5,88.88,98.14,83.82,90.69,68.4,1,2,1,9,1
72.11,72.0,66.44,93.94,86.82,92.48,83.44,111.1,2,2,3,7,1
97.52,100.0,93.47,100.0,100.0,100.0,100.0,111.7,0,2,4,7,0
91.16,88.79,91.6,100.0,93.06,86.76,90.12,90.6,2,0,5,4,2
24.22,24.08,26.51,34.34,56.02,38.7,30.07,5.5,2,4,7,11,2
85.92,86.0,81.08,72.2,91.8,73.74,59.41,85.5,3,1,2,3,1
64.67,54.82,67.68,59.48,77.09,66.44,58.41,22.7,0,0,2,2,1
68.43,47.92,56.87,84.68,74.37,70.98,79.63,68.6,2,0,4,8,2
83.28,97.24,87.61,86.9,93.68,99.15,100.0,65.0,2,1,4,10,1
88.83,90.08,91.97,94.58,100.0,91.5,98.06,109.0,1,1,1,5,0
82.58,88.66,90.63,86.06,78.89,96.87,81.81,78.2,1,1,5,7,2
72.63,70.16,67.71,100.0,86.61,93.14,94.06,83.4,3,2,3,13,1
97.97,100.0,100.0,79.13,76.9,95.85,100.0,78.0,1,0,1,12,0
93.09,97.12,94.19,99.06,85.52,90.88,91.31,54.3,3,0,4,5,1
91.32,100.0,88.75,100.0,100.0,100.0,100.0,67.3,1,0,0,5,0
28.66,24.3,24.55,51.63,54.88,53.54,52.39,18.7,1,8,0,5,2
86.07,76.23,77.52,81.28,83.64,54.68,63.22,37.1,4,0,0,13,1
33.59,38.81,38.31,23.77,49.27,18.35,16.77,5.0,5,6,9,6,2
66.62,68.01,61.45,62.61,75.03,67.89,66.74,37.7,4,1,3,5,2
72.32,64.57,71.12,70.19,80.27,86.29,63.36,55.7,0,0,4,2,1
46.66,43.22,45.29,50.48,62.7,58.08,45.01,33.8,2,2,9,12,2
17.63,15.93,18.31,47.68,60.56,43.14,65.8,35.5,5,5,10,13,2
89.49,99.22,93.16,93.7,97.64,95.53,88.95,85.2,1,2,6,3,2
96.11,100.0,94.06,85.78,92.74,90.28,87.23,96.3,2,0,2,3,0
67.88,69.1,69.85,67.57,76.34,74.66,69.02,38.2,4,4,9,6,2
92.18,100.0,95.65,86.64,100.0,99.01,83.01,103.8,2,1,1,10,0
99.5,100.0,97.6,93.53,100.0,82.06,93.85,80.8,0,0,0,12,0
92.96,100.0,100.0,92.0,100.0,100.0,100.0,82.6,0,0,1,4,0
83.06,74.06,74.88,96.6,78.7,86.63,95.86,82.5,2,1,4,4,1
61.61,43.6,56.76,41.89,74.34,47.6,58.14,13.6,6,4,4,6,2
99.5,98.91,100.0,89.84,92.62,88.93,97.7,71.0,0,0,1,6,0
52.02,42.76,47.33,46.39,58.88,39.51,47.62,17.1,5,1,3,12,2
82.88,81.84,83.46,90.9,94.37,94.04,76.91,69.0,2,1,8,9,2
60.16,51.04,58.46,70.69,82.95,75.76,63.97,67.7,6,4,2,2,2
82.99,90.66,85.59,88.89,97.83,90.6,82.11,75.5,6,0,1,8,1
32.15,16.82,24.07,55.91,59.39,29.34,34.75,15.5,2,1,5,5,2
74.18,55.75,66.84,85.83,72.38,78.46,79.78,41.4,4,1,4,2,2
87.63,80.47,82.47,69.33,92.78,84.88,73.73,83.8,1,1,1,12,1
82.44,78.98,86.59,84.46,92.22,74.55,60.07,71.5,2,3,3,2,2
86.04,90.84,91.35,99.15,99.04,100.0,94.7,62.2,0,0,1,5,0
99.5,100.0,99.98,100.0,100.0,100.0,100.0,113.7,2,0,1,5,0
60.05,65.64,59.18,84.14,89.59,77.99,82.52,74.1,2,6,6,11,2
31.99,13.42,23.65,56.98,63.7,57.45,50.57,40.6,3,2,4,9,2
68.61,75.7,68.93,60.7,76.5,59.78,55.65,33.5,1,0,3,3,1
67.74,65.44,66.46,83.59,74.82,63.59,55.09,46.5,5,6,4,4,2
97.88,99.65,92.11,93.47,90.88,86.0,77.5,32.3,8,0,1,7,1
66.07,61.19,61.97,53.14,61.06,48.84,39.47,21.0,10,2,9,8,2
38.09,19.4,26.58,17.87,38.81,21.35,23.04,5.0,5,1,9,7,2
99.5,100.0,96.86,92.19,96.59,90.28,80.01,77.8,2,0,0,10,0
40.79,24.89,42.05,68.9,78.77,66.08,65.54,33.4,4,4,5,3,2
85.61,98.68,89.26,97.48,95.1,81.86,81.33,88.7,10,1,2,11,1
84.07,87.69,86.2,75.94,92.18,90.8,88.72,71.0,2,4,7,9,2
25.05,18.98,21.83,29.37,44.86,38.2,25.65,5.0,4,8,2,10,2
62.34,65.15,65.9,66.66,88.98,66.15,49.43,24.7,2,0,4,5,2
92.48,95.85,92.19,100.0,100.0,96.61,100.0,80.1,0,2,3,8,0
57.65,65.23,58.32,61.93,69.06,62.84,51.74,38.9,4,0,4,2,2
60.85,60.34,57.9,92.87,89.22,97.92,91.03,98.8,0,1,6,2,2
62.19,57.53,57.44,91.92,78.87,83.67,86.01,70.8,5,2,5,13,2
99.5,100.0,100.0,100.0,100.0,100.0,100.0,124.4,0,0,0,8,0
75.73,69.1,74.74,89.2,93.17,90.36,77.61,84.4,3,0,3,2,1
46.45,32.09,38.52,39.12,42.0,27.9,34.48,7.8,4,4,6,6,2
77.11,82.49,82.51,93.37,89.04,87.72,93.03,74.8,1,2,9,10,2
76.68,90.67,86.59,100.0,97.29,100.0,100.0,113.3,2,0,8,11,2
77.6,81.5,76.22,100.0,96.1,92.77,80.04,87.5,2,0,3,10,1
95.61,97.57,95.18,100.0,100.0,100.0,100.0,115.3,0,1,0,2,0
88.82,92.0,90.06,100.0,92.12,93.24,98.13,86.7,3,0,3,10,0
88.07,87.41,84.74,100.0,93.55,97.92,96.32,67.7,0,0,3,2,0
99.5,100.0,97.71,75.15,100.0,88.76,85.0,75.8,0,0,1,8,0
71.66,64.48,66.95,77.05,76.7,65.54,50.63,51.2,2,4,3,7,2
57.07,47.5,52.85,59.74,73.23,51.14,68.81,62.2,1,1,2,8,2
95.26,91.28,100.0,89.05,100.0,86.79,87.57,91.6,2,1,4,4,1
95.98,89.56,89.93,100.0,100.0,100.0,100.0,95.6,0,0,1,3,0
99.5,100.0,93.8,79.84,87.13,79.78,77.01,78.4,5,0,3,10,1
99.5,100.0,100.0,89.73,90.75,87.31,98.66,67.1,2,0,0,11,0
90.69,79.56,87.19,75.06,74.6,73.85,60.26,60.9,3,0,4,2,1
94.26,100.0,95.22,90.24,93.98,88.16,89.8,98.0,3,0,1,7,0
72.68,74.66,76.9,75.11,87.54,88.9,78.77,78.3,1,2,0,2,1
49.02,38.58,40.16,81.38,84.15,64.79,55.3,36.4,3,2,10,6,2
66.33,54.36,63.04,62.73,65.17,48.91,45.51,18.5,2,0,5,6,2
74.39,69.35,71.72,50.02,73.25,67.26,55.29,47.1,9,3,1,13,2
74.8,79.86,76.86,73.15,81.19,66.03,64.69,59.6,5,0,5,3,2
91.31,100.0,94.82,100.0,100.0,100.0,97.26,81.3,3,2,5,13,2
82.23,85.36,92.95,100.0,98.94,100.0,100.0,86.2,2,1,1,4,0
75.14,75.94,73.43,54.41,71.16,55.53,56.02,47.4,2,3,5,5,2
54.68,51.67,50.16,59.36,74.26,57.58,79.7,31.8,3,3,9,12,2
90.32,87.31,91.32,80.69,100.0,79.17,79.31,74.7,2,2,6,8,2
78.91,93.2,88.43,100.0,99.7,100.0,96.57,113.9,1,2,5,10,2
87.08,88.14,82.07,83.6,93.69,76.24,81.94,57.1,2,3,1,4,1
57.65,58.16,59.4,53.43,72.58,60.54,57.92,62.1,5,2,6,12,2
70.39,64.31,63.41,79.95,92.52,80.83,90.76,75.7,3,5,0,9,2
80.23,78.28,74.07,68.56,85.63,88.91,69.3,67.3,4,2,3,9,2
42.8,41.98,41.6,49.1,63.48,53.32,23.07,28.6,5,3,6,10,2
96.99,99.2,95.18,100.0,100.0,93.15,68.13,94.4,2,1,0,3,0
86.02,82.4,79.49,75.61,86.02,62.72,49.94,33.5,4,1,0,7,1
35.96,26.92,29.12,69.82,83.5,69.35,54.4,46.9,1,1,5,9,2
71.05,76.43,71.02,88.31,100.0,92.06,91.59,63.5,0,1,1,8,0
46.02,28.04,41.67,35.72,47.01,23.02,24.94,5.0,4,2,3,4,2
85.94,93.18,84.77,90.78,86.99,92.42,87.18,78.4,1,0,0,9,0
67.24,51.68,61.62,45.13,57.38,40.13,23.88,15.6,5,4,2,4,2
77.95,74.5,69.26,66.15,87.77,59.63,68.87,40.5,3,0,3,4,1
48.66,51.79,48.97,42.75,53.51,33.91,37.43,10.4,3,6,6,12,2
75.35,81.32,80.56,80.18,88.06,82.69,71.38,68.7,1,3,6,13,2
84.81,86.69,83.61,95.95,98.0,100.0,86.72,68.1,2,2,7,7,2
36.9,36.3,38.81,53.42,59.02,36.49,32.58,20.4,1,5,6,4,2
83.61,76.15,73.11,85.46,82.19,67.91,75.06,29.3,1,1,5,10,2
34.32,23.14,25.61,64.92,62.34,68.71,55.15,32.4,4,3,7,4,2
82.64,83.53,85.23,88.53,100.0,88.63,85.88,62.4,2,1,5,7,2
85.31,97.59,92.5,100.0,89.12,99.98,89.45,69.1,0,0,4,13,0
82.69,86.66,91.67,71.06,75.14,58.52,54.62,22.7,6,1,1,3,2
58.2,53.24,59.14,66.11,77.19,71.94,66.72,70.0,3,0,3,6,2
83.14,84.19,88.18,100.0,95.68,78.39,67.02,74.5,5,0,5,9,2
67.0,74.29,65.93,93.97,91.85,99.72,88.23,68.0,2,2,2,8,1
58.98,76.22,65.51,62.4,75.85,67.99,89.19,42.3,0,1,5,7,2
67.27,73.65,64.17,100.0,93.68,100.0,98.26,111.6,2,1,5,8,2
58.57,64.02,64.99,52.88,79.47,51.04,55.79,29.7,6,2,5,2,2
93.05,98.88,94.11,100.0,87.25,85.66,92.26,86.4,1,0,2,9,0
35.75,38.92,38.89,64.93,70.54,65.74,55.02,43.9,3,5,6,3,2
86.98,100.0,82.73,100.0,96.28,100.0,97.68,113.5,1,0,1,6,0
89.4,89.89,79.51,72.4,86.4,65.35,70.69,28.6,3,2,2,10,1
77.62,80.07,85.6,99.93,93.73,80.36,78.66,69.3,1,2,4,4,1
50.78,52.46,65.25,86.79,77.37,81.39,83.4,51.6,4,1,3,8,2
64.6,61.0,64.64,49.37,69.12,57.56,46.1,45.8,4,1,5,8,2
55.66,59.06,63.15,63.35,65.92,51.7,38.16,21.1,5,0,0,10,2
79.72,84.0,78.4,55.7,57.96,45.13,42.22,41.0,4,3,1,11,2
92.99,100.0,89.36,100.0,100.0,100.0,100.0,122.9,0,0,3,3,0
76.01,69.62,80.19,62.08,69.85,68.58,56.98,29.8,5,2,2,12,2
85.83,83.54,84.43,84.69,84.04,84.01,64.04,85.1,4,2,4,12,2
85.22,81.51,82.96,98.06,82.95,74.81,84.15,66.4,1,0,1,3,0
65.15,65.81,72.06,70.6,75.77,52.47,72.44,68.2,4,2,3,2,2
24.45,22.89,22.47,50.28,59.48,38.99,37.82,5.0,3,6,5,9,2
68.27,62.98,61.55,61.11,90.02,78.45,63.66,55.6,3,1,5,5,2
56.13,50.38,48.4,64.52,64.59,50.56,43.12,28.9,3,0,6,2,2
87.23,96.99,90.92,90.06,95.58,98.59,81.78,85.6,2,1,2,8,0
57.39,54.1,59.63,78.81,79.38,81.86,62.97,39.2,2,2,3,10,2
92.11,96.51,92.63,90.21,93.96,89.95,100.0,66.1,2,0,2,5,0
98.32,100.0,98.51,96.21,98.31,82.19,79.55,55.6,5,1,4,6,1
99.5,100.0,96.58,100.0,100.0,100.0,100.0,118.8,1,0,1,5,0
86.33,86.68,84.39,100.0,91.08,100.0,90.58,72.0,0,1,3,7,0
76.01,80.42,83.97,90.76,98.09,91.7,97.41,69.5,3,1,2,7,1
66.33,67.15,66.09,65.93,69.18,62.99,62.51,36.1,4,1,5,10,2
99.43,100.0,96.54,100.0,100.0,100.0,100.0,113.1,2,0,4,2,0
86.77,99.62,98.22,74.69,100.0,85.46,67.05,84.4,0,0,2,13,0
85.26,100.0,89.74,91.0,100.0,83.12,85.93,90.5,2,0,3,13,0
56.45,45.19,51.46,55.5,62.21,59.05,54.56,17.1,6,5,2,6,2
91.73,100.0,93.83,96.8,100.0,95.93,89.53,67.5,3,0,5,3,2
99.5,100.0,93.17,93.3,96.3,100.0,98.83,77.4,1,0,1,10,0
66.17,62.88,63.21,60.06,77.46,49.35,56.36,45.6,6,2,2,6,2
99.5,100.0,100.0,82.2,99.84,94.03,85.48,90.5,0,0,1,8,0
50.88,45.65,47.15,43.25,57.64,16.57,23.53,11.9,5,2,5,2,2
92.12,93.58,96.56,95.71,97.35,92.38,69.66,60.3,5,1,2,10,1
97.38,92.36,91.43,89.03,98.01,92.27,74.79,63.6,0,0,1,12,0
84.26,80.99,84.1,100.0,99.27,95.64,100.0,101.1,1,1,5,8,2
48.57,37.42,42.21,84.39,87.66,63.93,67.2,45.1,6,4,3,13,2
84.68,91.34,90.9,90.76,94.6,94.77,96.8,97.0,3,0,2,9,0
40.5,41.16,46.82,68.44,61.14,57.93,55.03,9.3,3,6,5,4,2
90.23,84.77,92.99,77.96,97.86,72.35,85.79,94.4,2,0,5,5,2
68.92,69.88,69.52,65.49,70.42,61.06,63.64,37.9,6,1,5,11,2
88.99,94.25,90.79,72.57,96.06,85.41,84.37,40.3,3,2,2,13,1
99.5,100.0,99.22,100.0,100.0,100.0,95.06,130.8,1,1,2,8,0
99.5,100.0,95.33,82.52,86.95,80.84,92.96,51.4,2,0,1,9,0
81.99,83.09,85.95,76.28,87.81,67.31,72.39,63.2,2,1,7,13,2
81.92,96.92,79.06,89.5,97.03,78.9,100.0,76.4,2,3,3,5,1
65.38,67.71,64.61,65.51,74.32,59.15,58.31,22.1,3,2,10,12,2
52.54,37.32,53.15,46.76,66.63,51.74,37.57,16.1,7,2,2,3,2
60.59,67.1,56.47,42.24,67.84,43.11,46.94,30.5,4,0,1,9,2
78.53,79.29,80.67,94.71,93.71,100.0,100.0,106.0,0,0,3,11,0
49.56,50.45,52.87,77.84,86.8,90.45,60.66,39.6,8,1,8,9,2
63.52,82.88,68.52,71.69,71.6,74.93,70.33,63.8,4,1,3,6,2
73.49,75.97,70.18,86.74,74.38,55.64,59.66,43.7,1,0,7,8,2
55.47,47.96,45.81,62.79,78.64,65.08,59.94,60.6,3,3,3,7,2
77.25,79.76,76.24,70.82,88.1,81.43,70.47,30.7,2,2,3,4,1
43.4,40.47,39.06,55.02,57.67,53.15,32.44,5.0,5,1,5,6,2
56.65,60.46,52.23,77.49,88.88,72.91,88.77,44.7,6,1,10,11,2
99.5,100.0,100.0,96.48,100.0,92.48,88.82,101.7,2,0,1,6,0
73.64,59.19,64.6,62.21,61.21,52.27,42.23,31.2,5,2,3,10,2
75.91,66.88,74.21,78.96,78.06,78.67,58.5,87.8,6,1,2,2,2
52.49,41.43,44.73,56.07,56.74,46.31,49.48,16.6,5,8,3,11,2
76.27,81.57,80.33,58.08,71.52,59.25,41.13,17.4,8,0,1,2,2
90.64,83.67,88.73,90.49,93.53,65.27,84.05,42.6,4,0,1,13,1
96.55,99.18,100.0,89.55,92.52,79.1,85.25,78.7,3,0,3,11,1
89.86,100.0,87.24,100.0,99.94,100.0,100.0,113.5,3,0,3,13,0
65.02,69.66,63.64,78.18,80.84,71.11,80.52,59.9,4,4,6,10,2
94.77,100.0,100.0,77.1,92.66,69.8,73.83,67.1,4,1,3,8,1
59.92,54.24,55.08,78.62,86.29,68.79,73.61,70.6,4,0,4,5,2
81.27,85.41,81.19,78.68,79.49,75.18,74.04,39.1,4,1,1,13,1
35.34,37.7,38.33,49.36,54.84,49.03,37.28,38.4,5,1,9,10,2
78.5,88.28,80.93,82.14,85.33,92.72,82.84,76.8,1,1,5,2,2
75.14,83.86,78.81,95.86,88.95,83.38,80.82,58.9,3,0,2,12,1
99.5,95.81,97.53,91.95,98.99,97.19,86.12,81.6,1,0,1,4,0
61.47,65.3,61.49,69.52,76.75,65.22,55.96,38.7,3,1,7,3,2
73.1,80.41,70.28,80.56,88.37,92.0,81.44,85.3,3,1,4,10,1
85.91,90.61,85.74,100.0,100.0,95.05,89.92,106.6,0,0,2,10,0
79.41,75.09,79.85,72.66,87.52,72.8,51.18,69.4,3,2,2,9,2
79.08,84.41,79.74,83.05,85.83,89.18,95.87,84.6,4,3,2,7,2
65.51,61.78,65.98,88.95,99.42,100.0,82.3,74.6,1,1,4,12,1
93.36,92.89,91.79,100.0,85.14,83.41,92.48,58.6,3,0,2,5,0
73.04,78.41,76.93,81.62,75.05,69.48,67.27,47.3,2,2,7,13,2
67.27,76.69,68.3,83.92,77.69,75.81,71.02,47.8,2,1,3,13,1
94.49,100.0,91.83,94.25,95.21,95.44,100.0,91.8,1,1,2,3,0
90.29,92.96,94.68,99.75,96.76,83.69,90.09,95.8,1,3,4,3,1
99.5,93.84,92.86,85.29,93.25,88.9,97.23,76.5,4,3,2,10,1
92.15,87.74,87.62,92.21,89.19,77.09,71.08,41.5,1,0,4,11,1
64.33,75.0,68.34,97.52,97.3,89.12,68.38,61.3,2,1,3,4,1
99.5,100.0,92.39,96.32,92.49,89.53,100.0,63.4,4,1,0,4,0
91.64,91.52,89.21,83.68,85.88,76.61,72.3,47.2,3,1,3,13,1
99.5,100.0,96.97,100.0,100.0,100.0,100.0,101.6,1,0,3,8,0
64.2,67.72,64.37,73.22,62.75,83.47,55.83,46.8,2,0,1,10,1
99.5,96.48,97.31,87.84,100.0,88.06,100.0,50.9,1,0,2,8,0
53.14,49.34,49.71,74.37,85.21,70.29,60.05,49.8,5,1,3,8,2
96.41,100.0,96.99,84.56,91.43,84.85,84.51,64.1,4,0,0,4,0
49.58,47.61,54.58,56.32,64.0,56.08,47.78,30.0,4,1,2,2,2
63.46,70.86,75.56,72.66,75.86,74.74,65.66,45.3,1,1,5,5,2
94.68,100.0,98.62,70.24,91.76,80.74,86.22,84.6,2,0,2,7,0
86.35,83.07,83.72,71.44,93.08,92.7,74.74,26.9,2,0,1,8,0
97.55,72.48,84.32,75.18,90.49,72.17,83.92,48.9,3,1,3,7,1
70.82,77.96,70.49,95.56,88.61,100.0,100.0,55.7,3,2,7,11,2
99.5,93.7,96.25,96.07,100.0,82.39,64.02,60.2,2,0,1,5,0
21.23,19.33,24.94,50.82,56.29,53.74,42.14,37.0,6,3,2,5,2
79.55,95.16,81.27,91.99,100.0,90.97,87.21,116.8,4,0,2,4,1
99.5,97.13,99.93,93.26,96.71,96.03,95.02,94.3,2,0,1,7,0
83.86,90.64,84.24,70.38,97.04,77.32,70.56,66.6,4,2,3,3,2
93.9,100.0,99.96,97.31,95.93,100.0,90.29,98.6,2,0,1,2,0
48.29,45.65,45.68,57.59,60.33,45.23,37.04,17.0,4,2,5,2,2
87.95,97.31,88.36,98.33,98.66,100.0,100.0,102.6,0,2,4,4,0
46.72,29.64,37.35,68.81,67.47,71.66,49.33,51.4,3,0,8,8,2
77.45,76.22,83.82,76.03,79.7,81.13,48.58,62.4,3,3,3,8,2
99.5,100.0,99.38,92.83,100.0,100.0,84.93,82.4,1,0,1,6,0
94.64,100.0,100.0,100.0,98.92,92.69,97.63,101.7,1,0,4,2,0
99.5,100.0,100.0,100.0,100.0,100.0,100.0,94.6,2,0,0,9,0
56.0,42.51,53.17,46.67,61.88,33.28,25.57,5.0,5,3,5,9,2
72.77,60.89,66.63,96.09,81.47,81.3,89.6,69.9,3,1,1,7,1
69.04,60.59,65.25,83.05,81.59,91.1,78.61,82.2,4,3,8,6,2
71.5,82.51,71.31,85.22,87.94,67.73,67.19,59.5,3,2,5,11,2
35.76,21.87,26.32,34.64,46.4,8.0,16.92,5.0,4,4,5,2,2
79.53,73.64,76.2,100.0,94.15,88.66,100.0,73.4,0,1,3,7,1
65.7,57.26,61.0,79.74,79.93,94.15,82.86,60.8,4,0,1,7,1
87.54,92.68,88.77,69.68,97.03,95.38,67.48,68.1,3,0,0,10,0
99.31,100.0,100.0,100.0,100.0,91.88,93.08,83.4,2,0,2,10,0
33.01,38.07,42.2,37.04,46.42,44.24,48.02,5.0,4,4,7,12,2
76.44,78.56,73.14,100.0,100.0,78.96,65.59,92.4,2,2,6,6,2
84.99,89.42,88.04,73.67,81.78,85.95,76.84,54.3,3,0,3,6,1
80.76,79.42,77.74,63.32,78.7,62.85,62.95,71.3,3,3,2,10,2
76.17,90.09,74.68,100.0,96.53,100.0,100.0,83.0,2,1,4,3,1
98.17,100.0,100.0,98.02,88.65,93.89,98.85,113.6,2,0,3,6,0
94.96,100.0,96.43,100.0,93.96,98.22,100.0,100.2,1,0,4,11,0
93.92,100.0,94.55,70.48,83.21,74.82,78.15,38.2,3,1,3,12,1
31.32,29.19,33.92,58.95,56.76,47.91,20.58,24.7,5,5,8,8,2
99.5,90.23,100.0,89.56,90.21,91.47,86.03,76.3,0,0,0,12,0
99.5,100.0,100.0,100.0,100.0,100.0,100.0,125.4,0,1,6,12,2
99.5,100.0,100.0,93.69,98.78,73.02,76.92,73.9,2,0,0,3,0
40.31,34.86,38.03,61.65,71.19,59.82,50.68,48.6,1,4,11,2,2
84.39,86.45,89.1,92.07,86.21,93.13,77.14,66.0,2,0,3,9,1
48.14,35.99,40.15,51.46,66.92,41.88,45.93,5.0,5,5,4,6,2
17.84,21.53,15.92,59.3,55.6,47.76,45.48,22.1,4,5,4,6,2
89.2,100.0,94.41,88.81,95.49,82.26,93.96,65.8,5,1,3,13,1
72.29,71.54,77.19,71.24,78.09,72.9,67.9,62.0,2,0,5,12,2
62.89,59.46,59.48,56.8,82.73,61.36,61.94,56.8,5,2,4,6,2
68.57,82.73,77.58,100.0,91.14,96.55,68.7,102.2,4,2,3,7,2
85.11,100.0,92.19,100.0,100.0,100.0,100.0,91.5,2,0,1,4,0
60.12,46.07,53.6,68.71,83.51,74.12,65.37,38.6,3,3,2,9,2
73.06,77.84,77.71,76.61,81.14,78.27,74.75,47.7,2,1,2,3,1
81.86,90.82,82.04,95.72,94.45,96.95,100.0,89.3,3,0,5,8,2
38.14,23.73,36.73,16.76,47.77,8.0,5.0,5.0,6,4,3,13,2
88.04,82.65,85.04,69.16,87.5,85.08,68.8,59.7,3,1,2,3,1
78.51,66.0,76.64,59.48,67.63,57.13,42.2,13.3,2,0,6,10,2
51.54,24.65,42.15,63.37,60.33,55.88,52.23,20.3,0,3,7,6,2
88.59,85.85,87.9,89.25,86.67,80.29,71.22,56.1,3,0,1,6,1
99.3,96.74,84.77,100.0,100.0,100.0,100.0,115.7,0,0,0,10,0
94.25,97.03,93.03,100.0,100.0,96.13,89.23,102.3,0,0,1,8,0
60.89,59.14,56.24,47.92,63.64,55.47,52.79,16.8,5,2,4,10,2
92.25,85.73,91.98,92.33,89.29,70.46,81.03,93.3,1,0,1,4,0
76.38,86.52,79.31,75.77,75.07,81.32,73.16,28.2,2,2,4,12,2
71.04,86.99,70.41,64.08,88.48,80.16,81.13,55.9,4,1,5,12,2
89.97,91.39,92.77,72.2,88.24,73.38,80.45,53.5,4,2,2,6,1
59.92,62.0,60.05,69.3,70.58,67.01,59.53,45.1,3,3,3,4,2
99.5,91.88,96.37,100.0,94.47,89.86,90.29,83.9,1,0,0,5,0
48.34,47.06,49.69,55.74,63.72,69.11,61.09,38.5,8,1,7,8,2
77.56,73.27,76.94,100.0,100.0,100.0,94.76,99.5,1,0,4,9,1
38.54,20.21,39.63,60.49,60.53,56.17,55.52,7.1,6,5,4,9,2
99.5,98.43,100.0,100.0,100.0,100.0,96.4,118.4,1,0,1,11,0
33.14,30.5,32.42,76.66,62.72,88.49,66.98,30.0,2,6,9,2,2
96.24,95.43,97.25,76.34,83.47,82.35,65.53,42.4,4,0,3,8,1
81.52,80.01,80.08,68.51,78.56,65.95,70.48,47.6,3,1,0,13,1
99.5,91.38,94.47,86.08,94.07,77.72,66.26,69.9,2,0,0,3,0
99.5,100.0,100.0,100.0,100.0,79.47,100.0,83.6,3,0,0,12,0
62.11,52.77,65.02,50.53,73.98,61.4,57.1,50.1,6,1,4,9,2
75.93,75.28,75.02,72.44,76.98,63.66,60.62,41.1,6,0,3,3,2
99.5,100.0,100.0,100.0,100.0,100.0,100.0,130.2,0,0,4,8,0
93.32,86.48,87.09,100.0,95.97,100.0,100.0,78.8,0,1,2,3,0
71.94,66.42,72.43,72.1,82.3,69.12,72.18,62.3,3,0,4,7,2
73.04,77.33,70.97,87.43,84.45,75.48,71.25,62.0,0,1,6,5,2
65.5,73.98,69.54,71.18,81.6,90.28,88.99,61.5,3,6,2,9,2
78.07,74.11,78.35,97.32,95.64,100.0,71.21,76.6,3,1,2,11,1
50.44,37.24,50.71,43.91,56.6,38.09,31.99,29.8,6,5,4,11,2
34.04,23.26,21.71,46.14,52.32,51.96,37.87,17.6,7,4,6,11,2
82.41,92.08,92.51,65.83,82.27,63.27,62.65,78.4,4,0,3,10,1
73.25,75.19,78.85,78.92,74.64,58.35,66.62,44.9,6,2,3,7,2
99.5,94.26,99.63,82.74,100.0,91.92,96.52,91.1,2,0,4,8,0
71.86,74.67,71.7,75.85,76.63,67.67,81.5,74.8,2,1,1,9,1
91.56,100.0,99.05,87.22,96.09,92.54,95.17,87.3,3,0,2,4,0
60.77,56.75,66.8,52.62,72.27,42.89,49.26,42.6,4,4,2,13,2
63.23,56.39,59.58,76.21,78.45,64.94,70.68,67.7,4,4,5,9,2
87.22,92.89,95.21,82.02,98.16,64.06,63.71,65.3,4,0,6,4,2
64.25,65.23,68.59,65.17,83.81,64.79,63.88,55.9,6,2,3,5,2
87.48,89.12,93.12,86.46,90.07,88.14,86.04,94.5,1,1,2,13,0
79.41,83.12,83.98,66.59,68.37,54.56,61.85,43.6,8,1,3,12,2
92.84,96.02,94.15,87.86,100.0,84.34,77.22,72.4,1,1,2,4,0
69.39,64.85,62.96,62.41,68.37,49.53,55.02,25.3,7,4,2,6,2
59.56,61.35,58.33,68.84,62.54,54.32,52.56,36.2,3,4,8,6,2
95.48,91.88,96.88,71.9,81.04,63.56,73.76,60.2,3,1,3,11,1
48.56,36.7,43.29,58.02,65.13,63.23,50.09,19.6,5,1,3,12,2
99.5,100.0,92.09,88.19,92.35,79.0,81.66,96.4,3,1,0,10,0
49.02,56.65,49.58,52.31,62.72,58.96,63.41,32.4,3,3,10,6,2
64.95,44.41,52.73,66.09,73.14,58.31,62.83,42.8,4,0,3,12,2
70.02,76.23,73.44,78.32,95.72,79.01,76.23,80.4,1,2,4,11,1
96.08,97.9,100.0,80.78,92.06,81.87,71.54,48.2,3,0,1,6,0
95.73,99.8,98.19,100.0,100.0,100.0,100.0,112.2,2,0,6,7,2
56.03,47.87,47.02,60.01,68.22,50.44,55.52,25.3,4,0,2,9,2
61.23,69.81,62.99,100.0,81.16,92.79,75.55,66.6,4,0,5,8,2
85.03,91.71,83.42,79.92,72.91,88.56,84.3,82.0,2,1,5,8,2
48.98,37.38,44.06,56.24,76.15,55.65,39.26,48.2,2,3,3,6,2
28.63,26.36,30.87,74.58,56.93,59.85,43.85,22.5,9,1,7,10,2
95.33,100.0,97.55,89.08,99.18,100.0,86.86,54.3,2,0,2,2,0
55.56,54.61,55.39,45.08,51.58,38.93,34.81,5.0,5,2,3,13,2
73.66,65.29,76.85,90.59,89.6,92.85,80.01,101.0,0,2,1,5,1
99.5,100.0,96.18,100.0,100.0,92.67,100.0,59.7,2,0,2,4,0
32.36,20.66,32.46,68.86,66.89,66.56,55.93,41.1,5,1,8,9,2
93.97,97.51,94.19,76.81,87.78,88.39,69.42,54.1,2,0,3,5,1
99.5,100.0,100.0,100.0,100.0,96.72,95.98,69.2,1,0,3,8,0
99.5,100.0,100.0,90.52,100.0,81.55,76.39,58.9,4,0,2,4,0
80.85,75.17,71.56,77.71,74.95,70.99,80.28,46.1,3,0,6,11,2
76.95,68.65,72.36,62.8,83.75,78.18,58.45,63.7,7,3,4,7,2
99.5,100.0,94.67,83.07,100.0,97.05,91.57,80.2,0,0,3,12,0
99.5,100.0,100.0,98.49,100.0,100.0,100.0,93.2,2,0,0,7,0
89.97,94.9,89.05,68.9,84.72,70.9,63.23,28.5,3,0,2,11,1
99.5,97.11,100.0,92.25,91.0,80.99,66.56,80.0,2,0,4,10,1
69.27,56.2,68.16,56.43,82.28,73.01,72.77,39.4,3,2,4,7,2
15.33,9.04,10.0,24.47,43.04,30.0,20.33,5.0,8,6,14,13,2
58.61,68.26,56.23,59.42,84.14,74.1,66.1,63.9,7,2,7,10,2
81.34,69.31,80.76,52.2,78.23,43.29,27.99,5.0,3,2,1,4,2
79.43,86.12,80.64,100.0,83.6,78.75,83.43,70.8,3,0,5,11,2
51.82,49.55,51.03,78.05,79.64,67.04,63.07,65.1,3,3,6,12,2
99.5,100.0,100.0,100.0,100.0,100.0,79.69,96.6,2,0,1,13,0
88.26,91.33,77.76,100.0,91.27,100.0,89.71,82.7,1,0,1,3,0
45.5,40.05,43.15,55.31,67.7,55.87,33.08,14.0,9,6,3,4,2
82.26,72.2,83.03,100.0,93.97,92.75,93.9,90.1,2,1,7,10,2
45.34,49.28,39.8,39.74,63.21,36.14,30.18,5.0,4,1,6,4,2
64.4,57.95,65.22,71.17,78.58,68.52,70.7,44.7,1,0,7,9,2
12.0,15.97,12.64,51.84,58.67,41.33,49.18,8.5,7,5,5,6,2
99.5,98.4,94.53,90.61,100.0,94.4,89.5,86.9,3,0,0,12,0
58.23,60.31,60.41,82.2,77.97,82.94,95.49,90.0,1,5,4,10,2
67.07,63.17,65.52,68.62,85.98,77.44,66.97,72.6,1,1,10,2,2
90.5,93.59,97.13,100.0,100.0,100.0,100.0,118.8,0,0,3,4,0
71.23,72.56,69.5,88.55,94.53,89.84,78.11,56.1,3,2,5,9,2
90.07,88.35,94.58,72.92,82.16,82.7,77.11,25.0,4,2,2,11,1
64.35,60.97,62.91,86.79,79.88,74.56,55.64,43.8,1,2,5,4,2
72.2,56.33,67.9,60.01,66.2,62.53,52.24,15.2,6,1,9,5,2
99.5,100.0,98.28,86.73,100.0,96.45,99.62,80.1,1,0,3,9,0
87.42,77.56,79.83,83.4,100.0,95.6,95.79,98.7,3,0,2,12,1
47.49,41.13,48.85,59.15,70.5,55.37,53.9,5.0,6,3,3,6,2
91.75,83.22,88.32,91.45,98.01,85.38,100.0,79.6,4,0,1,9,0
67.79,79.21,70.82,83.52,93.53,92.44,80.92,81.9,1,3,1,2,1
83.86,100.0,93.97,100.0,100.0,100.0,100.0,99.6,1,0,3,7,0
85.36,93.29,94.37,86.39,92.23,100.0,75.69,95.3,1,2,1,7,0
85.16,80.19,81.14,69.42,86.04,66.07,62.91,40.1,4,1,1,2,1
95.34,88.23,99.21,69.88,93.85,68.99,55.66,50.9,1,0,4,7,1
41.96,41.84,38.79,72.68,83.06,82.11,76.76,60.5,0,3,8,2,2
96.68,100.0,98.79,93.72,99.93,95.23,88.68,108.5,1,0,1,2,0
60.17,62.53,64.52,73.93,76.79,55.94,58.8,45.0,7,1,3,2,2
78.04,82.31,65.89,80.17,87.32,88.68,73.72,67.9,1,0,4,13,1
53.16,31.93,41.18,49.8,73.93,52.66,48.43,15.5,6,2,4,13,2
99.5,100.0,97.97,97.43,100.0,100.0,93.71,90.9,3,0,1,10,0
69.85,71.25,71.44,74.04,68.73,64.48,59.73,53.7,3,1,7,2,2
99.5,97.88,98.88,100.0,93.2,96.21,83.1,76.5,2,0,1,9,0
99.5,99.09,89.46,100.0,100.0,95.41,98.14,81.4,3,0,2,9,0
99.5,100.0,98.11,75.9,94.76,83.0,58.42,52.1,3,0,3,6,1
42.15,35.08,33.18,61.07,49.49,32.11,28.42,33.3,6,2,6,13,2
57.44,47.87,51.3,78.04,82.66,62.25,67.99,44.3,5,3,4,8,2
82.57,85.78,82.38,85.59,100.0,85.4,69.27,94.2,2,2,3,8,1
81.99,86.68,84.59,84.27,95.31,85.94,86.66,79.8,1,1,3,3,1
77.63,84.76,78.5,90.54,72.0,87.47,84.31,69.8,1,1,4,2,1
68.73,67.48,68.34,68.35,77.27,61.24,69.32,45.6,4,2,6,7,2
99.5,84.46,91.57,76.65,88.98,78.23,69.61,71.3,3,0,0,6,0
65.47,65.53,66.78,73.83,74.56,73.35,70.43,55.8,3,3,3,4,2
74.73,58.55,63.32,63.99,69.43,54.94,55.8,59.9,1,2,4,8,2
80.95,76.92,79.1,78.15,81.24,82.04,89.76,58.0,0,2,2,11,1
94.3,91.47,88.6,100.0,100.0,100.0,98.1,101.3,1,0,1,13,0
88.45,91.94,88.12,75.01,82.16,67.14,82.0,77.6,5,2,2,11,2
78.0,77.12,78.44,95.36,97.42,100.0,100.0,85.6,2,1,4,4,1
60.63,70.77,60.84,84.74,88.08,84.3,87.26,59.4,3,3,3,4,2
80.87,77.6,79.05,100.0,83.86,99.24,95.03,94.0,1,1,2,8,1
53.11,34.34,44.49,74.62,63.79,59.66,62.69,32.8,4,5,3,8,2
53.91,49.59,60.42,67.88,72.15,66.22,76.58,49.2,5,4,5,3,2
66.36,57.9,64.48,81.19,81.05,80.08,74.63,52.2,2,3,7,2,2
99.5,100.0,100.0,88.57,92.62,86.72,79.63,77.1,4,1,1,2,1
98.06,98.17,94.52,80.95,99.0,100.0,77.65,97.5,1,0,2,3,0
81.23,95.01,76.35,98.56,91.16,96.87,93.03,83.9,5,2,5,4,2
75.32,69.11,70.44,62.85,83.56,58.44,52.98,49.9,2,2,1,3,2
56.16,52.32,48.1,58.37,59.41,56.67,53.1,5.0,3,0,6,9,2
97.97,97.15,98.44,95.28,95.21,92.58,87.3,79.9,1,1,0,10,0
49.71,61.26,55.09,56.36,62.27,44.29,26.72,25.6,5,5,4,6,2
83.04,79.49,82.41,99.56,93.67,100.0,87.92,83.2,2,0,1,7,0
99.5,82.87,92.78,92.42,100.0,97.81,94.87,115.5,1,0,2,12,0
94.7,98.3,92.4,83.4,94.9,97.9,76.8,66.6,6,1,2,11,1
93.36,86.27,87.63,68.3,89.12,54.21,77.16,51.6,5,0,3,9,1
90.02,96.75,94.12,92.97,90.77,92.67,88.78,89.5,1,0,0,10,0
96.9,93.41,100.0,76.0,87.57,60.86,63.66,16.8,5,0,2,4,1
77.26,71.81,76.05,73.94,83.79,66.69,75.03,40.8,6,0,2,8,2
71.22,64.02,69.84,62.16,72.18,54.74,44.56,20.3,4,4,2,10,2
90.29,92.3,98.54,71.63,88.16,72.94,85.41,20.1,3,3,1,7,1
99.5,100.0,99.52,97.79,99.23,95.01,100.0,77.9,4,1,0,3,0
78.32,82.01,75.87,95.4,94.38,94.89,87.96,89.7,2,2,2,7,1
92.4,91.77,93.57,88.27,87.09,89.12,77.75,72.6,2,0,3,13,1
89.68,100.0,100.0,87.75,94.76,100.0,85.19,82.8,3,1,2,11,1
80.54,88.84,87.2,84.34,82.63,78.04,74.65,39.8,7,1,4,12,2
91.76,84.82,89.9,100.0,94.75,95.33,89.59,65.7,1,0,4,12,0
74.89,75.98,67.58,76.93,88.02,88.18,85.08,64.6,5,2,4,6,2
90.33,87.39,83.02,83.63,85.32,73.13,97.9,84.6,4,1,2,11,1
99.5,91.69,97.86,78.07,97.83,70.87,88.28,67.4,4,0,1,7,1
82.63,58.39,72.01,70.53,79.55,71.61,80.31,51.7,3,1,5,7,2
93.48,89.88,91.73,59.34,93.72,62.22,63.94,58.4,4,0,0,3,1
88.4,92.82,93.97,100.0,98.3,100.0,94.63,86.5,1,1,3,2,0
71.01,84.27,71.01,84.83,80.99,92.83,80.52,83.2,1,1,6,11,2
12.0,8.0,10.0,28.54,53.24,20.5,12.02,5.0,4,6,6,2,2
28.76,26.5,32.71,49.87,63.24,44.05,39.33,18.7,2,1,10,8,2
96.25,100.0,92.66,100.0,97.0,100.0,89.41,90.3,0,0,2,7,0
88.43,90.95,94.03,56.68,78.83,45.71,69.65,55.5,6,0,1,6,1
68.48,76.3,72.86,87.3,94.77,89.6,82.89,85.4,2,4,6,2,2
70.03,77.31,72.29,78.14,57.79,54.45,54.39,5.0,4,3,6,4,2
95.39,88.93,93.52,79.03,94.77,86.56,82.95,96.6,2,0,2,7,0
86.09,87.66,88.16,100.0,97.92,93.71,92.16,96.6,0,0,1,13,0
74.4,73.59,76.72,81.32,91.63,89.14,85.0,97.5,1,1,1,10,1
97.92,98.16,89.86,86.78,88.07,94.21,92.45,94.9,3,0,3,13,0
90.2,93.57,96.54,84.27,95.6,100.0,92.84,68.0,3,0,2,6,0
46.09,51.32,49.06,46.62,52.3,51.65,42.49,6.2,4,2,5,3,2
42.12,38.85,45.48,14.32,55.47,30.13,22.0,5.0,4,4,6,9,2
80.93,93.13,87.35,94.36,87.57,83.28,78.89,73.9,3,1,4,10,1
77.84,78.13,86.68,73.51,85.43,80.47,85.05,34.9,1,0,4,3,1
92.74,98.17,91.95,100.0,100.0,90.78,100.0,95.6,3,1,2,8,0
77.82,87.5,87.96,100.0,97.29,82.65,98.88,86.7,2,0,2,10,0
53.82,52.06,49.71,53.31,63.62,53.95,48.86,16.5,6,2,9,9,2
99.5,100.0,100.0,100.0,100.0,100.0,100.0,129.4,0,0,2,5,0
27.38,37.59,35.51,42.28,58.42,53.06,49.93,26.4,3,4,4,5,2
39.68,36.42,38.51,52.71,64.42,40.92,42.57,5.0,11,2,10,2,2
70.33,63.44,59.92,74.64,82.51,75.08,78.06,59.5,8,1,1,2,2
54.93,53.13,54.78,80.44,89.41,91.78,80.47,69.7,0,1,6,5,2
56.96,61.37,56.75,78.25,77.9,65.87,64.06,42.1,7,5,3,3,2
99.5,100.0,100.0,100.0,100.0,100.0,100.0,117.8,2,0,2,3,0
78.1,88.17,78.37,85.17,93.45,85.08,83.76,70.4,5,2,6,8,2
52.97,57.6,52.55,83.58,82.55,69.45,82.36,54.5,2,2,5,7,2
86.59,81.03,81.79,91.69,81.93,78.84,68.11,51.4,2,0,0,3,0
54.06,59.2,54.76,44.48,68.83,38.75,21.52,20.5,6,2,9,11,2
97.55,100.0,98.82,92.86,100.0,93.36,90.94,63.6,1,0,0,7,0
76.94,77.81,79.55,90.58,94.18,89.07,86.92,83.9,2,1,3,10,1
85.04,91.89,89.62,89.88,90.01,84.71,96.59,83.5,4,0,4,3,1
60.56,54.64,53.2,43.68,59.51,35.25,37.23,45.5,5,1,8,2,2
97.85,96.57,93.9,83.29,88.06,86.76,68.21,52.3,2,0,1,4,0
75.72,67.2,70.14,66.79,84.73,79.69,70.55,46.1,6,1,0,11,2
99.5,100.0,98.29,86.83,100.0,84.05,87.63,87.4,1,0,0,3,0
73.08,56.35,63.26,43.16,57.67,54.5,42.51,12.9,6,2,4,10,2
66.0,61.86,61.42,83.09,78.05,71.32,85.14,43.9,2,2,3,9,2
89.95,97.33,97.95,56.42,76.28,56.12,50.67,7.9,3,1,1,7,1
43.22,41.9,43.95,60.77,69.29,45.25,45.04,53.0,3,1,6,10,2
81.44,88.29,79.62,87.85,89.88,90.72,84.59,70.5,0,0,3,12,0
68.14,63.06,67.81,63.74,75.4,64.16,66.55,38.7,4,1,2,7,2
77.05,66.99,71.58,80.93,89.35,90.89,74.96,51.1,4,0,2,5,1
93.3,96.82,100.0,79.94,88.36,71.06,75.24,66.7,2,0,1,10,0
66.89,68.36,64.93,56.64,77.49,58.0,68.74,47.7,3,2,1,13,2
73.72,78.1,73.41,70.65,78.91,59.48,80.14,52.3,4,2,4,7,2
99.5,100.0,98.51,100.0,100.0,94.96,93.69,83.0,3,0,2,3,0
43.37,28.71,33.38,35.4,47.13,33.68,26.82,5.0,7,1,4,3,2
41.85,40.86,43.32,70.07,64.09,45.35,47.75,27.1,6,3,6,11,2
99.5,97.2,98.81,100.0,99.51,100.0,100.0,95.5,1,1,4,6,0
65.85,66.9,67.61,62.92,70.33,54.36,50.02,40.3,3,3,3,9,2
79.88,80.14,80.09,88.22,86.84,72.52,80.69,60.6,3,3,4,4,2
76.67,86.06,80.97,98.15,94.22,100.0,100.0,103.4,0,1,4,9,0
35.97,47.64,46.9,60.11,58.05,56.16,47.08,12.9,8,2,6,12,2
87.58,88.84,90.25,75.09,91.76,84.2,93.61,80.6,0,0,3,5,0
71.7,68.23,63.2,53.14,69.42,53.66,47.31,17.3,9,2,5,10,2
90.03,91.38,91.79,85.14,78.56,76.18,77.28,112.4,2,0,3,2,1
99.5,86.67,99.29,75.8,99.17,74.69,63.29,76.8,1,0,1,9,0
80.61,89.32,74.66,99.28,92.82,93.92,68.98,64.5,1,0,4,6,1
54.86,34.78,42.58,73.64,75.79,62.91,78.33,41.0,0,5,7,12,2
35.29,39.65,39.35,74.06,60.27,69.71,73.08,46.8,4,3,3,10,2
63.13,51.89,62.74,55.12,67.52,34.36,37.62,23.1,4,2,9,3,2
79.78,79.28,80.28,93.58,94.46,97.37,96.35,72.0,4,1,4,6,1
75.23,74.67,76.77,76.31,75.44,81.12,75.65,24.4,3,1,2,4,1
99.5,97.64,100.0,100.0,100.0,100.0,100.0,122.4,0,0,3,5,0
88.8,91.3,87.69,96.85,100.0,82.2,65.66,72.9,2,1,2,10,1
45.28,38.96,39.11,84.01,81.99,86.6,68.88,76.9,5,0,12,3,2
53.3,37.48,46.28,43.36,66.91,40.03,40.48,5.0,6,3,6,10,2
75.2,75.17,75.89,80.16,88.87,64.64,70.35,75.3,1,1,2,6,1
75.89,90.69,82.77,99.26,93.22,98.62,91.55,86.1,2,0,0,3,0
88.5,93.27,93.4,79.2,77.33,67.3,58.05,50.2,2,0,0,2,0
42.07,34.53,45.87,65.94,62.74,63.51,61.45,17.9,5,3,4,8,2
90.77,91.24,91.69,91.59,86.12,81.5,78.97,64.3,2,1,3,13,1
92.06,87.0,85.13,67.54,97.16,74.04,59.83,61.5,5,2,2,6,2
84.62,82.72,80.81,98.16,94.16,100.0,98.71,93.9,3,3,3,4,1
83.35,79.3,82.36,97.52,92.59,95.39,87.76,102.6,0,0,2,3,0
93.93,100.0,100.0,91.79,100.0,100.0,100.0,95.0,2,0,2,9,0
76.9,69.19,76.58,60.35,82.28,61.87,56.05,67.9,3,1,2,7,2
93.26,97.23,91.21,93.28,94.83,91.29,92.4,69.7,2,1,3,13,0
61.39,51.87,55.17,74.23,73.37,58.82,54.89,28.2,7,4,7,11,2
52.05,56.32,52.5,71.27,88.53,65.29,51.32,38.4,5,3,2,2,2
63.32,69.13,65.83,61.57,78.31,78.24,89.56,50.1,3,0,6,7,2
84.16,100.0,89.09,96.1,100.0,94.57,88.12,79.1,1,3,4,2,1
69.18,82.71,70.82,83.46,85.61,88.48,74.11,77.1,3,0,8,9,2
99.5,96.28,95.27,98.41,98.54,90.23,88.4,80.7,3,0,2,10,0
89.31,86.86,88.08,80.44,100.0,92.29,80.3,69.2,0,0,0,12,0
99.5,100.0,100.0,100.0,99.24,93.76,96.62,88.1,3,0,3,2,0
92.71,81.67,84.62,59.44,70.7,45.03,41.15,15.9,3,3,1,10,2
99.5,100.0,100.0,98.54,100.0,100.0,100.0,82.6,3,0,0,7,0
99.5,100.0,100.0,100.0,100.0,100.0,100.0,114.2,0,0,4,8,0
89.24,100.0,94.16,100.0,93.1,100.0,100.0,94.5,2,0,5,3,2
81.01,89.2,85.22,80.88,86.55,76.08,83.25,72.3,2,2,3,8,1
44.1,32.57,34.23,53.07,49.61,25.98,36.27,5.0,9,3,8,2,2
65.3,49.02,62.06,73.28,79.73,61.07,61.76,45.6,4,2,2,6,2
75.11,81.84,75.35,79.32,82.85,58.06,80.55,39.7,4,0,6,4,2
87.65,85.59,91.15,91.87,93.7,78.22,84.36,70.4,1,2,2,11,1
89.67,90.71,97.27,93.94,94.78,77.02,62.13,68.3,1,2,8,7,2
91.12,89.46,87.78,77.64,89.16,63.23,67.32,66.2,2,1,2,13,1
46.37,46.89,43.98,67.91,78.32,62.49,59.02,35.2,9,1,7,8,2
78.3,76.26,79.66,90.43,85.72,78.71,71.23,53.9,1,0,5,3,2
99.5,94.97,92.7,86.78,100.0,93.79,92.35,75.8,2,0,1,7,0
66.89,69.52,68.29,87.63,87.39,67.16,65.48,41.9,3,5,1,6,2
52.76,56.34,52.97,73.26,75.59,64.6,56.44,50.1,7,3,2,2,2
60.68,57.71,59.23,65.95,82.47,64.45,53.62,41.3,5,3,3,8,2
98.31,100.0,90.87,87.03,99.22,82.37,90.75,54.2,5,1,5,4,2
58.27,51.88,57.87,87.99,84.61,83.19,67.81,61.8,1,3,4,11,2
52.86,54.01,63.13,61.3,61.32,64.9,60.64,51.6,3,5,5,7,2
99.5,100.0,98.03,98.31,100.0,90.88,100.0,83.7,2,0,1,7,0
77.86,80.44,73.09,87.2,87.38,92.0,76.25,82.7,3,2,4,8,2
78.63,76.85,81.15,97.54,96.87,100.0,95.93,108.4,0,1,5,6,2
91.27,89.7,87.2,72.41,86.47,55.87,47.3,57.5,2,1,1,11,1
52.56,48.52,51.15,59.87,54.0,63.29,39.45,31.0,4,5,9,4,2
84.76,86.29,82.51,82.69,86.55,87.53,70.19,64.7,3,1,4,4,1
82.08,74.05,73.31,80.38,84.81,69.42,87.1,44.3,3,2,5,8,2
99.5,100.0,100.0,100.0,100.0,100.0,100.0,124.0,0,0,0,12,0
54.62,48.59,49.57,37.91,66.89,39.58,32.3,23.3,2,0,8,5,2
99.5,100.0,93.29,91.28,94.35,93.3,90.77,103.1,3,0,0,8,0
62.85,56.82,61.73,58.73,75.43,63.87,42.65,31.5,2,1,1,11,2
99.5,100.0,100.0,77.68,100.0,83.82,85.02,65.4,3,0,1,7,0
99.5,100.0,100.0,84.46,98.21,92.6,92.14,98.7,5,0,1,3,0
52.63,59.57,55.11,56.59,72.27,61.75,52.99,51.0,6,1,1,3,2
74.93,77.96,88.22,72.73,89.51,70.55,73.25,35.2,4,1,3,9,2
67.52,60.42,57.8,72.49,87.95,90.98,68.29,81.6,2,0,5,7,2
77.43,87.17,83.43,89.61,89.79,87.09,94.9,85.7,2,4,1,4,1
67.99,61.23,72.75,69.05,65.6,55.53,57.31,26.8,4,2,3,3,2
85.24,83.83,80.63,83.58,80.08,83.42,93.06,68.8,1,1,5,7,2
66.84,79.93,73.02,100.0,86.22,93.07,100.0,98.4,2,4,7,4,2
99.5,90.38,93.51,58.74,86.8,69.54,67.1,74.1,3,0,0,4,1
63.01,50.49,56.9,79.76,81.34,78.73,68.24,68.2,5,1,3,11,2
33.9,24.49,31.97,50.44,60.17,39.12,48.97,16.5,11,3,9,11,2
72.24,76.58,66.83,78.58,82.25,75.24,77.82,75.8,1,0,4,4,1
99.47,100.0,95.65,81.62,91.93,93.47,83.89,81.9,5,0,2,13,1
54.1,51.92,53.42,61.12,75.88,44.19,53.77,70.4,1,0,2,4,2
99.5,89.95,88.85,100.0,100.0,96.95,100.0,115.6,5,0,1,11,0
55.54,48.28,51.31,67.89,75.26,79.3,72.29,64.3,1,1,6,6,2
73.93,67.09,65.24,80.16,87.53,83.03,91.99,57.9,2,1,3,3,1
94.45,85.84,85.32,87.85,97.42,100.0,100.0,96.6,0,0,3,3,0
56.68,55.2,59.8,79.47,72.95,80.53,67.99,50.5,3,2,3,5,2
52.77,57.55,54.98,74.72,84.11,84.16,72.8,57.7,0,1,3,7,1
97.74,100.0,97.73,98.14,100.0,100.0,96.67,76.3,1,0,1,7,0
63.9,66.88,63.27,76.51,76.51,69.23,71.93,53.2,1,1,4,12,2
89.5,89.5,90.76,88.41,100.0,90.72,86.4,80.7,4,0,0,3,0
95.31,100.0,95.18,90.49,96.74,100.0,86.3,113.4,0,0,0,6,0
36.98,31.53,31.9,64.83,65.76,64.28,40.78,29.6,3,1,10,3,2
99.5,100.0,100.0,87.08,86.31,78.08,91.0,70.7,2,1,0,13,0
51.88,43.52,46.24,74.33,67.13,65.61,50.56,49.3,8,2,7,13,2
99.5,99.9,100.0,86.67,100.0,83.9,71.86,75.6,0,0,5,4,2
74.16,68.1,69.64,65.51,77.93,68.36,76.16,40.1,5,1,3,9,2
90.03,85.04,91.13,98.36,99.14,100.0,98.46,105.3,2,1,1,5,0
89.1,91.2,90.92,64.58,74.62,61.86,54.49,5.0,1,0,5,7,2
71.2,74.67,74.77,84.21,79.36,94.01,70.07,90.3,2,2,8,6,2
31.67,35.25,34.19,62.75,74.73,70.05,70.3,12.6,6,1,2,4,2
40.83,31.24,40.04,61.51,68.56,44.25,40.05,47.9,5,4,7,4,2
54.44,57.1,61.27,67.98,70.48,49.45,47.04,51.3,1,5,2,5,2
56.15,36.13,45.02,43.47,56.49,32.74,36.94,12.8,6,1,6,8,2
65.31,67.96,72.27,64.02,79.86,67.87,54.24,66.6,3,4,3,9,2
27.02,22.87,24.25,30.61,58.66,42.67,20.22,5.0,5,4,3,11,2
91.64,84.3,81.61,73.95,77.74,73.65,75.46,63.4,2,1,3,13,1
28.69,26.06,30.42,29.73,50.6,25.67,24.4,5.0,4,4,6,2,2
80.9,96.07,89.99,86.47,93.82,90.47,72.48,75.6,2,1,0,10,0
67.15,65.52,68.54,82.94,88.86,94.85,86.59,90.0,4,4,2,6,2
57.66,72.97,62.12,100.0,85.87,95.03,75.49,88.9,2,2,10,4,2
99.5,90.95,92.5,89.28,90.84,90.08,89.94,90.7,3,0,0,2,0
70.21,72.99,69.15,81.1,90.25,82.65,76.54,77.4,1,0,6,12,2
54.38,34.67,47.55,75.7,83.46,65.28,73.05,54.5,5,2,4,11,2
93.91,100.0,95.12,100.0,97.35,96.62,100.0,88.2,0,0,0,5,0
99.5,95.86,93.94,100.0,100.0,100.0,99.88,101.9,2,0,2,5,0
78.1,65.99,72.46,87.69,92.0,86.71,75.08,51.5,3,2,7,5,2
92.23,93.61,89.43,80.04,80.4,75.39,67.83,43.4,5,0,5,12,2
82.21,89.73,82.38,75.28,80.73,78.7,63.85,41.9,6,0,0,9,1
45.92,38.12,45.87,59.21,61.23,55.05,42.41,43.8,6,4,3,8,2
61.31,57.11,54.96,52.42,70.76,45.91,44.79,38.5,6,1,5,11,2
75.44,90.13,82.33,81.26,81.55,75.88,82.29,78.4,3,1,4,4,1
69.96,62.69,65.03,69.15,73.52,74.16,58.06,57.3,1,0,4,8,1
85.26,80.19,84.42,81.64,93.43,81.09,74.85,82.4,3,0,1,8,1
63.78,72.74,63.48,81.31,87.34,65.51,83.13,69.6,5,2,3,12,2
83.55,87.01,83.98,85.47,86.89,76.87,74.05,52.0,3,0,4,12,1
99.5,100.0,96.25,100.0,92.82,100.0,100.0,62.4,1,0,1,3,0
31.95,13.01,25.91,36.67,47.91,36.69,38.91,5.0,4,3,6,2,2
36.1,8.35,18.24,37.05,39.73,14.53,5.0,5.0,5,2,4,11,2
80.18,76.21,78.28,100.0,100.0,97.23,92.4,118.3,2,1,9,3,2
52.3,58.16,49.22,79.84,71.48,67.01,77.94,69.0,2,2,9,6,2
95.91,100.0,94.82,90.21,92.31,80.36,93.54,49.8,2,0,3,8,0
67.17,77.38,69.67,77.75,81.22,85.54,71.76,71.0,4,2,8,7,2
90.73,95.08,95.21,75.44,93.1,65.41,83.57,66.5,5,0,2,10,1
93.35,100.0,89.08,100.0,88.36,98.94,98.44,93.0,3,1,1,13,0
67.2,61.58,57.53,75.17,77.75,66.38,57.82,47.9,2,2,5,8,2
89.14,78.37,89.49,97.24,90.93,93.59,100.0,65.2,1,1,4,4,1
88.03,76.57,82.25,75.9,86.39,77.05,72.98,73.6,4,1,3,8,1
99.5,95.02,90.77,97.53,94.46,100.0,100.0,73.5,2,1,1,3,0
42.38,16.03,30.63,23.47,50.53,41.51,17.69,5.0,3,6,8,6,2
80.0,67.11,73.14,79.79,73.06,66.33,44.33,28.9,8,2,3,8,2
54.83,40.53,47.03,44.9,62.71,43.29,30.98,5.0,4,3,2,13,2
86.89,97.06,91.6,87.9,95.67,100.0,99.01,85.8,2,0,3,5,0
79.34,86.98,75.39,100.0,100.0,94.25,100.0,84.0,1,0,4,4,0
30.8,37.02,33.26,52.0,61.12,57.89,43.95,15.9,4,3,3,6,2
99.5,96.13,96.27,100.0,100.0,100.0,91.6,105.4,1,0,2,8,0
93.36,96.17,94.09,80.76,85.23,73.09,80.55,31.5,1,0,1,6,0
84.38,96.78,92.57,92.86,91.17,82.77,97.87,76.6,1,1,4,11,1
99.5,100.0,100.0,92.3,100.0,100.0,100.0,102.7,1,0,3,2,0
88.25,87.68,94.27,89.15,91.37,85.7,80.82,74.0,0,0,7,9,2
74.02,84.16,70.14,67.54,82.76,80.88,74.32,51.3,3,2,0,11,1
99.5,100.0,100.0,100.0,100.0,100.0,100.0,77.2,2,1,3,12,0
72.72,75.8,76.87,52.85,76.97,28.12,41.58,9.8,4,1,4,9,2
95.26,86.81,89.58,74.13,87.84,95.94,90.0,80.2,1,3,3,9,1
99.5,100.0,99.45,100.0,100.0,100.0,100.0,79.7,1,0,3,12,0
82.77,93.41,92.0,73.98,80.42,95.4,91.1,31.3,4,1,3,10,1
90.95,87.97,88.86,93.09,98.71,91.27,90.99,71.1,7,1,2,8,1
96.9,98.07,100.0,81.43,100.0,96.16,79.77,67.5,1,0,1,11,0
80.13,78.82,79.28,100.0,93.8,100.0,100.0,73.2,0,0,3,5,0
99.5,96.47,100.0,76.8,91.27,78.05,73.74,49.3,5,0,1,10,1
79.85,76.31,82.06,100.0,94.67,100.0,100.0,124.8,1,0,3,10,0
73.0,62.14,64.37,87.08,85.85,83.3,87.75,83.7,1,1,6,8,2
99.5,94.79,99.28,74.3,100.0,94.61,99.3,89.8,1,0,1,11,0
59.38,66.53,60.04,66.13,80.93,64.32,53.79,55.5,5,1,3,7,2
36.06,19.56,34.52,76.53,61.52,61.89,63.22,7.8,2,1,5,6,2
99.5,100.0,98.34,85.33,91.86,88.05,85.97,98.1,3,0,2,10,0
96.22,100.0,96.25,80.3,91.2,87.23,83.27,52.3,2,0,2,13,0
86.89,98.92,88.01,81.66,92.78,87.09,61.66,56.7,2,1,2,8,1
39.98,28.1,35.19,26.49,35.94,15.84,12.83,5.0,6,5,4,8,2
80.44,93.27,87.44,68.04,99.02,77.38,78.69,59.4,1,0,2,10,0
92.15,84.63,89.52,86.44,89.22,92.34,92.64,58.0,1,0,0,4,0
93.09,100.0,100.0,90.1,83.54,96.08,78.33,49.5,3,2,4,12,1
99.5,100.0,97.87,100.0,100.0,100.0,100.0,122.3,0,0,1,12,0
76.61,78.94,73.99,85.41,93.57,100.0,75.56,106.4,2,1,6,5,2
45.22,37.87,41.9,56.88,58.44,35.82,47.53,12.6,5,3,7,13,2
99.5,95.52,99.35,84.79,98.38,71.16,89.54,82.1,2,0,1,5,0
74.94,76.05,70.26,81.54,85.35,84.52,73.16,55.7,3,4,4,10,2
90.82,99.65,99.41,98.79,100.0,100.0,100.0,109.5,3,0,2,10,0
63.01,41.24,53.71,67.54,65.53,46.97,60.23,39.8,1,1,5,8,2
25.32,28.71,33.39,69.12,66.97,69.28,55.05,56.2,4,5,7,8,2
99.5,100.0,100.0,100.0,100.0,100.0,97.97,81.9,2,1,1,3,0
96.27,94.91,98.39,83.15,86.35,98.67,100.0,77.4,1,1,2,10,0
71.03,62.31,67.63,65.45,73.06,49.15,33.59,24.3,5,2,3,10,2
80.37,90.61,80.22,99.88,89.86,98.75,93.57,72.2,3,2,6,10,2
68.87,63.22,64.2,72.73,87.7,80.66,68.11,70.5,1,1,3,5,1
81.88,92.24,81.52,100.0,93.8,95.94,86.67,57.7,0,1,3,11,0
16.46,15.02,11.44,52.98,62.8,57.73,52.83,57.2,2,2,6,3,2
83.49,100.0,90.91,89.28,100.0,100.0,98.15,108.8,2,3,4,5,1
94.05,97.61,96.71,91.74,91.38,92.29,90.51,87.4,5,0,7,9,2
85.51,81.45,77.74,77.07,89.34,80.33,73.76,50.9,3,2,2,4,1
94.66,95.76,93.13,79.37,87.3,61.83,72.27,46.4,6,0,0,10,1
99.19,100.0,96.26,100.0,100.0,100.0,99.94,96.0,2,0,2,2,0
58.71,74.47,70.53,81.96,85.86,85.03,83.31,80.4,1,2,7,13,2
91.17,100.0,86.14,72.13,92.77,55.03,54.73,31.2,2,0,0,8,0
97.03,96.34,100.0,92.98,94.67,85.52,99.13,75.4,3,0,0,13,0
81.92,84.08,85.06,94.19,96.61,83.55,83.2,52.1,1,0,1,8,0
88.84,88.32,78.4,100.0,92.08,96.07,80.37,82.4,3,0,2,12,0
53.41,41.39,46.28,51.28,70.29,53.94,42.23,19.9,2,1,6,6,2
18.9,8.0,16.54,50.21,51.67,52.65,50.46,43.6,8,5,9,5,2
95.04,100.0,94.2,84.81,100.0,75.79,77.94,62.0,2,0,1,9,0
66.91,62.05,63.97,83.38,83.03,81.35,74.56,22.3,1,2,3,11,2
71.86,70.43,80.42,79.03,87.23,81.65,69.59,71.6,4,3,3,13,2
41.81,53.2,44.45,40.1,51.35,38.91,39.81,6.0,11,0,3,10,2
82.11,82.52,77.94,86.13,83.36,96.63,97.25,74.5,1,0,4,10,1
92.13,95.57,97.1,91.49,99.66,89.47,94.46,110.4,3,1,3,11,1
95.56,100.0,91.63,100.0,100.0,100.0,100.0,125.4,0,0,2,7,0
58.06,50.59,58.03,25.18,60.1,24.21,37.86,5.0,4,4,13,12,2
76.06,69.54,75.92,81.61,64.72,59.87,50.15,63.7,1,2,4,12,2
99.5,100.0,100.0,100.0,92.58,90.16,77.72,83.2,3,1,0,11,0
90.5,99.66,95.64,97.89,100.0,100.0,100.0,97.7,0,1,1,9,0
78.94,80.28,78.52,70.55,92.86,82.54,69.54,49.0,3,1,4,6,1
54.6,43.46,50.25,53.03,65.54,55.39,43.26,17.3,5,1,4,12,2
89.38,88.53,97.61,73.66,86.83,54.21,73.45,34.8,5,2,2,5,2
72.46,82.95,76.7,95.51,82.82,84.33,92.23,68.4,3,3,7,6,2
95.96,100.0,96.64,100.0,100.0,100.0,100.0,80.7,1,2,1,2,0
99.5,100.0,99.43,94.0,98.3,91.76,87.75,98.2,2,0,0,13,0
57.16,49.91,56.31,61.34,86.67,56.79,61.8,47.5,2,0,5,2,2
66.59,76.24,68.75,85.78,76.11,93.51,89.7,93.1,2,0,3,8,1
29.79,21.7,22.58,54.5,55.59,42.32,20.22,16.6,5,6,11,11,2
94.15,100.0,93.68,96.65,93.63,92.74,91.25,69.8,1,1,7,3,2
99.5,97.26,95.11,100.0,100.0,100.0,88.02,84.8,2,0,0,4,0
99.5,100.0,99.08,100.0,100.0,96.48,100.0,105.5,2,0,6,10,2
91.94,100.0,92.55,100.0,94.71,87.62,96.75,84.8,1,2,1,8,0
79.36,76.11,77.41,83.62,84.25,81.07,87.14,82.6,2,1,1,5,1
95.93,100.0,96.87,94.34,84.51,88.95,80.37,68.2,4,0,3,11,1
90.58,100.0,95.22,100.0,100.0,100.0,98.32,93.0,3,0,3,5,0
93.46,97.41,91.11,97.57,98.24,89.91,85.39,86.4,0,0,0,2,0
86.95,85.52,93.22,76.93,80.01,78.97,57.44,55.7,3,1,1,13,1
57.07,54.08,60.92,45.32,73.16,55.09,43.28,11.3,0,1,3,5,2
96.65,100.0,100.0,95.02,100.0,94.28,93.15,78.8,1,1,2,5,0
49.98,56.75,55.5,84.71,71.85,61.73,58.38,10.0,4,1,11,11,2
52.32,45.98,45.37,89.75,73.51,67.8,79.35,62.0,2,3,7,12,2
74.64,69.25,70.26,79.89,89.53,82.25,64.87,63.7,3,2,6,8,2
88.82,92.12,88.18,75.05,84.9,71.63,62.95,65.5,2,0,6,13,2
97.95,100.0,93.05,100.0,94.61,88.44,80.33,106.2,2,0,3,9,0
99.5,100.0,98.18,98.01,95.52,100.0,89.7,93.2,0,0,1,3,0
55.86,62.11,67.32,77.79,70.52,72.68,80.65,69.2,3,3,8,12,2
83.05,95.34,88.15,81.82,94.68,77.86,88.68,81.5,1,1,0,11,0
99.5,100.0,100.0,99.87,94.72,76.08,93.69,98.4,2,0,2,10,0
78.36,77.54,83.9,64.33,86.7,59.61,49.74,52.9,6,0,3,10,2
99.5,100.0,95.92,91.04,94.61,85.66,72.73,58.7,4,0,0,13,0
84.67,90.37,86.98,88.35,95.66,100.0,96.31,92.8,3,0,5,3,2
99.5,97.68,97.22,100.0,100.0,94.09,100.0,112.0,3,0,0,4,0
88.36,84.8,90.74,88.5,95.36,91.6,92.12,91.2,2,0,2,13,0
73.8,82.36,78.94,75.96,85.44,73.88,59.48,78.5,5,0,4,12,2
99.5,100.0,100.0,100.0,100.0,100.0,100.0,102.1,2,0,0,2,0
61.72,52.96,59.22,72.47,80.0,84.92,73.51,71.6,4,1,3,12,2
86.85,100.0,95.15,100.0,100.0,100.0,100.0,122.8,0,0,0,8,0
99.5,92.44,94.24,93.64,100.0,93.79,88.55,77.3,2,0,2,4,0
35.68,42.88,32.55,43.39,76.85,56.3,56.49,21.6,5,2,7,9,2
93.98,100.0,98.95,100.0,100.0,100.0,100.0,89.6,1,0,2,4,0
97.95,100.0,99.32,86.61,95.28,85.98,84.97,74.3,4,0,1,11,0
48.95,46.0,50.04,75.74,67.18,84.19,87.73,89.3,5,4,8,13,2
72.71,67.38,76.35,68.49,88.0,81.37,73.72,44.4,4,1,2,9,2
62.15,65.08,64.61,70.51,79.12,60.12,67.73,59.3,1,4,1,11,2
93.7,100.0,99.41,94.21,100.0,100.0,95.0,86.6,0,0,3,10,0
95.97,100.0,100.0,68.89,95.08,86.05,77.13,41.6,2,1,5,10,2
52.48,57.6,53.83,59.43,75.24,70.57,57.13,43.0,7,2,6,7,2
83.27,85.77,81.82,100.0,91.64,90.26,99.5,69.6,3,2,4,10,1
88.49,100.0,100.0,89.08,93.4,95.86,98.78,73.4,2,0,4,12,0
87.82,100.0,94.0,98.61,100.0,98.87,84.45,66.7,2,0,3,4,0
86.14,98.31,91.92,98.92,96.91,100.0,90.86,68.1,0,1,2,5,0
93.98,88.59,88.0,92.42,87.26,76.85,69.19,61.4,4,0,1,9,1
99.5,100.0,100.0,68.57,90.61,77.2,84.8,92.0,2,0,2,13,0
85.31,76.55,83.27,93.47,96.0,94.94,91.94,80.6,0,1,1,12,0
83.8,92.14,83.22,89.67,88.38,82.07,92.2,79.7,0,1,4,5,1
52.74,33.21,48.27,48.38,61.78,49.93,29.94,5.0,3,3,1,3,2
99.5,100.0,98.67,85.25,97.51,94.7,68.7,63.3,2,0,2,5,0
73.07,73.17,64.27,81.32,78.89,64.67,73.26,36.4,3,4,2,12,2
67.11,79.45,69.7,79.33,84.21,90.87,76.6,77.2,2,2,6,11,2
99.5,100.0,100.0,89.2,100.0,94.7,85.87,45.9,4,0,5,10,2
56.17,63.9,55.52,60.95,75.56,63.63,58.96,24.8,4,3,3,3,2
59.88,56.61,68.31,53.26,61.34,40.29,45.16,6.7,7,2,4,4,2
55.13,57.42,57.91,38.25,62.67,54.37,49.89,13.9,7,3,5,7,2
92.6,93.64,100.0,89.15,100.0,99.58,77.78,82.8,2,1,2,3,0
54.26,47.55,47.3,61.5,64.56,54.95,46.54,45.5,4,2,8,3,2
89.47,83.75,82.45,90.71,92.21,83.56,80.72,79.3,4,0,4,9,1
44.39,29.45,37.76,47.2,56.1,46.49,37.12,34.2,5,5,3,2,2
59.46,58.81,54.14,69.47,60.56,61.15,74.61,22.1,5,0,7,7,2
82.16,89.7,83.2,100.0,100.0,100.0,100.0,104.7,0,1,1,10,0
64.72,65.64,71.42,72.22,67.22,58.5,62.87,41.1,4,2,7,7,2
76.8,70.17,73.05,65.02,85.78,80.64,62.37,24.7,2,0,5,7,2
99.5,100.0,93.32,92.22,100.0,90.47,92.53,98.2,1,0,1,8,0
78.61,94.24,85.75,88.97,98.97,96.46,88.45,90.0,1,0,2,11,0
67.34,73.25,74.87,92.73,96.25,86.47,66.07,62.3,3,0,9,10,2
68.48,65.21,59.76,57.79,75.45,54.76,64.66,49.6,1,1,5,3,2
89.95,94.24,86.18,75.05,91.9,81.82,83.17,67.5,2,0,3,6,1
64.3,70.64,66.93,64.77,82.91,62.75,54.45,50.2,2,2,3,3,2
69.51,70.08,64.94,74.6,68.64,83.46,70.33,55.9,3,1,3,6,2
85.2,84.43,84.24,85.32,100.0,89.4,86.71,57.0,6,0,4,3,1
90.03,93.01,96.92,100.0,100.0,100.0,100.0,69.9,1,0,2,5,0
85.73,84.41,83.72,84.69,89.97,93.73,84.85,55.1,3,0,7,12,2
89.26,88.16,90.67,90.97,91.16,91.74,82.83,76.8,2,1,1,3,0
94.37,100.0,98.63,77.72,88.61,82.55,71.1,47.9,2,0,3,2,1
75.64,92.57,78.9,86.75,89.5,86.07,82.09,83.2,0,2,1,2,0
99.5,100.0,95.47,99.68,94.11,86.5,84.91,76.2,2,0,3,9,0
67.24,59.29,68.2,64.91,79.8,80.24,71.33,23.9,2,3,2,13,2
62.26,58.56,61.05,90.02,95.98,100.0,100.0,93.7,0,4,5,3,2
98.77,100.0,100.0,81.53,91.16,75.97,68.53,75.0,3,1,3,4,1
68.74,75.53,71.18,76.25,82.63,64.97,55.15,50.0,7,4,4,4,2
63.61,56.85,60.53,75.11,80.69,64.35,50.77,42.1,2,8,4,4,2
78.33,82.18,80.57,98.99,93.24,98.05,77.94,83.9,1,1,2,10,1
60.86,70.66,60.11,59.81,81.68,62.97,61.04,59.0,3,1,9,4,2
28.34,25.22,28.71,61.27,69.51,74.98,65.51,57.9,6,2,7,12,2
80.57,87.38,79.15,77.57,89.25,71.61,80.79,70.4,6,0,5,13,2
54.2,46.36,60.52,61.93,50.84,45.98,54.42,8.6,6,1,5,7,2
99.5,100.0,100.0,97.02,100.0,100.0,100.0,85.6,1,0,2,9,0
76.83,58.47,70.98,69.61,85.48,81.27,81.31,63.8,3,2,1,7,2
49.29,42.31,42.38,52.75,73.88,47.61,44.12,29.6,3,1,5,2,2
94.46,89.43,96.96,70.15,82.13,85.97,67.78,42.6,2,0,0,5,0
85.6,93.53,86.72,93.46,99.93,95.7,82.3,84.5,1,1,3,13,0
36.46,30.91,36.77,62.61,68.46,48.24,19.61,16.0,3,5,9,10,2
87.61,95.31,87.86,94.46,100.0,100.0,97.16,82.6,2,1,4,13,1
90.68,100.0,86.56,97.24,100.0,95.76,86.79,66.5,0,1,2,10,0
89.64,75.15,90.3,94.21,89.17,89.84,73.79,74.7,6,1,3,4,1
99.5,100.0,100.0,91.13,100.0,98.18,88.85,75.5,4,0,0,3,0
53.8,43.51,48.32,81.31,80.08,61.95,78.74,38.9,2,2,3,4,2
53.57,41.64,56.9,61.6,63.86,59.11,66.92,29.1,7,4,11,13,2
82.15,87.07,83.95,95.07,100.0,100.0,100.0,89.4,1,0,4,6,0
99.5,100.0,100.0,100.0,97.16,99.83,88.49,69.1,6,0,2,12,0
96.74,98.6,90.92,67.76,85.2,60.87,48.39,59.4,5,0,1,2,1
93.22,100.0,94.48,95.61,97.24,100.0,88.21,92.9,2,1,3,10,0
65.14,59.97,62.01,76.16,89.88,76.64,64.02,40.6,1,0,5,4,2
78.06,80.28,74.96,84.33,80.13,95.33,100.0,76.9,1,2,1,11,1
99.5,100.0,96.15,91.75,100.0,95.65,95.07,101.8,1,0,1,12,0
71.91,87.56,78.45,90.03,87.64,86.82,87.99,73.7,3,3,3,13,2
84.64,86.5,84.65,88.68,98.02,86.38,88.27,75.7,3,0,3,10,1
64.65,65.84,64.32,91.59,78.13,82.27,75.63,34.9,4,2,3,3,2
84.24,78.06,79.85,74.82,90.27,75.89,63.12,55.5,2,3,2,5,1
79.69,90.93,88.04,87.67,89.27,86.85,82.57,65.2,3,0,2,5,1
76.25,88.39,75.88,65.79,75.43,51.59,31.79,5.0,5,0,3,12,2
60.82,53.74,58.34,72.38,76.83,71.66,59.46,23.3,5,2,2,10,2
86.46,94.08,87.55,76.01,85.35,70.87,68.85,65.3,3,2,4,10,2
82.1,91.05,83.38,85.52,93.74,98.3,78.97,87.3,1,0,3,11,0
99.5,100.0,90.98,92.38,85.72,75.66,61.67,82.9,3,0,0,11,0
82.97,82.73,82.71,91.51,90.88,95.96,89.2,83.5,1,2,5,4,2
53.21,69.09,56.79,57.55,70.8,62.03,65.47,10.7,4,0,4,11,2
60.06,66.09,63.46,72.18,82.42,92.63,60.67,60.6,2,3,5,7,2
56.82,62.02,71.09,73.32,79.32,65.84,53.38,76.9,5,1,4,13,2
75.7,75.02,76.13,76.89,85.35,72.32,73.28,43.0,3,1,1,13,1
70.35,66.84,70.88,61.61,71.25,59.76,53.1,9.1,3,1,3,2,2
81.69,73.44,75.42,71.78,85.92,81.41,78.2,45.4,3,2,8,11,2
75.22,84.8,79.56,95.77,93.11,100.0,98.75,85.2,1,2,3,5,1
78.01,77.98,77.55,80.66,90.28,83.28,75.32,40.5,2,0,4,6,1
99.5,94.76,94.39,80.34,92.23,95.23,73.79,78.8,2,0,1,3,0
99.5,99.37,95.81,97.68,96.61,100.0,93.66,84.1,4,0,1,12,0
66.01,84.3,74.86,66.96,74.24,78.41,62.13,54.9,4,0,2,9,1
49.09,39.19,42.64,39.71,54.04,46.45,29.11,18.5,8,2,6,2,2
72.87,74.82,69.84,66.09,81.24,70.35,65.23,45.1,5,1,7,8,2
94.95,90.94,98.7,95.73,94.28,85.69,86.38,80.8,2,0,2,3,0
70.3,67.92,75.51,66.67,82.33,71.6,74.51,50.2,5,0,5,6,2
87.51,81.31,81.43,92.88,81.03,88.14,77.88,92.2,2,0,3,6,1
94.88,100.0,100.0,85.14,90.53,78.9,81.72,69.6,6,0,1,6,1
66.27,52.22,54.37,44.56,63.56,45.1,25.98,5.0,7,1,6,7,2
87.44,95.96,86.87,93.58,92.35,78.75,83.43,73.1,1,1,4,6,1
97.27,86.84,88.45,75.16,94.24,87.92,85.34,79.9,2,1,1,8,0
99.5,98.33,97.05,93.16,100.0,89.56,100.0,108.8,3,0,1,8,0
80.52,95.2,86.09,89.6,100.0,97.66,100.0,90.1,2,0,2,6,0
29.95,35.63,27.08,47.46,60.26,43.58,31.23,35.0,1,3,11,5,2
80.11,81.54,78.9,77.52,87.76,70.94,80.27,63.8,1,0,6,8,2
96.55,100.0,94.07,100.0,100.0,100.0,100.0,103.9,0,0,2,7,0
98.35,100.0,99.9,97.17,100.0,100.0,100.0,105.6,2,0,2,7,0
78.37,90.48,83.44,63.55,84.59,65.51,49.37,65.0,4,0,2,5,1
99.5,100.0,100.0,88.73,98.54,84.77,96.43,87.7,3,0,0,4,0
87.83,94.97,83.54,85.62,100.0,100.0,100.0,113.0,3,2,2,2,1
92.72,90.9,96.55,93.23,100.0,97.98,92.11,52.8,1,0,0,8,0
97.47,97.7,100.0,100.0,95.0,88.35,84.85,69.1,1,1,0,12,0
51.88,58.44,52.21,91.52,91.98,84.05,73.89,64.6,5,1,7,10,2
83.55,93.37,85.8,91.19,85.69,80.99,76.76,77.8,2,1,2,5,1
74.92,77.52,77.21,74.72,79.4,85.76,68.09,41.7,6,1,2,7,2
66.13,66.95,70.45,58.0,75.3,52.68,53.34,18.4,5,1,2,13,2
93.93,90.51,84.4,87.41,100.0,100.0,97.99,79.4,2,0,1,2,0
99.5,95.99,96.31,90.59,100.0,95.8,81.73,95.7,1,0,1,9,0
43.01,47.35,46.39,64.95,72.06,76.67,58.99,48.0,3,3,2,6,2
93.79,96.59,95.12,100.0,100.0,91.82,90.47,99.8,0,0,1,6,0
70.72,63.29,67.98,62.32,85.31,88.23,64.58,59.7,5,2,6,7,2
82.23,84.11,76.41,77.33,88.22,74.97,72.66,48.7,4,1,1,12,1
92.24,95.47,91.46,85.79,98.98,84.2,90.02,90.4,2,0,2,12,0
58.92,59.01,57.38,82.29,86.41,87.09,83.19,65.9,4,1,6,6,2
57.73,64.54,56.75,55.18,80.69,52.31,48.55,10.0,5,2,6,3,2
99.5,100.0,100.0,100.0,100.0,100.0,100.0,101.2,3,1,4,6,1
78.38,87.39,80.3,82.28,92.74,75.84,73.7,79.2,5,0,5,9,2
67.78,67.08,64.08,58.71,66.11,70.07,53.17,14.4,5,0,4,7,2
99.5,100.0,100.0,96.15,100.0,87.13,80.96,65.9,1,0,1,8,0
99.5,100.0,100.0,96.09,100.0,100.0,100.0,87.9,3,0,1,13,0
84.55,95.56,89.37,100.0,100.0,100.0,100.0,129.4,0,0,5,12,2
63.19,61.71,62.1,93.5,77.36,78.18,77.43,63.3,3,0,4,8,2
72.96,69.14,68.81,84.84,80.01,70.86,83.98,48.2,3,3,3,2,2
98.73,100.0,95.86,68.95,86.95,78.65,76.65,43.0,3,0,2,10,1
99.5,91.76,91.86,100.0,94.31,80.94,89.61,89.8,4,1,0,10,0
70.47,70.2,69.03,89.87,88.32,87.11,83.58,78.1,2,2,4,2,2
53.39,47.29,45.0,56.66,87.84,45.78,42.65,40.8,5,1,7,3,2
85.0,76.0,85.18,71.0,86.31,90.8,86.22,60.6,3,1,3,3,1
73.38,67.51,68.45,73.45,75.17,65.01,65.99,18.7,2,2,4,3,2
95.08,100.0,100.0,96.2,100.0,91.01,99.93,106.0,4,0,2,8,0
90.59,97.48,89.86,69.32,86.34,69.44,51.55,42.3,6,0,2,11,1
98.22,100.0,100.0,100.0,100.0,100.0,94.13,104.2,4,0,4,13,0
99.5,100.0,94.07,100.0,100.0,100.0,100.0,107.5,2,0,2,3,0
99.5,92.44,94.26,96.64,97.8,93.78,87.77,67.4,3,0,2,11,0
73.21,60.74,66.39,56.13,73.19,50.11,49.61,41.8,1,2,1,4,2
87.38,71.55,82.37,76.78,84.98,61.11,61.28,39.6,6,0,2,7,2
99.5,100.0,94.66,98.38,100.0,94.14,90.26,112.7,0,0,1,10,0
66.03,58.05,68.8,62.17,70.24,54.21,58.41,40.4,7,3,1,10,2
60.46,56.06,58.69,53.57,64.78,46.23,27.78,5.0,8,2,2,7,2
84.06,90.28,86.16,91.05,86.13,84.97,85.81,69.1,1,2,4,6,1
63.8,68.34,59.7,72.54,78.87,59.44,60.99,42.9,6,1,4,3,2
82.86,95.26,88.79,64.7,86.69,58.11,61.91,30.2,2,0,1,4,1
40.45,33.41,42.15,51.95,62.99,50.31,39.78,5.0,5,3,9,2,2
68.54,67.35,64.35,70.11,88.3,94.89,93.4,71.8,1,1,3,12,1
98.22,100.0,96.48,75.46,89.13,80.46,80.52,81.5,4,1,3,2,1
99.18,100.0,98.43,100.0,92.01,100.0,85.67,94.9,1,0,3,5,0
99.5,94.53,96.32,62.71,92.86,73.91,67.52,51.0,5,0,1,10,1
64.25,59.03,58.44,73.89,76.73,73.73,66.93,40.3,1,2,4,2,2
80.03,63.04,75.16,72.8,93.54,86.75,65.01,16.6,3,2,3,3,2
99.5,86.21,99.14,71.19,93.48,84.13,87.7,52.6,5,1,1,10,1
72.74,86.53,77.68,84.4,99.26,85.52,98.26,92.3,3,2,6,5,2
69.74,58.87,61.99,41.64,64.93,31.28,26.43,5.0,15,2,2,10,2
67.88,56.89,59.23,63.81,76.85,70.56,50.26,33.1,1,0,7,10,2
68.83,69.43,78.74,68.46,84.54,81.27,80.62,68.4,2,1,2,2,1
93.85,100.0,94.42,85.73,94.12,91.91,83.91,83.4,4,2,3,12,1
77.86,83.17,81.89,88.3,97.65,91.76,79.49,74.0,4,0,4,10,1
58.86,70.51,56.62,62.6,72.82,59.17,48.43,46.1,5,2,3,13,2
68.31,57.49,61.17,53.92,65.84,62.94,70.34,41.3,7,1,3,8,2
58.69,68.81,66.84,79.52,83.51,64.1,76.16,82.3,2,2,5,11,2
35.57,22.3,26.99,35.56,53.68,35.25,37.05,22.6,10,2,7,12,2
79.45,77.8,75.52,87.23,92.15,95.5,84.67,73.2,1,0,2,6,0
75.41,67.99,74.02,77.28,71.83,75.21,57.33,52.8,3,0,2,3,1
99.5,100.0,97.05,96.42,100.0,100.0,100.0,89.2,1,0,1,10,0
87.31,100.0,94.3,100.0,100.0,100.0,100.0,100.1,3,0,5,6,2
99.5,98.26,96.37,89.79,91.55,86.52,93.3,75.0,4,0,2,9,0
82.59,99.29,88.52,100.0,98.07,100.0,100.0,103.1,1,1,5,4,2
38.98,28.33,37.52,49.81,60.66,48.97,47.62,9.1,1,0,6,6,2
97.13,100.0,96.37,100.0,100.0,100.0,100.0,96.9,0,1,4,7,0
70.52,63.27,62.73,58.31,80.96,66.69,45.81,26.7,5,2,5,13,2
72.23,87.0,76.09,76.74,90.02,82.56,61.62,70.0,6,4,4,11,2
57.59,60.51,54.72,80.19,77.24,65.62,44.43,57.4,2,2,3,8,2
36.46,31.66,32.65,35.02,54.1,47.49,41.98,17.4,8,3,6,5,2
71.87,73.69,72.58,98.99,87.33,95.56,100.0,83.6,5,1,4,9,2
93.21,93.22,93.23,90.14,100.0,100.0,100.0,75.2,0,1,2,11,0
96.62,93.19,98.93,98.17,89.39,94.86,92.32,65.8,0,2,4,4,0
79.7,92.09,81.27,87.13,94.37,81.38,88.13,65.4,4,0,3,9,1
55.47,40.54,49.71,68.8,84.28,55.23,58.59,40.5,1,1,5,8,2
82.76,82.79,88.24,92.15,95.27,99.61,86.76,73.9,1,0,6,9,2
97.49,100.0,99.74,100.0,100.0,100.0,100.0,90.8,1,0,4,2,0
92.94,85.82,94.01,89.1,100.0,96.8,94.38,61.4,5,0,3,6,1
74.83,76.13,75.1,68.56,85.07,76.6,54.42,57.4,2,2,1,2,1
47.71,44.35,49.65,93.83,80.5,93.16,91.98,46.6,2,2,9,5,2
90.61,93.53,90.98,96.19,93.03,84.42,75.88,64.9,3,0,2,12,0
67.77,64.73,60.97,63.17,71.49,72.91,55.83,22.3,3,2,5,8,2
83.09,68.23,80.03,90.64,83.74,99.43,76.74,81.6,1,0,3,5,1
45.94,54.55,50.68,96.37,83.34,88.51,87.2,87.0,2,5,4,2,2
99.5,93.79,97.49,70.97,90.55,85.11,84.72,76.2,1,0,0,11,0
80.52,80.05,76.55,95.42,88.57,83.62,96.65,57.9,2,0,3,10,1
89.07,91.61,96.26,79.12,85.42,80.92,82.61,46.3,4,0,1,4,1
96.97,100.0,100.0,100.0,94.51,85.18,93.55,105.7,4,0,1,4,0
73.42,75.71,71.75,72.8,76.54,63.07,65.66,50.3,2,0,3,2,1
55.61,58.13,62.25,79.68,69.83,53.26,46.93,9.0,4,1,5,12,2
94.4,82.66,95.41,100.0,97.05,100.0,100.0,86.7,0,0,3,11,0
36.96,33.89,34.98,45.49,58.3,57.3,30.94,5.0,8,3,7,11,2
73.97,75.93,71.29,86.21,87.12,90.59,68.32,75.4,3,2,4,10,2
60.63,53.85,59.94,70.76,67.58,62.5,57.82,24.2,3,0,6,4,2
33.08,26.03,29.62,45.08,48.82,41.86,29.07,5.0,3,4,4,9,2
72.82,74.47,84.22,52.75,78.38,43.3,47.89,34.6,3,2,5,2,2
60.79,55.77,54.75,86.76,86.03,63.16,90.65,66.7,3,2,12,13,2
69.35,81.61,80.27,73.81,84.02,79.45,75.62,58.0,1,4,4,2,2
70.28,78.73,71.86,58.96,73.01,74.92,61.39,38.7,1,1,6,4,2
72.0,70.15,70.36,60.37,67.29,53.05,53.06,32.3,6,1,8,6,2
62.84,52.07,55.38,84.99,74.97,68.93,77.01,19.3,3,2,2,6,2
91.79,100.0,95.38,100.0,100.0,100.0,100.0,97.0,2,1,3,9,0
66.94,72.72,65.65,83.86,86.79,86.52,87.06,75.4,2,3,2,13,2
99.5,100.0,98.76,91.39,100.0,91.51,90.18,76.8,1,0,0,6,0
59.79,58.6,54.29,67.72,73.25,68.11,68.44,29.1,2,4,5,2,2
96.46,100.0,89.81,86.75,100.0,100.0,80.1,85.5,1,2,7,12,2
92.17,100.0,94.23,95.39,100.0,100.0,97.52,97.6,0,0,2,5,0
29.79,21.21,31.74,46.2,60.71,47.49,25.37,5.0,3,4,6,9,2
81.65,78.9,81.58,100.0,99.44,97.5,100.0,57.7,2,1,6,12,2
62.41,70.56,64.8,70.4,77.03,71.2,89.12,57.5,3,2,2,6,2
69.37,64.59,77.99,70.86,87.74,85.54,87.32,78.0,0,1,6,6,2
81.77,75.5,70.08,78.7,87.62,89.93,73.7,57.3,1,0,1,8,0
99.5,100.0,100.0,86.11,100.0,82.99,73.04,70.1,6,0,0,4,0
77.15,75.58,73.01,86.81,88.71,69.56,79.48,68.3,2,4,4,3,2
96.09,100.0,97.72,89.91,100.0,93.69,87.9,72.2,1,1,2,12,0
99.5,100.0,96.52,100.0,100.0,100.0,100.0,95.8,0,0,0,10,0
98.3,99.21,95.92,94.96,100.0,95.26,90.54,93.7,1,1,6,7,2
69.18,79.03,73.98,100.0,88.68,100.0,100.0,107.7,2,0,2,5,1
77.25,75.92,75.97,83.44,91.3,79.91,81.15,91.4,2,1,2,5,1
86.59,95.11,86.87,80.97,100.0,87.5,85.13,72.8,1,0,2,2,0
87.77,100.0,87.01,100.0,100.0,100.0,100.0,116.0,0,2,5,9,2
74.05,79.91,79.29,75.74,77.61,74.34,74.81,50.2,4,1,4,9,2
84.34,85.62,83.84,100.0,90.74,92.75,80.68,70.3,1,0,5,9,2
84.81,88.75,81.33,79.13,99.95,87.4,69.77,68.5,2,0,3,9,1
66.72,65.58,59.45,69.62,82.21,54.12,51.7,44.1,6,1,7,5,2
59.43,58.07,59.97,49.05,66.63,43.41,45.65,13.6,4,3,7,7,2
94.08,100.0,95.04,100.0,100.0,100.0,100.0,109.1,1,0,0,6,0
84.91,80.62,83.91,57.73,78.67,57.31,59.03,53.5,6,1,2,7,2
85.36,79.61,93.28,78.54,98.19,82.34,97.43,98.4,0,3,3,12,1
74.93,74.89,78.1,59.46,67.51,48.63,55.04,36.1,3,1,5,9,2
68.76,71.11,69.47,70.76,82.54,53.9,64.44,54.6,9,2,0,11,2
30.94,14.64,17.98,44.65,48.73,31.4,45.07,5.0,7,6,5,9,2
99.5,100.0,100.0,100.0,100.0,100.0,100.0,101.2,1,0,2,6,0
87.85,92.41,89.84,97.73,90.9,96.64,83.49,81.0,4,0,1,10,0
95.09,100.0,100.0,100.0,96.84,100.0,100.0,93.3,0,0,2,5,0
81.31,93.2,82.54,100.0,100.0,100.0,100.0,94.2,0,2,4,7,0
75.53,86.99,74.7,82.27,98.52,91.51,76.61,75.0,2,0,3,10,1
64.15,76.25,74.46,78.58,76.23,77.89,78.92,22.1,1,2,4,12,2
99.5,100.0,100.0,100.0,100.0,100.0,100.0,95.2,2,0,1,10,0
43.66,36.07,45.73,62.03,54.98,35.53,60.35,6.9,2,2,8,3,2
99.5,100.0,94.78,100.0,100.0,100.0,100.0,121.7,0,0,4,4,0
99.5,94.81,92.75,86.02,97.18,92.61,92.52,116.7,3,0,4,11,1
49.92,49.38,45.59,48.58,65.49,46.36,24.31,28.9,8,5,7,9,2
62.12,51.52,46.97,76.83,79.07,62.63,66.56,42.5,5,1,6,3,2
82.29,76.1,77.85,88.48,88.37,93.62,100.0,93.6,5,0,5,11,2
83.78,94.42,80.33,74.6,76.83,72.34,61.21,53.6,2,1,6,4,2
80.58,71.69,77.5,99.93,100.0,92.62,100.0,101.5,1,1,2,7,0
98.42,100.0,98.63,100.0,100.0,100.0,92.02,94.4,1,0,2,4,0
96.49,100.0,94.24,92.55,100.0,90.13,90.11,92.3,2,0,6,5,2
79.16,84.63,83.28,85.74,92.75,76.95,84.14,59.9,0,0,3,8,0
87.2,90.78,89.2,62.52,77.09,69.79,74.04,24.0,2,1,2,6,1
95.59,92.76,99.83,100.0,100.0,100.0,100.0,96.7,2,1,2,8,0
44.82,38.28,49.72,60.15,66.73,69.42,42.37,43.7,3,2,7,8,2
76.62,79.93,78.41,61.16,99.58,64.69,85.17,50.6,4,0,0,7,1
71.68,77.66,75.68,87.59,86.31,94.87,77.97,86.2,0,1,5,4,2
99.5,100.0,100.0,100.0,100.0,100.0,95.1,100.0,1,0,3,2,0
97.32,100.0,100.0,100.0,98.89,100.0,87.09,75.7,1,0,1,9,0
82.2,86.04,78.02,90.42,92.65,97.31,76.66,76.4,7,0,4,9,1
56.94,52.48,52.97,93.37,97.65,90.78,82.86,37.4,4,0,3,5,2
72.2,79.45,69.44,93.56,85.4,93.09,89.59,89.5,1,1,8,4,2
96.2,96.95,93.97,100.0,100.0,100.0,100.0,110.3,2,0,3,4,0
71.0,70.18,69.14,79.85,85.84,73.83,76.42,54.4,4,1,3,8,2
63.63,70.7,62.81,68.32,75.74,64.84,45.11,49.6,5,0,6,10,2
99.5,89.68,97.44,78.68,98.48,86.18,66.42,59.0,4,0,2,5,1
90.14,88.65,91.59,73.84,89.59,73.84,75.99,54.1,6,1,1,13,1
84.78,97.9,89.74,97.09,93.12,91.34,91.42,87.0,3,0,3,3,0
99.5,100.0,100.0,74.91,90.02,83.72,79.14,37.0,6,0,2,12,1
83.13,83.98,90.55,68.23,83.36,70.58,60.68,42.3,5,0,4,6,2
72.17,68.37,72.17,78.67,76.82,73.93,79.41,37.0,2,2,2,9,2
58.5,67.58,56.62,71.19,78.17,71.09,72.27,51.4,2,4,7,10,2
95.34,90.73,90.41,94.32,100.0,100.0,93.06,81.7,1,0,3,11,0
60.84,60.99,57.42,42.52,63.2,56.93,43.58,32.5,5,5,6,10,2
36.4,31.81,40.32,50.27,64.42,58.36,44.96,12.3,7,1,11,12,2
59.84,51.66,54.71,70.23,74.36,75.54,56.71,27.6,1,3,2,9,2
77.15,73.06,71.48,80.3,82.27,67.05,73.88,53.3,2,1,3,7,1
92.49,100.0,90.77,81.29,96.04,88.09,91.24,45.0,1,1,8,5,2
79.4,70.47,73.71,66.56,90.89,73.32,56.12,56.2,2,0,2,12,1
92.04,87.35,87.8,100.0,99.68,95.84,100.0,118.6,0,0,2,3,0
80.98,75.54,75.85,79.6,89.26,77.43,70.11,45.1,2,0,3,7,1
50.14,53.11,54.77,69.18,83.47,76.04,51.69,69.7,4,0,8,3,2
84.72,100.0,89.35,82.65,98.44,91.48,87.7,89.6,2,0,2,8,0
99.5,100.0,99.37,100.0,100.0,100.0,100.0,115.2,0,1,4,4,0
33.2,13.31,28.63,39.81,59.88,32.85,38.19,19.7,6,2,5,11,2
99.5,100.0,100.0,100.0,100.0,98.55,98.81,73.9,4,0,1,7,0
78.75,85.91,79.03,76.95,84.21,77.16,77.85,58.1,5,1,6,4,2
69.68,73.61,76.0,72.59,87.63,84.06,79.4,54.9,5,3,4,8,2
99.5,100.0,99.6,75.18,88.64,81.44,82.09,53.0,5,1,2,2,1
54.85,39.77,46.76,72.01,78.85,80.59,62.37,55.5,1,4,5,2,2
90.95,84.41,92.11,86.0,94.85,82.0,93.9,73.4,0,3,1,4,1
50.75,49.86,51.98,76.08,78.89,68.2,71.55,45.1,3,0,4,8,2
76.62,86.67,81.61,100.0,79.73,72.1,78.69,79.9,3,2,3,5,1
88.94,84.96,85.97,74.99,73.99,87.64,89.49,72.3,4,1,0,6,1
85.73,91.71,87.99,97.07,89.13,79.67,96.81,42.7,1,0,6,12,2
85.28,90.02,84.16,97.45,93.35,76.86,89.11,82.6,1,0,2,3,0
99.5,94.52,96.76,94.06,100.0,81.68,77.33,60.4,2,0,1,2,0
99.5,99.51,97.82,88.9,100.0,100.0,90.98,100.2,1,0,1,3,0
49.81,45.02,48.97,58.17,76.69,59.84,49.85,41.1,5,4,5,12,2
90.67,96.52,99.05,97.49,100.0,100.0,94.05,119.2,3,0,3,13,0
45.84,43.73,44.33,49.03,44.93,26.81,39.04,18.0,0,4,6,10,2
84.13,86.13,88.03,91.26,96.33,100.0,89.7,100.7,2,2,1,11,1
55.46,56.47,56.37,55.79,62.89,46.84,47.88,5.0,5,3,4,2,2
99.5,100.0,100.0,100.0,100.0,100.0,99.98,76.6,1,0,0,9,0
96.44,100.0,100.0,100.0,100.0,100.0,100.0,115.9,2,0,2,8,0
82.07,92.23,83.88,92.28,93.6,84.53,77.55,59.1,1,0,4,9,1
84.81,86.65,78.68,83.41,82.04,82.23,61.43,64.7,1,0,3,11,1
81.93,74.38,74.07,67.19,71.42,61.07,59.01,42.9,2,0,1,3,1
99.5,100.0,100.0,90.13,98.1,93.71,79.59,118.6,3,0,3,9,0
70.42,77.6,74.42,79.77,83.14,66.56,64.2,61.9,2,2,2,6,1
61.49,63.17,58.22,75.97,82.91,69.96,50.37,51.9,6,0,1,7,2
70.18,52.7,69.95,74.98,74.68,65.05,72.64,18.5,5,0,0,9,2
85.36,83.02,83.2,88.95,94.41,93.21,89.92,77.7,3,2,6,2,2
79.5,74.32,76.1,68.74,96.47,79.52,78.06,55.6,4,1,1,2,1
92.82,100.0,94.38,94.93,97.77,89.29,100.0,97.0,2,2,5,13,2
76.48,63.47,76.6,68.6,87.67,80.59,82.35,70.4,6,3,8,10,2
86.26,93.94,86.12,94.57,98.44,85.77,91.65,99.7,3,0,3,4,1
47.0,45.83,51.68,57.06,58.22,42.86,45.35,6.6,8,1,7,11,2
68.63,75.18,73.37,88.82,82.68,91.93,84.24,76.1,2,1,3,3,1
66.49,69.25,73.0,83.57,90.93,88.81,88.12,65.6,1,1,8,8,2
89.45,77.3,87.89,89.39,77.64,82.94,64.08,39.3,2,2,1,10,1
86.25,89.04,88.72,82.31,91.87,95.91,91.16,76.7,0,0,2,6,0
84.46,93.24,90.59,69.79,77.79,68.56,61.12,42.5,3,0,4,6,1
86.45,81.91,85.1,78.86,86.32,74.27,77.18,57.3,7,2,3,2,2
83.89,100.0,87.19,100.0,97.11,86.57,98.86,71.3,1,0,5,12,2
91.61,100.0,97.45,90.05,89.22,90.09,86.08,89.6,1,3,1,8,1
90.18,93.67,91.22,93.15,94.91,100.0,84.01,91.8,6,0,1,4,1
44.73,47.13,50.7,89.77,78.6,82.23,76.48,74.6,4,3,6,5,2
99.5,100.0,100.0,79.02,100.0,73.18,79.69,94.3,3,0,2,6,0
64.63,55.5,63.5,54.77,77.34,59.43,53.4,20.8,6,3,2,7,2
99.5,100.0,100.0,100.0,96.39,100.0,100.0,115.6,0,0,3,13,0
90.77,100.0,96.25,87.08,94.41,85.33,78.35,66.8,1,0,5,9,2
78.72,91.18,85.46,73.6,90.89,77.11,73.78,66.4,3,1,4,3,1
99.5,100.0,97.16,96.86,100.0,93.39,85.68,92.2,4,0,0,8,0
92.99,83.97,90.58,65.01,73.17,55.42,52.73,36.9,5,0,4,5,2
91.28,83.03,89.93,100.0,95.15,89.55,85.54,86.9,1,0,3,7,0
98.42,100.0,100.0,100.0,100.0,100.0,94.52,75.4,2,0,0,5,0
53.67,55.49,55.46,60.66,61.2,51.83,32.04,23.1,2,2,3,5,2
99.5,100.0,100.0,100.0,100.0,100.0,100.0,103.8,0,0,3,7,0
75.64,69.14,81.49,59.05,76.52,73.42,55.33,45.9,2,1,5,4,2
95.47,97.45,96.76,97.94,100.0,100.0,100.0,72.7,1,0,3,9,0
38.16,30.59,38.26,70.75,70.85,75.07,71.06,43.5,1,2,0,4,2
96.29,75.56,88.54,94.57,95.97,83.34,74.01,65.6,3,1,2,13,1
94.29,95.3,96.04,100.0,100.0,100.0,96.25,102.5,0,1,5,12,2
64.48,66.55,61.89,74.56,86.67,75.06,71.17,77.6,6,2,4,10,2
87.7,91.29,86.79,81.87,92.9,75.24,69.78,45.5,3,1,1,13,1
79.0,76.59,76.19,91.65,79.7,80.09,88.39,54.0,5,2,4,9,2
65.63,65.43,60.04,49.4,73.76,45.91,52.09,48.4,4,5,7,4,2
69.61,62.86,67.61,69.61,69.0,67.86,80.69,58.6,5,1,1,13,2
37.88,34.55,33.12,51.7,52.2,35.42,33.9,6.7,3,1,2,11,2
74.18,81.18,72.62,84.47,86.39,86.57,68.43,68.5,2,1,3,7,1
52.57,53.37,61.57,52.93,62.17,56.33,52.37,34.0,5,2,5,10,2
37.23,31.04,39.58,52.14,63.17,47.39,41.13,20.0,4,1,5,12,2
89.37,85.09,96.07,72.67,100.0,86.64,78.37,66.7,5,0,2,11,1
85.23,80.19,83.18,85.97,82.43,93.96,91.16,95.7,2,2,2,3,1
92.26,83.12,87.74,100.0,99.57,100.0,94.6,72.2,1,0,1,3,0
73.5,78.2,77.05,64.4,83.5,76.62,69.71,66.9,3,0,1,6,1
34.66,15.6,29.15,56.23,59.77,59.97,46.62,5.0,5,1,8,8,2
64.35,64.36,63.2,71.54,72.83,84.17,77.17,81.3,3,1,5,12,2
99.5,100.0,96.88,100.0,100.0,95.3,84.02,90.7,1,0,1,11,0
99.5,95.58,100.0,95.18,100.0,100.0,88.85,74.6,0,0,1,11,0
71.1,68.96,64.19,66.64,84.69,65.27,53.3,31.0,4,2,3,13,2
36.24,36.25,38.82,63.2,74.62,76.53,49.11,54.2,3,5,6,7,2
94.02,95.02,93.44,87.4,91.76,85.17,74.49,78.0,3,1,2,5,1
76.51,78.34,80.56,75.97,71.57,78.16,61.17,44.9,4,0,2,9,1
58.08,49.12,59.21,53.96,65.97,43.95,42.97,11.1,7,3,2,8,2
50.26,40.12,48.94,52.22,53.44,50.62,46.83,24.2,5,7,2,12,2
99.5,100.0,95.26,100.0,100.0,100.0,100.0,92.6,2,0,2,9,0
42.33,39.17,35.35,72.2,75.87,78.28,70.46,37.1,3,2,4,4,2
69.39,63.48,61.06,63.35,70.42,59.14,50.86,38.8,4,1,2,5,2
63.08,58.06,59.38,84.61,83.57,84.79,68.94,73.8,3,4,7,10,2
98.57,100.0,93.38,76.24,98.9,83.86,73.2,100.4,3,0,0,2,0
88.25,72.46,82.19,84.75,96.32,87.87,60.69,71.8,5,0,7,8,2
72.39,81.8,72.49,94.3,86.03,73.47,75.6,92.5,3,1,6,9,2
86.08,85.99,83.86,100.0,100.0,100.0,100.0,121.7,0,1,7,5,2
99.5,100.0,99.73,77.34,100.0,97.19,87.04,87.0,2,0,0,3,0
65.59,70.88,69.23,71.63,92.93,88.89,63.77,60.2,5,0,4,9,2
92.4,100.0,92.15,81.21,96.7,80.6,71.59,73.9,4,2,0,7,1
91.63,87.84,88.53,96.94,81.36,92.56,94.34,95.6,1,0,8,3,2
99.5,100.0,100.0,100.0,100.0,100.0,100.0,103.3,1,0,0,2,0
87.26,94.2,89.44,88.14,97.32,93.76,98.47,73.0,2,3,3,5,1
48.16,50.91,48.63,83.4,79.51,67.73,74.53,45.3,2,5,7,11,2
50.45,49.18,52.73,52.09,50.61,50.81,34.71,17.3,5,3,5,10,2
99.5,100.0,96.13,100.0,99.39,100.0,94.11,93.5,1,0,0,11,0
96.5,98.95,100.0,78.47,92.58,72.72,69.58,51.3,2,0,1,13,0
99.5,100.0,100.0,84.69,100.0,86.24,78.04,81.9,1,0,1,11,0
83.3,93.77,88.42,100.0,98.98,100.0,97.58,91.4,2,0,1,8,0
67.73,66.61,65.53,80.19,75.81,61.94,69.37,62.3,4,2,1,2,2
72.75,82.99,70.87,82.78,80.97,79.76,73.04,66.9,3,1,0,11,1
99.5,100.0,97.72,100.0,100.0,100.0,100.0,83.8,1,0,2,6,0
99.5,93.18,98.56,100.0,98.5,97.85,95.9,85.3,1,0,2,10,0
99.5,100.0,99.23,100.0,100.0,100.0,100.0,96.9,1,1,1,13,0
60.93,62.61,61.36,55.55,77.57,78.24,68.4,61.9,5,4,5,10,2
72.73,68.76,70.79,53.8,70.74,66.95,55.15,41.5,2,1,3,6,2
86.5,87.52,84.91,78.67,89.48,74.43,61.37,46.7,3,0,3,2,1
99.5,100.0,99.46,96.93,87.89,100.0,100.0,102.6,1,0,3,2,0
62.78,61.07,58.9,61.61,60.62,51.82,65.6,62.6,3,2,2,2,2
89.76,100.0,94.05,98.82,100.0,92.24,92.92,90.2,1,0,2,2,0
37.94,33.75,36.97,44.08,68.21,39.48,33.24,5.0,6,2,4,13,2
59.88,51.24,62.19,59.58,52.03,54.34,47.66,5.0,5,2,6,13,2
80.61,69.4,73.28,77.67,80.17,63.75,66.08,71.4,2,0,1,5,1
57.8,52.56,58.74,46.36,76.64,53.14,37.89,23.8,7,1,6,10,2
52.35,60.57,58.86,71.8,66.64,75.52,51.26,31.4,3,2,2,3,2
61.76,56.14,58.62,67.49,83.27,64.73,68.87,43.1,5,5,5,5,2
99.5,100.0,97.02,100.0,100.0,100.0,100.0,129.6,1,0,1,13,0
85.56,99.02,96.02,81.95,94.47,90.53,74.73,87.6,3,1,1,5,1
99.5,91.32,91.19,100.0,100.0,95.84,100.0,81.9,3,0,1,3,0
87.25,94.98,86.94,93.57,99.9,94.08,100.0,68.2,2,0,2,5,0
99.5,100.0,95.4,100.0,94.26,89.9,100.0,100.4,2,0,1,10,0
93.11,96.98,91.88,82.47,85.01,75.33,75.52,75.3,5,0,3,13,1
72.68,62.82,67.99,76.41,87.23,78.37,94.81,73.1,0,1,3,7,1
64.35,57.58,67.71,75.86,67.87,65.57,54.07,12.9,4,1,9,12,2
94.07,79.92,87.01,79.58,94.76,79.41,74.55,65.8,6,1,2,12,1
59.28,51.21,64.63,68.75,73.13,84.05,74.69,75.9,5,2,3,3,2
57.43,58.23,61.34,52.69,74.45,58.53,40.95,21.2,8,2,5,10,2
87.57,91.61,87.09,100.0,96.02,93.2,100.0,81.8,2,0,5,12,2
96.43,100.0,95.82,82.47,87.65,67.69,74.32,40.6,3,0,1,8,0
98.51,100.0,99.86,96.72,92.4,100.0,85.73,80.9,0,1,2,2,0
68.93,52.97,63.17,47.22,74.57,40.06,38.24,5.0,4,2,2,11,2
97.34,100.0,93.69,80.36,94.32,85.78,70.69,71.8,2,0,2,9,0
45.45,32.28,37.52,64.85,79.17,75.33,42.14,29.1,4,1,5,5,2
99.43,100.0,93.46,100.0,97.1,100.0,94.81,77.2,1,1,5,2,2
81.64,86.24,90.43,86.33,92.3,80.14,79.69,50.2,2,0,3,5,1
57.18,54.05,56.55,66.47,80.55,73.09,71.18,32.0,1,1,1,2,1
79.73,70.1,74.82,97.67,91.07,87.7,72.87,54.4,1,1,2,4,1
34.82,17.52,25.57,59.02,61.96,45.51,31.64,39.0,2,5,5,2,2
86.14,100.0,89.17,92.92,91.7,85.72,65.38,68.7,2,0,4,2,1
90.51,99.65,88.12,92.86,96.72,91.29,92.62,62.2,0,1,2,13,0
63.69,66.63,65.46,100.0,97.77,96.73,86.14,92.7,0,1,5,11,2
91.0,99.57,97.36,75.54,82.73,73.75,70.77,52.2,2,1,1,12,1
81.11,96.79,93.34,78.73,76.89,100.0,95.15,100.5,0,0,3,10,0
66.14,70.37,70.92,63.94,65.06,53.37,60.1,20.8,2,1,5,8,2
73.16,62.24,72.01,46.78,58.98,28.16,24.19,5.0,8,3,3,12,2
84.61,84.07,89.07,89.44,92.49,78.21,85.5,46.5,3,2,1,5,1
72.39,83.71,76.07,100.0,95.47,91.13,97.46,104.4,2,1,4,6,1
96.95,95.94,91.2,86.98,84.42,70.64,85.43,46.2,1,1,0,4,0
58.99,70.37,66.43,93.57,75.38,94.45,83.48,61.1,5,2,5,6,2
90.11,95.79,89.41,97.2,95.06,100.0,85.9,67.2,2,0,1,6,0
61.15,57.59,59.44,42.64,61.7,27.21,22.99,5.0,5,5,6,11,2
81.91,91.98,81.69,85.75,97.75,77.66,92.07,74.1,5,0,1,2,1
55.31,39.71,53.99,61.39,60.93,43.45,59.84,50.2,6,0,3,7,2
42.23,34.42,42.66,37.41,54.55,39.83,23.62,15.0,3,1,6,7,2
67.66,75.4,65.0,71.81,76.95,71.65,51.61,25.3,6,1,6,3,2
67.88,65.92,67.54,84.24,84.34,93.75,91.27,90.9,6,0,3,9,2
83.34,75.49,84.52,66.43,81.14,52.17,43.85,32.8,3,4,2,10,2
96.04,100.0,97.04,100.0,97.46,85.77,80.09,68.1,3,0,5,6,2
52.23,63.49,56.45,69.62,92.66,69.71,62.51,58.4,2,7,6,12,2
55.63,21.32,46.46,34.57,53.45,45.8,30.64,5.0,2,7,1,11,2
59.88,64.63,60.63,59.53,68.16,71.25,38.23,53.8,5,3,6,5,2
84.26,73.07,79.67,100.0,98.65,92.21,100.0,97.8,0,0,6,13,2
88.71,92.0,93.1,89.24,89.37,97.91,84.63,60.5,2,2,2,8,1
81.13,71.76,73.55,71.53,92.35,82.49,78.14,62.1,3,2,6,5,2
74.21,65.32,68.1,65.57,71.62,48.16,43.53,5.0,6,1,4,11,2
78.46,86.01,74.49,100.0,96.02,100.0,100.0,85.0,1,0,2,4,0
98.04,100.0,100.0,100.0,100.0,100.0,97.29,107.2,3,0,1,11,0
73.66,91.13,80.77,100.0,92.62,100.0,100.0,113.4,3,1,4,4,1
94.1,89.37,96.5,90.49,100.0,100.0,84.49,77.6,0,0,0,11,0
87.11,100.0,87.24,100.0,96.87,100.0,100.0,96.7,1,0,7,4,2
97.81,100.0,100.0,100.0,97.32,100.0,92.9,87.3,0,0,1,7,0
92.02,89.76,89.98,86.18,86.84,73.54,62.64,67.4,4,0,1,12,1
20.14,22.41,26.51,32.16,51.21,26.37,25.37,5.0,5,4,5,3,2
96.8,100.0,97.21,75.15,91.42,82.25,88.07,83.4,1,0,2,11,0
96.81,87.86,89.07,90.19,93.24,91.3,92.1,79.9,3,0,1,7,0
67.38,70.8,73.03,89.88,92.37,89.02,94.8,81.3,2,0,9,9,2
89.92,89.55,90.02,94.34,91.99,100.0,93.48,88.8,1,0,8,8,2
43.08,31.99,34.18,48.6,64.14,52.61,28.56,11.5,4,1,3,6,2
40.97,27.97,29.45,10.71,64.66,13.91,15.69,5.0,10,3,10,8,2
99.5,100.0,100.0,75.81,93.51,78.87,79.27,54.1,5,0,6,13,2
99.5,99.86,99.53,100.0,100.0,100.0,100.0,95.3,0,0,6,12,2
99.5,100.0,100.0,90.51,92.88,91.45,80.97,71.0,1,0,1,13,0
99.5,100.0,100.0,100.0,99.43,99.52,97.41,107.1,2,0,0,10,0
98.37,100.0,98.42,85.22,95.79,77.63,88.47,88.9,0,0,1,2,0
81.2,82.3,83.14,72.18,90.8,83.21,87.08,54.4,1,0,4,3,1
73.7,84.63,80.74,85.97,88.77,88.74,93.42,73.7,0,3,5,2,2
72.35,72.1,71.66,74.62,75.64,64.62,60.12,34.8,2,0,2,12,1
85.28,94.13,90.72,90.67,93.25,90.13,84.51,83.7,2,0,2,8,0
83.62,89.38,88.1,77.01,92.66,100.0,98.85,72.5,2,2,2,3,1
63.43,49.23,62.31,59.49,64.97,47.48,49.71,16.2,1,1,6,10,2
96.32,100.0,88.79,100.0,100.0,100.0,96.6,100.9,0,0,4,3,0
77.91,76.8,75.77,90.08,97.72,90.84,97.02,79.8,2,0,2,6,1
83.78,93.49,89.67,87.42,89.27,100.0,87.95,96.4,5,0,4,3,1
99.5,100.0,100.0,100.0,100.0,100.0,100.0,85.4,0,0,0,5,0
99.5,100.0,100.0,76.41,100.0,81.38,100.0,79.0,2,0,0,5,0
62.2,62.3,67.05,77.53,75.75,70.73,64.25,63.0,2,1,1,9,1
46.23,33.79,52.13,74.03,74.19,70.47,51.9,40.2,7,1,6,13,2
88.17,90.98,88.89,100.0,97.74,100.0,97.05,89.6,3,1,4,13,1
99.5,81.47,100.0,70.87,83.37,78.28,69.05,69.0,1,1,2,11,1
84.38,87.58,88.33,64.68,69.89,52.15,55.17,47.8,4,1,5,11,2
62.88,79.72,65.36,83.28,77.87,72.38,64.75,76.7,3,3,5,7,2
92.45,89.2,84.38,82.71,93.36,74.27,60.27,66.6,4,1,0,13,1
92.96,99.26,94.44,75.97,87.52,93.28,95.5,81.5,2,0,0,6,0
92.18,98.92,97.39,95.71,93.16,91.3,98.0,81.2,1,3,3,13,1
76.64,69.52,72.87,88.8,85.43,84.67,80.08,60.1,4,1,4,12,2
84.09,85.13,84.95,86.65,87.15,86.24,72.38,82.8,2,1,2,3,1
99.5,100.0,100.0,93.92,96.2,77.63,89.76,79.6,0,0,3,10,0
95.58,100.0,97.44,100.0,100.0,97.78,100.0,79.7,0,0,0,5,0
86.21,88.95,95.11,85.6,84.48,92.57,85.61,57.4,3,1,4,12,1
82.06,82.66,85.38,74.29,88.18,86.98,82.97,64.6,4,1,2,5,1
78.43,75.98,81.76,84.79,92.52,85.49,76.49,83.3,5,1,3,9,2
60.51,72.07,64.0,100.0,87.56,95.7,99.54,73.3,1,4,3,9,2
92.53,100.0,95.08,92.76,100.0,100.0,88.06,76.5,0,0,0,13,0
95.97,82.37,90.87,83.11,97.05,82.31,82.41,57.6,4,0,0,10,0
41.8,20.52,33.36,44.83,61.63,48.84,46.87,35.0,3,1,7,3,2
94.22,87.7,94.34,89.63,97.34,86.0,91.71,81.7,2,0,1,4,0
87.44,89.84,93.51,100.0,92.32,95.45,100.0,107.7,2,1,2,6,0
99.5,100.0,100.0,100.0,89.99,88.78,74.65,68.6,2,0,1,10,0
66.82,67.9,64.43,82.12,90.33,74.78,74.14,66.7,0,1,2,2,1
67.7,66.79,67.35,77.26,77.89,69.17,75.66,50.6,2,5,3,7,2
64.55,59.1,66.46,46.5,72.2,50.64,59.11,29.4,4,1,5,11,2
73.55,81.47,76.81,65.92,74.01,64.91,44.79,56.1,7,1,2,8,2
97.2,93.2,90.5,100.0,89.88,97.51,98.02,52.8,0,0,0,6,0
61.93,70.5,68.36,89.05,84.96,75.46,66.17,57.5,2,1,5,12,2
99.5,100.0,96.48,84.95,100.0,81.56,62.12,48.0,1,0,3,5,0
63.22,48.8,58.53,75.91,69.53,63.62,41.46,54.2,6,0,3,5,2
82.99,69.22,84.64,73.34,91.08,73.75,78.21,72.0,1,1,3,5,1
89.63,94.91,94.46,93.48,100.0,86.88,79.44,61.8,1,2,4,2,1
28.53,24.06,29.35,44.06,51.56,30.27,22.78,5.0,1,3,5,4,2
99.5,100.0,100.0,100.0,100.0,100.0,100.0,118.4,0,0,4,13,0
99.5,89.36,95.15,88.14,100.0,100.0,100.0,75.4,2,1,3,3,0
91.44,79.37,88.22,88.72,87.86,73.62,78.22,67.6,3,0,1,8,1
31.59,26.35,28.89,71.24,66.98,67.92,53.11,72.0,2,2,8,8,2
48.03,50.91,52.26,78.24,61.7,67.15,62.77,41.6,3,1,8,4,2
74.33,69.69,67.24,63.68,76.22,68.13,48.59,52.3,3,1,4,5,2
53.87,50.2,48.93,50.95,62.64,48.14,41.06,22.3,4,5,8,5,2
59.82,54.03,57.75,46.42,62.9,48.68,41.77,37.1,6,3,4,7,2
50.97,54.39,54.68,60.86,83.96,53.11,51.88,13.3,5,2,6,3,2
55.9,44.26,59.09,72.73,75.4,72.19,47.85,20.1,4,4,5,10,2
99.5,100.0,96.12,100.0,100.0,96.22,100.0,92.2,1,1,1,3,0
64.93,76.77,69.17,73.09,81.0,80.5,74.93,80.9,3,2,3,7,2
59.59,50.37,57.11,52.96,76.24,62.39,47.83,32.8,6,1,4,2,2
64.94,58.34,57.83,75.36,74.41,71.72,73.71,33.5,4,2,8,3,2
85.95,88.76,84.02,91.54,86.77,73.66,82.14,43.1,2,2,0,12,1
70.34,63.21,60.45,76.9,86.61,71.33,73.01,65.7,4,6,4,7,2
55.12,43.94,53.09,62.28,66.82,61.29,62.56,22.0,5,2,3,7,2
78.03,79.67,75.43,92.48,90.5,99.08,76.94,108.8,5,0,3,6,1
35.9,30.9,38.91,64.35,67.02,59.39,44.03,39.1,1,1,3,6,2
79.03,87.29,83.84,87.96,85.55,96.03,75.47,70.6,1,1,7,10,2
99.5,100.0,98.92,100.0,100.0,100.0,100.0,105.7,0,0,1,7,0
99.41,100.0,96.64,87.22,96.94,78.53,69.86,49.3,1,0,2,4,0
85.86,94.25,90.59,78.75,76.66,84.18,63.0,47.1,4,0,2,2,1
88.04,90.59,87.99,45.1,64.95,45.42,58.35,26.8,2,0,1,2,1
82.67,86.95,86.45,99.12,97.25,97.05,79.46,96.9,0,1,3,2,0
58.92,59.79,63.87,76.28,86.65,74.04,74.68,51.7,2,0,8,7,2
89.14,84.71,84.42,76.03,88.76,92.97,71.0,66.0,1,1,6,12,2
99.03,100.0,97.66,97.26,92.01,100.0,100.0,91.9,2,2,2,2,0
39.59,48.94,48.26,71.4,70.61,64.77,54.57,32.5,4,7,12,4,2
86.19,93.03,94.36,55.05,78.04,58.02,56.02,62.5,4,0,2,11,1
72.24,75.12,69.48,83.41,99.09,89.34,76.12,63.6,2,1,5,6,2
52.35,57.36,50.9,85.83,80.22,88.29,69.43,58.5,1,3,6,9,2
25.07,11.63,16.56,42.94,48.86,48.87,26.2,18.6,7,3,3,6,2
77.74,75.82,77.96,100.0,93.86,100.0,90.89,77.7,1,0,1,10,0
99.5,100.0,94.12,100.0,100.0,100.0,99.53,119.6,1,0,1,13,0
93.4,100.0,96.04,90.51,100.0,96.66,87.78,96.3,0,0,0,7,0
34.23,32.3,33.34,42.04,59.01,46.28,40.81,5.0,6,4,6,10,2
62.39,63.7,60.43,91.23,88.91,73.65,62.88,79.5,4,4,2,11,2
77.76,81.73,79.63,82.53,98.2,86.98,74.03,58.2,7,2,6,3,2
86.04,69.25,80.02,64.72,89.08,78.57,76.01,88.2,4,0,3,12,1
99.5,100.0,98.26,100.0,100.0,100.0,100.0,113.5,0,0,0,12,0
68.11,58.5,71.18,57.29,66.41,44.47,59.34,31.4,4,2,2,7,2
56.79,45.1,50.72,66.97,66.82,59.72,54.93,53.7,3,2,9,8,2
81.56,90.75,85.22,91.76,99.78,100.0,92.49,73.5,2,3,4,9,1
93.17,100.0,93.36,95.24,96.58,79.26,86.34,92.5,4,3,1,8,1
80.4,85.11,86.07,97.94,97.78,91.7,91.49,82.6,2,0,3,13,0
94.24,100.0,91.89,97.79,99.02,100.0,100.0,93.1,1,0,2,11,0
95.33,98.08,96.97,79.16,98.31,100.0,89.33,55.5,0,1,2,12,0
99.5,100.0,96.06,93.92,100.0,95.19,98.95,71.2,2,0,1,11,0
68.64,58.95,58.1,76.49,91.17,74.03,80.48,53.7,2,0,8,9,2
88.49,94.64,88.15,99.51,100.0,100.0,100.0,111.6,1,0,3,7,0
86.73,99.0,88.85,95.02,100.0,100.0,95.44,66.1,1,0,1,7,0
84.62,86.31,87.41,88.89,90.75,67.63,75.6,53.9,5,1,2,2,1
56.09,59.33,53.94,59.9,57.7,35.16,30.8,16.7,5,3,3,2,2
80.29,74.79,69.9,100.0,100.0,100.0,100.0,118.2,1,0,6,5,2
99.5,100.0,91.74,100.0,100.0,100.0,100.0,120.8,1,0,2,6,0
96.66,100.0,98.58,98.02,100.0,100.0,98.62,96.8,0,0,2,10,0
53.95,48.78,53.85,56.42,69.1,52.19,43.37,23.7,4,3,5,9,2
45.51,19.36,36.28,32.74,31.95,22.82,11.04,5.0,5,2,10,4,2
99.5,100.0,97.99,92.85,100.0,83.4,79.66,101.5,4,0,1,8,0
93.09,94.97,95.07,100.0,92.3,90.75,94.25,90.5,1,1,2,3,0
97.43,100.0,91.02,78.85,94.99,86.33,71.83,72.7,2,0,3,11,0
67.02,78.19,63.21,87.18,88.24,90.83,98.0,62.1,2,2,6,12,2
45.2,38.92,36.98,41.66,57.99,44.16,60.96,14.0,6,1,9,13,2
99.5,100.0,98.97,89.24,100.0,87.88,93.41,72.0,3,0,2,13,0
92.12,99.78,98.16,72.82,94.79,64.2,61.74,40.0,2,0,0,8,0
60.12,66.6,58.56,56.19,72.2,51.19,52.86,30.7,0,0,4,11,2
73.04,50.1,60.74,52.97,70.12,49.89,40.46,40.3,7,0,5,2,2
99.5,100.0,100.0,100.0,100.0,100.0,100.0,94.7,1,0,1,13,0
97.06,100.0,96.51,100.0,100.0,100.0,100.0,91.4,2,1,2,3,0
99.5,97.17,99.34,63.78,84.46,68.3,68.08,66.3,8,1,1,5,1
83.32,85.74,84.64,100.0,97.52,100.0,100.0,92.3,3,0,0,9,0
90.65,77.04,80.49,59.58,73.8,49.26,44.05,47.3,7,2,4,8,2
76.91,59.44,77.45,71.87,72.54,60.61,54.32,13.9,4,2,4,8,2
30.04,28.97,26.1,36.58,52.71,42.68,36.09,12.6,5,1,4,9,2
91.88,100.0,100.0,99.21,100.0,97.89,100.0,93.0,2,0,5,7,2
94.35,97.83,97.86,91.94,91.26,92.43,82.82,85.7,2,0,2,3,0
99.5,100.0,100.0,91.38,98.87,79.66,93.11,73.4,5,1,2,10,1
82.91,85.93,78.09,58.78,68.29,57.43,36.15,32.5,10,1,7,4,2
66.74,50.94,62.1,63.24,75.52,65.21,70.78,53.7,4,0,4,7,2
99.5,100.0,99.37,97.99,96.69,100.0,96.13,76.4,1,0,2,2,0
77.41,75.04,75.6,93.96,83.09,79.3,63.97,63.8,0,1,0,9,0
60.73,62.1,56.04,72.87,82.99,78.82,71.96,35.4,5,2,5,3,2
69.97,72.97,74.61,71.23,83.16,78.81,80.51,65.9,2,1,7,4,2
69.67,75.12,75.43,85.4,75.16,67.72,61.82,30.0,5,1,3,13,2
79.32,71.67,69.57,100.0,94.65,88.97,83.74,59.7,2,0,3,7,1
36.74,44.03,37.11,72.04,66.83,72.9,54.08,31.0,6,3,5,13,2
80.98,79.56,79.29,94.61,100.0,78.14,85.14,49.6,6,1,3,2,1
84.86,84.47,86.07,94.7,79.61,93.2,77.12,54.9,4,0,1,6,1
66.59,47.88,60.05,57.03,68.93,51.66,42.62,39.6,5,3,1,9,2
46.76,41.16,44.34,65.08,80.19,56.04,49.89,25.4,4,2,5,3,2
65.77,67.16,68.24,92.47,85.53,90.55,100.0,66.4,0,0,6,3,2
96.89,97.44,100.0,74.99,91.89,76.54,66.59,89.3,2,0,1,4,0
98.92,97.87,97.34,100.0,87.36,95.36,87.64,83.4,3,0,3,8,0
87.18,82.51,89.54,94.4,92.74,100.0,94.35,80.8,3,0,3,11,1
65.71,70.72,74.63,83.54,79.6,68.58,81.6,42.6,3,2,9,10,2
79.18,63.78,79.44,73.42,65.53,53.45,58.86,45.7,5,1,2,4,2
99.5,100.0,100.0,73.14,96.01,77.46,57.73,69.7,2,1,3,4,1
91.05,100.0,97.07,100.0,94.9,89.39,100.0,76.5,0,0,5,4,2
43.3,52.59,48.55,45.08,66.56,45.94,47.23,17.4,4,1,3,6,2
22.72,8.0,23.89,30.61,34.41,20.54,13.35,5.0,9,2,3,11,2
71.39,71.29,69.81,64.63,72.09,61.58,53.72,34.6,3,2,3,12,2
82.63,85.57,82.25,100.0,100.0,100.0,100.0,90.5,3,1,0,4,0
73.04,87.95,76.07,93.77,90.04,87.73,96.0,93.5,2,1,6,3,2
13.99,9.53,22.05,38.88,59.94,40.3,40.54,5.0,7,7,6,12,2
77.63,80.81,84.98,90.63,94.96,88.9,95.87,84.6,3,3,8,2,2
83.89,80.68,80.25,94.82,86.29,91.82,79.56,86.4,2,2,5,13,2
67.98,55.91,58.58,44.42,54.22,27.27,26.22,9.7,5,1,1,12,2
89.66,96.25,91.37,100.0,100.0,100.0,100.0,117.3,0,0,4,9,0
67.61,68.76,68.33,79.42,83.01,69.07,71.1,27.1,3,0,7,6,2
81.21,83.74,83.19,82.67,92.99,83.09,88.12,86.7,4,1,7,2,2
86.81,85.08,80.0,77.6,90.72,79.16,79.48,54.1,4,0,1,5,1
87.71,84.59,83.57,88.9,93.06,78.29,74.81,78.5,2,1,2,8,1
98.28,100.0,100.0,61.57,84.28,63.27,76.8,33.8,4,1,2,2,1
99.5,100.0,100.0,100.0,100.0,100.0,98.37,76.1,1,0,2,9,0
42.8,30.16,35.2,60.05,55.24,39.37,30.2,15.9,2,4,3,7,2
85.14,89.65,90.73,94.44,89.63,91.58,92.65,60.6,3,1,3,2,1
78.4,73.32,80.38,92.4,86.59,91.12,60.65,45.4,2,2,2,8,1
50.23,70.23,66.72,70.23,80.98,76.27,80.71,73.2,3,2,6,6,2
99.5,100.0,98.83,100.0,100.0,100.0,99.99,121.9,2,1,0,5,0
72.27,79.49,72.32,80.08,99.28,95.77,87.48,71.5,1,1,4,2,1
74.54,75.71,74.39,73.04,81.66,61.47,74.93,34.6,1,0,2,13,1
83.88,84.79,87.93,84.63,100.0,91.22,94.1,59.8,3,0,4,3,1
99.5,98.69,94.18,100.0,100.0,100.0,100.0,80.6,2,0,1,3,0
93.28,92.52,93.0,93.23,97.32,89.66,73.25,54.3,3,0,3,8,1
44.86,30.13,39.42,46.55,60.56,46.46,37.66,29.5,9,1,7,12,2
78.99,76.24,83.26,54.51,77.78,60.8,44.7,33.1,3,3,3,3,2
93.68,89.17,89.82,70.07,90.92,90.44,76.44,66.8,4,0,4,2,1
22.86,16.07,19.69,48.78,56.84,45.74,24.27,16.6,8,6,9,9,2
95.26,83.27,92.79,89.15,95.99,94.91,87.15,67.1,2,1,4,7,1
99.5,100.0,97.23,100.0,94.73,100.0,100.0,102.5,0,0,1,4,0
85.05,86.79,82.52,98.34,100.0,100.0,92.25,89.2,1,0,1,3,0
79.16,90.34,90.9,82.33,96.94,82.7,88.35,78.7,1,0,1,7,0
72.89,67.06,72.91,100.0,100.0,100.0,96.63,106.0,0,0,2,4,0
71.17,78.36,78.76,75.43,84.27,84.13,76.45,81.3,1,1,9,3,2
73.99,77.74,78.32,87.39,77.87,65.08,71.83,15.1,4,1,2,8,2
80.4,68.27,75.32,86.28,81.42,72.44,80.8,45.3,4,3,4,10,2
99.5,100.0,97.27,79.66,89.47,80.47,63.1,52.3,3,0,3,9,1
99.5,89.91,93.6,58.97,82.91,61.93,66.59,52.5,5,0,2,7,1
96.71,100.0,95.02,100.0,100.0,100.0,100.0,97.9,1,1,4,10,0
66.22,70.5,64.93,86.13,71.98,63.11,65.36,62.2,3,3,3,2,2
61.84,66.75,60.59,61.48,68.03,61.95,65.91,47.2,3,4,4,12,2
75.38,75.08,78.39,78.21,85.92,100.0,82.49,67.2,0,1,5,7,2
99.5,100.0,95.85,100.0,98.41,97.19,100.0,103.0,0,0,1,8,0
99.5,100.0,100.0,89.67,100.0,86.78,91.07,72.2,2,0,2,3,0
79.05,76.45,81.08,84.34,72.72,70.32,69.45,67.6,8,0,2,6,1
98.56,100.0,100.0,94.94,100.0,89.03,100.0,77.5,1,0,4,3,0
84.32,88.29,86.78,64.22,76.25,71.62,62.47,66.8,3,0,4,10,1
60.1,42.65,55.13,80.13,86.76,81.63,86.6,88.4,5,0,6,13,2
99.5,97.52,97.05,89.42,100.0,100.0,83.27,81.8,2,0,0,8,0
65.22,76.93,66.3,92.9,88.59,81.48,89.1,60.3,2,3,5,10,2
99.5,100.0,97.91,84.25,100.0,99.56,88.79,74.7,2,0,3,13,0
88.87,92.44,84.98,100.0,82.27,94.39,86.22,80.9,3,1,1,5,1
46.77,39.54,45.86,57.71,84.51,72.2,76.27,69.0,2,1,7,13,2
95.39,100.0,93.15,100.0,100.0,100.0,100.0,102.1,1,1,4,7,0
91.77,87.57,92.79,76.79,83.69,78.88,70.8,65.0,2,0,4,7,1
89.65,80.61,88.94,100.0,100.0,91.65,85.79,68.8,3,1,4,2,1
68.43,78.51,73.3,70.06,88.11,75.22,76.04,54.0,1,2,2,9,1
49.28,42.11,44.53,55.63,90.52,62.49,72.03,42.3,5,0,8,12,2
89.84,92.59,87.5,87.02,100.0,96.72,100.0,118.2,3,0,2,2,0
47.21,28.77,37.3,69.59,63.97,61.84,47.29,43.0,6,4,5,3,2
86.01,76.07,78.53,39.19,70.93,52.54,50.27,30.1,3,2,3,9,2
71.76,72.87,72.14,58.88,61.12,39.64,46.87,25.5,4,1,3,5,2
78.42,84.31,80.22,73.85,87.66,69.52,79.0,67.6,1,2,2,13,1
44.24,44.52,51.97,79.15,80.94,70.16,85.37,33.7,1,3,6,13,2
51.69,44.77,56.49,75.92,74.4,57.46,57.89,9.0,3,4,8,11,2
92.03,96.61,99.88,87.43,99.18,90.61,95.61,84.0,5,1,2,7,1
90.65,97.6,92.49,94.84,78.98,89.87,75.94,67.6,2,1,2,13,1
66.31,52.74,55.49,68.2,70.5,68.45,62.08,30.9,6,1,5,10,2
99.5,100.0,100.0,77.36,77.83,88.84,84.53,80.4,2,0,6,7,2
80.53,88.61,82.61,84.19,88.89,79.26,80.33,37.6,5,0,4,10,1
99.5,100.0,99.84,100.0,100.0,100.0,100.0,116.7,1,0,2,3,0
42.4,35.72,41.59,34.01,62.11,38.2,41.75,39.3,10,2,6,9,2
88.23,86.84,90.52,84.54,94.94,90.21,86.82,61.5,3,1,2,8,1
47.02,39.45,37.03,42.15,65.15,36.47,17.59,24.4,7,2,2,11,2
99.5,100.0,100.0,100.0,100.0,100.0,100.0,130.0,0,0,4,9,0
99.5,100.0,100.0,100.0,100.0,91.87,100.0,82.7,2,0,1,8,0
59.61,55.03,55.57,84.01,73.62,83.52,63.6,50.7,4,4,3,10,2
76.78,68.42,77.16,48.67,65.29,52.18,48.74,24.3,4,1,1,5,2
82.18,93.77,85.58,75.99,85.46,84.56,78.72,65.4,2,1,5,9,2
66.59,60.91,64.57,26.43,57.28,34.89,17.06,5.0,5,2,3,10,2
73.43,81.19,75.79,92.69,91.57,79.33,95.64,100.4,3,2,5,6,2
39.76,20.42,29.51,50.21,52.95,54.49,48.29,14.3,3,5,4,9,2
86.78,99.41,86.56,100.0,90.95,100.0,95.67,87.3,0,2,0,11,0
68.31,60.96,76.45,63.32,71.25,45.66,46.93,28.5,2,1,5,9,2
83.87,90.17,88.78,96.73,89.51,86.98,77.08,59.5,2,1,1,9,0
89.76,92.41,91.32,100.0,100.0,100.0,91.41,106.8,0,0,3,9,0
63.81,77.76,76.36,89.65,84.96,81.16,86.3,57.6,1,1,7,12,2
56.43,47.2,46.2,68.67,74.15,69.27,56.13,51.0,2,1,4,11,2
81.98,97.66,86.96,81.63,85.48,71.67,69.02,58.0,2,1,5,10,2
63.87,52.84,57.21,19.71,55.72,31.29,6.58,6.4,9,1,8,9,2
74.61,73.12,72.07,77.74,76.25,62.83,74.99,31.2,3,1,4,5,2
98.4,91.08,95.74,73.63,97.31,68.92,67.69,24.3,5,1,0,4,1
60.47,55.98,57.01,73.01,75.04,73.63,69.38,67.4,3,3,5,9,2
84.46,88.18,78.75,91.81,100.0,91.36,95.95,80.0,0,0,2,7,0
71.99,79.55,70.8,90.07,100.0,100.0,100.0,104.4,2,3,9,12,2
69.27,72.37,66.76,71.99,67.99,76.96,65.07,97.3,1,1,6,10,2
88.55,92.02,88.09,79.96,90.07,89.96,90.97,78.3,3,0,4,4,1
91.02,100.0,90.62,97.54,100.0,97.18,93.85,83.5,1,0,6,6,2
80.75,89.75,83.46,72.51,95.31,59.51,57.96,59.3,2,0,3,3,1
95.54,100.0,96.65,100.0,100.0,99.0,84.15,65.9,3,0,3,2,0
40.89,45.34,33.96,88.12,84.25,81.38,83.05,47.9,2,2,9,7,2
69.19,78.05,68.27,84.74,90.5,88.8,100.0,94.0,1,1,8,10,2
95.73,87.96,93.64,82.15,96.17,71.61,52.25,50.7,3,1,2,13,1
71.27,73.01,71.48,71.97,88.55,81.37,74.23,55.0,1,1,5,6,2
99.5,96.39,91.29,91.74,80.94,100.0,82.47,58.0,2,0,1,7,0
85.65,93.52,91.86,73.44,83.73,74.62,89.45,67.1,1,1,1,11,0
94.19,100.0,98.82,100.0,100.0,100.0,95.85,118.8,1,2,8,2,2
36.27,35.14,45.16,38.67,46.98,30.82,31.75,5.0,5,1,5,7,2
81.53,95.07,93.73,96.87,95.25,97.33,90.99,88.4,0,2,2,3,0
73.14,73.82,69.99,54.29,86.11,58.62,63.26,54.1,4,0,3,13,2
88.4,83.98,86.21,70.41,85.12,73.58,81.36,60.7,2,2,4,12,1
91.53,78.05,86.54,84.75,88.21,83.27,76.36,78.2,3,0,3,8,1
87.95,97.8,96.79,97.95,100.0,100.0,100.0,107.0,2,0,1,11,0
65.29,64.67,63.91,83.12,85.3,77.69,67.27,84.4,2,0,4,8,1
29.43,28.6,34.5,45.91,60.52,41.7,26.08,20.4,4,1,8,5,2
99.5,100.0,100.0,100.0,100.0,100.0,100.0,90.0,0,0,2,11,0
91.86,95.22,89.95,69.76,90.85,72.25,63.8,44.9,2,1,2,12,1
99.5,100.0,94.97,91.07,91.42,85.49,100.0,86.5,2,0,3,8,0
87.21,76.46,87.2,88.42,82.64,83.89,82.44,47.3,4,0,2,10,1
47.16,55.1,54.04,75.09,77.52,75.85,67.5,55.2,3,3,5,8,2
40.66,30.25,41.08,59.68,81.66,65.07,60.0,36.9,4,6,6,13,2
53.23,45.18,39.85,74.95,68.56,55.81,65.25,63.2,4,1,6,13,2
99.5,100.0,99.17,93.61,99.36,100.0,98.44,68.2,0,0,1,2,0
99.5,100.0,100.0,96.74,97.85,86.42,100.0,122.5,1,0,2,6,0
72.42,66.46,64.43,56.23,67.88,73.69,65.01,19.1,3,1,6,12,2
96.33,95.77,98.39,86.66,91.27,82.29,81.97,47.5,3,0,1,4,0
68.68,77.65,69.88,75.15,83.31,83.3,97.15,88.4,5,2,1,4,2
99.5,95.5,94.21,100.0,96.31,92.98,100.0,75.6,1,0,0,8,0
91.34,95.61,90.05,99.55,99.85,97.29,100.0,101.4,1,0,4,10,0
13.63,8.0,17.81,52.79,57.53,53.16,48.09,26.9,6,2,8,4,2
72.53,68.6,74.62,97.24,93.75,93.17,84.14,59.0,4,0,4,9,1
52.06,32.84,44.28,50.6,59.28,38.03,55.09,5.0,6,1,3,13,2
79.26,85.34,90.37,78.04,85.41,67.08,72.28,52.6,1,0,1,12,1
94.77,100.0,89.59,100.0,100.0,100.0,100.0,109.2,1,0,4,13,0
95.87,96.33,93.48,92.5,96.48,100.0,91.08,86.3,1,0,7,3,2
88.76,70.57,88.25,98.39,98.47,98.24,100.0,86.1,0,1,2,12,0
76.56,60.17,69.62,65.95,75.3,54.85,53.99,35.4,1,0,1,3,1
76.87,70.98,73.8,95.48,91.77,81.69,70.71,43.6,5,3,1,3,2
71.58,65.84,68.91,54.0,71.69,46.51,55.2,30.8,8,0,4,2,2
46.78,48.33,45.54,55.01,64.76,46.12,51.22,50.8,3,2,10,9,2
75.84,72.01,78.1,100.0,100.0,100.0,94.8,86.1,3,5,7,13,2
99.5,99.24,96.1,100.0,100.0,100.0,100.0,112.4,0,0,2,13,0
90.98,82.33,98.45,91.17,90.56,83.49,86.26,68.8,2,0,7,5,2
77.33,71.97,69.64,52.02,64.84,50.73,46.64,20.4,2,0,2,7,2
58.28,42.77,59.16,78.69,66.09,88.8,64.82,59.2,3,2,4,5,2
92.55,83.83,92.54,68.82,100.0,89.07,85.41,61.9,1,2,2,3,1
57.26,59.03,55.21,66.49,87.88,66.6,54.28,66.3,2,2,4,10,2
80.1,92.85,85.97,80.51,91.22,83.62,97.26,73.1,5,2,3,9,2
96.02,98.77,100.0,81.41,89.33,79.4,59.07,86.1,2,0,3,2,1
97.38,96.32,99.48,81.67,89.08,96.12,70.57,60.2,0,0,1,4,0
45.83,62.9,44.71,69.48,73.3,76.13,73.25,36.2,2,5,6,4,2
81.35,82.05,83.16,95.41,92.58,100.0,86.3,74.6,2,0,2,2,0
99.5,98.93,93.73,100.0,98.07,92.95,86.73,80.4,1,1,0,2,0
86.15,87.41,90.82,100.0,100.0,100.0,86.5,95.2,0,0,3,5,0
75.76,88.57,84.91,86.84,80.8,84.96,79.5,62.8,2,1,3,2,1
85.7,91.54,82.44,84.66,90.22,71.31,87.99,48.1,3,0,4,3,1
85.42,93.17,80.46,85.41,79.25,81.01,70.77,90.2,1,1,3,3,1
73.97,78.04,74.3,78.72,95.59,91.02,72.96,61.9,2,0,1,4,1
62.94,56.09,59.37,69.03,67.11,53.39,51.32,30.6,5,2,4,2,2
80.22,82.56,81.14,93.09,94.19,100.0,100.0,83.9,4,1,1,7,1
39.71,27.48,36.75,71.77,64.07,43.98,50.34,31.2,8,0,12,12,2
90.52,87.31,88.68,62.86,88.07,70.52,62.03,52.3,6,0,2,8,1
92.14,98.92,95.13,92.27,99.1,94.78,91.47,92.7,1,0,1,11,0
27.76,19.17,21.16,45.03,66.2,41.76,27.01,26.5,5,6,10,12,2
98.54,100.0,94.99,85.59,87.09,83.67,87.3,69.7,1,0,5,7,2
91.06,96.52,95.55,96.16,96.68,100.0,88.57,66.0,2,0,0,10,0
37.37,32.74,37.69,43.99,57.63,43.82,42.69,12.4,6,5,4,10,2
53.48,48.21,50.05,71.32,86.12,72.9,78.02,59.0,5,4,2,12,2
86.55,82.1,80.65,88.63,96.85,96.66,88.75,91.4,2,0,0,8,0
55.69,40.81,56.24,55.4,59.77,50.11,33.62,5.0,6,7,5,7,2
67.19,75.49,77.19,79.57,80.6,68.16,66.69,60.1,6,3,2,8,2
94.35,81.1,93.87,63.47,88.07,83.9,77.38,56.0,4,1,0,13,1
76.56,77.58,79.48,76.51,79.9,67.08,68.42,59.8,2,4,3,12,2
75.49,82.96,73.97,100.0,94.68,100.0,99.45,93.5,3,1,5,4,2
76.05,74.35,80.53,88.62,89.59,88.67,94.13,79.8,1,2,4,9,1
29.36,25.51,30.21,66.52,62.23,65.8,60.95,28.7,5,0,6,7,2
63.58,64.78,59.94,77.25,82.51,67.18,65.39,31.4,1,2,3,11,2
82.89,71.0,81.19,64.28,83.89,64.45,62.24,30.2,8,0,2,7,2
83.43,73.78,77.72,70.01,76.85,45.35,54.95,42.8,2,5,6,9,2
48.02,48.15,51.38,91.0,77.48,77.96,68.0,79.9,3,1,12,12,2
93.56,97.63,99.69,91.55,96.39,90.24,97.0,82.3,4,1,1,6,0
53.44,34.6,48.36,44.5,66.6,42.49,41.65,32.7,8,3,5,6,2
83.55,81.97,79.61,74.6,73.28,79.38,50.13,49.0,2,0,3,4,1
82.62,83.79,85.54,77.95,80.14,72.39,65.67,55.0,2,0,2,9,1
75.04,81.01,79.55,77.48,76.21,72.04,58.86,52.3,3,0,3,2,1
88.64,88.68,85.85,80.07,91.98,74.34,89.63,57.8,1,1,3,3,1
63.28,62.81,61.74,93.51,84.98,96.51,77.87,100.5,6,0,6,8,2
89.39,100.0,100.0,100.0,99.84,100.0,90.75,97.8,1,0,3,10,0
99.5,100.0,100.0,97.07,100.0,95.44,85.32,84.7,1,0,0,9,0
79.76,72.9,74.96,98.06,84.22,96.64,94.57,66.6,1,1,6,3,2
45.72,37.08,34.35,65.49,68.83,49.97,46.81,46.8,7,2,5,2,2
94.22,82.32,95.63,100.0,100.0,95.08,83.47,62.3,3,0,1,5,0
70.41,64.25,76.55,69.64,89.26,79.87,63.9,45.0,4,1,2,11,2
50.48,59.09,60.05,73.55,74.08,70.69,68.81,23.6,4,1,6,6,2
93.26,85.74,88.98,87.89,94.44,66.5,82.31,43.0,3,0,3,5,1
30.02,29.32,32.44,78.25,78.28,54.25,56.34,40.0,4,4,7,5,2
99.5,100.0,95.99,91.44,100.0,93.22,84.57,83.8,3,0,1,11,0
99.5,100.0,100.0,100.0,100.0,89.85,92.52,70.0,0,0,0,5,0
99.09,99.82,97.04,91.11,100.0,82.69,86.45,81.4,2,0,2,7,0
40.2,45.66,39.73,72.12,62.1,63.4,49.02,34.3,7,4,4,11,2
84.71,100.0,90.18,100.0,100.0,100.0,100.0,104.7,2,0,3,2,0
64.55,78.35,67.55,63.83,85.77,73.26,51.67,5.3,4,4,2,13,2
84.8,67.33,81.1,74.83,97.61,83.84,80.22,80.4,5,1,3,9,2
99.5,100.0,96.27,74.46,93.95,100.0,100.0,90.1,1,0,1,8,0
31.45,8.0,32.89,40.7,53.2,27.66,19.9,5.0,9,2,5,13,2
82.35,80.95,84.02,73.74,88.2,76.7,69.8,70.6,1,4,3,12,2
99.5,100.0,98.29,92.74,99.29,84.97,100.0,97.4,0,0,3,2,0
76.31,65.52,68.3,74.68,78.65,70.56,64.69,25.5,4,1,6,3,2
43.27,31.98,37.74,58.49,55.67,63.47,44.54,34.2,7,3,5,11,2
83.5,88.82,84.69,100.0,100.0,100.0,99.99,90.4,0,0,1,5,0
95.41,99.35,95.82,81.7,100.0,81.89,82.55,45.3,2,1,1,9,0
38.2,21.52,29.88,47.28,60.13,41.43,46.19,18.5,5,1,7,4,2
77.2,70.55,71.38,74.57,88.58,74.86,79.04,41.1,4,0,2,12,1
22.79,20.19,25.43,64.58,54.23,49.42,49.49,36.7,3,5,2,5,2
50.22,56.22,58.15,83.99,74.38,95.17,72.84,66.6,1,1,4,13,2
63.66,82.06,67.2,81.03,73.88,73.96,66.97,71.2,3,1,5,6,2
78.81,85.9,81.31,99.51,97.05,95.88,91.44,88.8,1,0,5,12,2
86.07,98.29,83.52,99.25,100.0,100.0,100.0,115.3,1,0,2,11,0
84.54,87.85,83.61,100.0,89.33,100.0,97.73,81.2,1,3,1,7,1
97.72,100.0,100.0,84.01,85.43,75.29,76.99,75.6,4,4,2,12,2
30.88,15.31,29.76,42.91,56.0,49.3,46.19,17.1,6,3,5,2,2
73.12,73.71,75.82,81.73,89.04,88.07,78.55,62.0,3,3,2,11,2
87.13,90.62,83.83,88.77,91.63,81.61,74.54,93.2,2,1,3,13,1
79.33,81.63,77.42,76.21,87.98,67.54,65.95,38.4,6,3,8,4,2
84.53,93.34,85.81,84.75,81.36,88.1,83.71,67.1,0,4,6,4,2
81.18,84.45,86.51,89.37,100.0,90.34,100.0,94.6,2,0,5,9,2
82.05,86.88,89.09,85.13,70.34,77.03,62.0,57.4,3,0,3,7,1
68.94,55.15,63.73,66.7,82.11,59.82,56.03,25.9,2,1,7,7,2
81.44,91.18,88.78,100.0,100.0,100.0,100.0,84.1,0,0,5,6,2
76.37,63.68,68.64,67.27,82.81,85.66,73.44,60.2,2,1,5,4,2
55.63,52.52,55.77,64.8,87.39,73.85,70.67,52.9,5,0,4,5,2
31.14,48.0,41.79,79.36,68.5,62.83,72.06,40.8,3,2,8,4,2
85.21,91.34,93.96,93.26,95.2,81.7,91.62,83.8,3,0,1,6,0
77.87,73.78,71.72,84.27,89.03,71.03,76.34,75.6,2,0,2,9,1
93.37,100.0,100.0,96.24,100.0,100.0,89.8,95.5,1,0,5,6,2
71.22,72.56,81.43,84.37,81.66,90.57,78.78,67.7,3,3,5,7,2
89.86,80.05,80.52,68.29,82.07,62.08,60.09,60.3,4,1,2,7,1
63.07,43.64,49.42,64.43,70.14,53.2,52.9,20.6,6,1,5,12,2
52.76,40.75,54.79,31.25,51.08,16.28,5.0,5.0,7,0,0,6,2
81.91,79.61,79.62,81.5,86.29,58.12,76.04,47.2,5,1,3,7,2
66.19,62.59,64.22,82.96,75.46,84.3,60.53,50.5,2,2,5,8,2
94.65,100.0,100.0,96.98,97.46,95.49,89.66,107.6,3,0,5,7,2
69.06,76.64,68.68,67.35,75.18,66.22,70.69,56.4,4,1,3,11,2
99.5,100.0,100.0,93.94,90.09,100.0,93.72,101.2,2,0,2,13,0
72.13,71.7,66.82,100.0,84.03,96.89,78.1,52.2,2,4,9,7,2
84.23,85.24,88.42,77.54,88.54,75.11,75.02,49.8,2,3,9,5,2
62.01,68.24,68.17,68.56,85.84,62.87,64.65,63.5,4,1,3,9,2
99.5,100.0,100.0,74.28,100.0,76.79,75.94,64.9,2,0,0,7,0
73.66,76.83,75.28,69.63,81.08,69.58,75.59,38.4,2,4,4,5,2
75.94,72.17,74.81,74.28,84.37,75.44,53.54,71.7,3,2,3,8,2
80.29,93.98,85.17,100.0,93.67,98.83,87.52,65.5,3,1,2,9,1
99.5,100.0,99.76,86.89,100.0,84.35,76.77,81.1,3,0,0,4,0
63.67,59.66,66.0,34.9,50.19,24.18,38.09,5.0,5,3,1,9,2
93.52,100.0,89.2,82.68,80.44,86.2,82.46,67.9,3,1,1,5,1
99.5,100.0,100.0,100.0,97.55,100.0,100.0,94.6,2,0,1,8,0
89.69,100.0,94.72,87.79,96.41,89.66,92.03,94.9,3,2,2,6,1
93.42,100.0,100.0,100.0,96.57,79.86,86.63,70.1,2,1,4,11,1
56.95,58.52,58.91,81.79,78.4,86.0,89.46,46.0,1,0,6,6,2
57.15,47.62,53.93,75.29,70.75,69.32,57.31,43.5,2,1,5,11,2
98.12,96.13,100.0,93.51,98.31,84.07,93.76,58.0,1,0,2,6,0
69.73,67.67,64.31,74.37,86.43,94.25,99.13,73.4,2,5,3,2,2
66.16,55.85,58.33,68.98,70.65,60.78,66.2,42.6,1,2,3,4,2
84.44,82.9,83.41,74.2,83.75,77.18,75.06,76.4,3,0,2,12,1
95.75,100.0,98.03,86.9,100.0,98.4,93.49,71.4,1,0,3,8,0
99.5,100.0,100.0,99.69,100.0,94.04,95.09,81.8,1,0,0,9,0
74.81,71.49,74.22,98.54,95.36,98.72,82.09,76.0,1,0,2,6,0
97.0,100.0,100.0,91.5,88.21,85.17,84.77,82.2,2,0,4,2,0
78.65,88.32,71.97,100.0,91.91,100.0,98.61,100.7,2,1,5,12,2
94.78,100.0,100.0,98.68,89.89,100.0,89.6,63.6,2,0,3,9,0
99.5,100.0,98.4,100.0,96.91,80.14,91.71,116.2,2,0,1,4,0
88.11,100.0,95.71,69.55,86.01,72.42,71.12,61.3,4,0,3,3,1
81.07,79.67,85.69,81.35,88.72,95.76,93.19,74.2,5,1,4,8,2
63.96,65.55,59.65,92.26,87.26,100.0,98.33,58.7,4,2,2,6,2
63.05,69.56,71.66,100.0,90.14,100.0,100.0,88.0,1,0,1,12,0
84.67,86.09,88.58,68.69,79.87,68.71,66.34,41.0,5,0,2,9,1
87.77,88.67,95.57,66.87,89.98,68.09,73.62,44.0,3,0,5,10,2
82.42,80.76,82.45,76.18,76.79,61.08,73.02,55.4,5,1,3,6,2
52.37,56.16,54.15,86.32,73.68,75.89,76.44,62.9,3,1,6,6,2
99.5,100.0,97.08,93.37,94.2,90.65,85.99,112.0,0,0,1,6,0
53.89,52.3,50.82,75.61,80.89,63.88,70.86,30.2,3,1,8,4,2
94.87,100.0,96.92,100.0,100.0,100.0,100.0,119.9,0,0,2,2,0
55.85,59.61,59.97,92.28,70.61,78.21,64.25,41.9,2,2,2,13,2
79.38,82.17,83.8,98.43,86.85,100.0,86.28,92.2,1,1,5,4,2
69.36,83.17,70.92,92.71,94.5,94.2,82.5,79.9,0,2,6,12,2
90.17,77.56,85.32,85.52,98.01,86.72,88.35,78.3,2,2,6,11,2
48.13,38.4,45.68,55.92,68.88,66.16,66.38,59.9,4,3,4,3,2
80.86,84.94,74.14,88.4,99.86,94.54,100.0,68.0,1,0,3,2,0
76.9,71.26,78.55,91.67,91.07,85.65,92.65,52.5,2,1,5,10,2
97.56,100.0,97.79,100.0,100.0,90.87,85.31,79.6,2,0,2,13,0
99.5,100.0,100.0,100.0,99.45,99.13,100.0,72.6,0,0,5,13,2
81.47,95.58,92.99,81.62,98.78,75.52,66.98,73.5,2,1,4,4,1
67.58,57.12,59.96,55.68,70.65,54.54,36.1,24.7,4,3,1,4,2
69.17,73.37,67.62,86.82,76.5,74.18,58.07,32.1,1,0,6,8,2
99.5,100.0,90.86,81.67,100.0,68.64,75.94,81.0,2,0,0,10,0
73.2,74.47,73.69,73.14,77.53,77.4,63.97,64.6,3,3,7,3,2
93.68,100.0,100.0,86.11,94.51,85.25,77.21,54.1,1,0,3,2,0
99.5,100.0,91.54,100.0,100.0,100.0,100.0,116.4,1,0,6,7,2
46.03,54.7,45.46,73.05,70.04,68.86,59.09,44.8,3,5,8,3,2
98.81,96.83,98.98,93.04,100.0,100.0,77.68,52.2,2,0,3,11,0
89.24,80.34,84.28,90.71,91.74,85.35,89.82,87.2,4,1,0,5,1
43.27,38.42,39.89,70.94,73.32,50.4,59.84,44.9,2,4,3,10,2
82.24,80.09,82.31,70.56,85.99,76.87,67.74,68.0,4,2,0,9,1
40.62,37.04,46.87,40.55,66.02,51.87,33.89,5.0,9,1,3,6,2
70.82,73.99,72.46,66.37,86.68,68.74,60.68,51.8,3,1,5,5,2
42.76,35.89,41.38,65.19,74.93,64.06,71.38,50.8,2,2,7,8,2
74.66,66.69,73.83,82.42,93.92,78.18,77.23,67.3,4,1,1,12,1
41.54,47.7,36.36,63.34,62.2,66.19,45.46,13.0,7,6,6,6,2
87.37,88.08,89.21,73.56,90.16,84.85,76.89,73.2,2,2,1,5,1
42.24,41.69,36.13,94.43,90.96,82.01,96.08,60.5,1,1,9,4,2
59.01,58.03,59.02,52.49,70.21,64.04,63.88,54.8,3,5,5,8,2
40.37,23.41,38.57,43.87,47.06,28.73,25.5,5.0,6,4,6,5,2
96.93,97.27,95.66,94.91,98.21,92.88,87.28,104.5,2,0,4,9,0
83.32,93.12,91.61,76.07,90.84,89.05,98.5,65.5,4,0,5,6,2
46.11,37.57,36.23,65.72,85.49,75.22,46.24,28.8,3,2,3,4,2
88.07,83.8,87.82,93.86,93.46,100.0,94.25,115.1,1,1,2,8,0
45.95,33.84,42.78,43.57,48.28,25.5,24.78,5.0,6,5,4,10,2
99.5,100.0,89.17,85.41,100.0,80.11,75.33,67.3,1,0,3,10,0
77.85,90.77,85.08,85.46,100.0,74.07,75.03,81.3,3,1,2,11,1
70.88,73.38,60.15,74.18,73.59,80.7,68.85,61.7,4,1,2,7,2
99.5,100.0,100.0,100.0,100.0,100.0,100.0,116.6,2,0,1,4,0
99.5,100.0,100.0,100.0,100.0,100.0,100.0,124.0,0,1,3,5,0
95.11,100.0,95.51,100.0,92.26,100.0,100.0,86.0,1,0,6,10,2
99.5,99.64,100.0,100.0,100.0,100.0,100.0,109.0,0,1,0,12,0
56.87,60.04,67.38,66.1,69.64,60.33,43.17,65.1,4,2,6,11,2
58.97,56.52,56.1,67.33,68.02,62.35,49.01,46.5,5,4,4,9,2
80.91,81.7,76.77,76.22,86.11,73.53,70.82,57.4,1,1,5,4,2
91.4,100.0,100.0,100.0,100.0,100.0,100.0,101.2,2,1,1,3,0
51.04,43.98,49.37,57.9,60.96,67.75,46.32,36.0,4,4,8,8,2
49.8,47.76,53.88,81.82,84.73,82.34,81.98,49.3,3,2,7,13,2
70.1,63.59,61.28,63.38,79.31,75.13,77.52,75.0,1,1,2,3,1
92.84,100.0,85.86,100.0,100.0,100.0,100.0,103.6,1,0,2,11,0
85.82,87.53,83.14,94.56,95.94,93.16,75.92,80.6,1,0,2,6,0
46.88,41.95,44.43,65.58,68.02,52.72,53.52,79.7,4,3,2,11,2
61.64,60.0,59.05,57.62,61.93,49.56,40.04,7.3,7,1,7,4,2
88.91,90.83,87.66,84.66,78.34,89.14,67.49,58.9,3,1,5,7,2
46.55,22.84,30.17,55.77,66.32,46.48,31.88,25.0,4,1,6,7,2
99.5,100.0,100.0,100.0,100.0,100.0,100.0,121.0,1,0,2,11,0
70.58,68.58,68.88,71.22,89.34,88.78,64.61,50.6,3,0,3,11,1
80.34,74.37,69.38,83.36,79.76,77.37,76.75,64.7,3,3,2,3,2
72.88,70.18,70.72,68.0,79.67,75.83,64.54,51.8,3,0,2,5,1
85.0,82.55,83.64,78.23,81.13,81.45,86.82,45.7,5,0,2,6,1
42.27,33.21,43.16,48.4,58.17,40.62,36.47,17.7,9,6,3,9,2
41.48,29.79,34.99,31.59,53.61,26.02,9.08,5.0,13,5,7,13,2
93.69,81.23,92.94,82.76,88.65,84.76,82.62,55.2,6,0,1,8,1
62.47,61.29,65.55,56.65,63.48,39.65,46.61,5.0,9,1,4,13,2
65.55,78.69,67.34,88.1,85.95,100.0,83.5,83.0,1,1,3,11,1
62.18,45.85,58.76,69.62,66.8,52.67,66.0,55.7,3,1,1,12,2
41.87,39.87,45.76,59.14,57.53,46.55,39.78,5.0,2,0,1,5,2
59.34,53.24,61.48,71.18,77.3,85.57,82.5,57.1,3,1,5,10,2
95.0,95.61,96.71,97.96,93.87,81.67,85.08,82.8,0,0,5,4,2
76.64,78.07,76.82,74.28,80.83,68.33,71.65,47.7,4,2,2,5,2
29.18,32.22,24.93,54.05,67.7,55.05,37.87,12.3,3,1,10,5,2
44.41,47.6,50.43,79.98,83.74,76.87,100.0,52.8,2,4,7,13,2
83.29,73.18,73.64,59.58,88.99,68.82,71.24,46.0,1,0,2,12,1
87.31,90.33,87.84,90.49,85.03,97.72,91.66,95.2,3,2,5,13,2
62.9,63.88,67.65,61.18,67.63,56.89,58.81,22.4,2,3,7,6,2
73.97,69.13,68.17,68.06,81.1,82.88,77.24,68.1,3,0,2,11,1
90.44,91.27,90.75,86.74,100.0,94.76,100.0,78.5,3,0,2,8,0
83.38,81.16,76.25,71.75,86.01,65.8,76.63,54.4,7,3,3,4,2
72.51,79.46,73.72,85.13,92.98,93.79,81.63,63.1,2,5,3,11,2
34.72,31.72,29.6,78.46,86.65,80.27,88.35,53.5,4,3,8,5,2
63.05,63.21,59.99,71.52,75.96,75.78,63.0,63.7,6,0,3,11,2
71.42,66.23,71.75,92.3,89.13,90.71,93.65,70.0,3,1,3,8,1
63.05,65.46,66.63,82.62,78.58,79.91,73.53,33.8,8,3,6,8,2
86.16,78.33,80.91,98.09,87.87,99.85,97.34,75.8,1,1,5,2,2
99.5,100.0,100.0,93.72,100.0,91.0,92.65,84.5,3,0,3,5,0
53.67,59.67,54.14,70.45,74.73,79.01,64.78,62.1,3,2,3,12,2
79.71,75.7,76.8,67.03,70.92,57.13,56.56,12.1,4,1,1,3,2
64.19,62.96,59.13,58.68,74.3,54.36,53.98,19.8,5,2,6,10,2
87.58,93.1,87.62,85.84,89.31,88.38,95.84,56.6,2,3,4,8,1
53.85,39.23,40.44,56.32,65.25,58.06,35.27,5.0,4,3,6,7,2
65.2,57.63,70.78,82.74,73.32,79.69,72.38,84.9,5,2,5,11,2
51.03,44.0,53.2,61.87,67.63,69.36,37.12,29.2,2,2,5,6,2
67.1,54.64,72.19,26.34,66.34,31.04,21.59,5.0,7,5,5,7,2
93.04,94.14,98.02,93.56,100.0,100.0,90.29,87.1,2,0,3,5,0
64.45,53.56,61.58,69.76,82.05,65.41,52.44,33.2,3,3,2,5,2
74.77,54.92,58.52,85.31,82.03,80.64,74.34,50.5,4,2,4,3,2
78.44,95.01,88.93,93.19,94.58,88.27,75.51,85.2,1,3,6,8,2
47.46,55.21,55.85,47.06,61.63,44.56,52.31,50.0,4,3,10,3,2
67.42,57.69,59.22,65.46,67.23,73.21,56.69,49.2,7,1,2,5,2
99.5,94.19,99.77,100.0,100.0,100.0,88.32,69.2,2,3,5,8,2
99.5,100.0,100.0,85.81,100.0,83.92,88.58,63.8,3,0,1,10,0
58.77,39.35,51.16,58.03,68.0,60.63,51.11,25.5,8,2,6,12,2
56.04,57.26,58.76,59.57,66.45,54.97,42.08,25.4,6,2,4,6,2
61.33,55.21,60.93,42.06,44.81,25.41,42.94,5.0,11,1,7,11,2
73.68,70.67,68.61,67.99,76.47,60.7,66.3,39.1,1,0,4,10,1
90.99,100.0,98.35,98.98,100.0,92.49,95.78,91.7,2,0,5,4,2
48.99,41.71,40.44,59.49,70.43,56.54,65.69,51.3,5,1,4,8,2
59.81,66.67,64.42,81.15,76.91,76.01,95.47,62.1,2,4,3,10,2
94.74,93.65,95.56,75.59,90.74,68.83,68.47,47.7,2,1,3,4,1
54.87,39.26,45.99,44.4,58.85,52.27,38.28,30.0,2,1,9,10,2
97.79,100.0,100.0,86.14,100.0,97.51,97.75,93.8,4,0,3,2,0
67.39,65.65,59.21,98.29,92.13,93.44,82.06,74.1,2,5,6,12,2
92.17,93.42,93.77,89.7,95.02,96.66,91.64,92.2,0,1,2,4,0
90.14,96.75,93.49,100.0,94.91,69.04,87.86,71.7,3,0,5,3,2
92.3,100.0,100.0,100.0,90.65,80.35,89.82,116.8,1,0,1,6,0
61.49,51.64,60.43,85.25,75.31,79.64,66.56,57.6,2,2,2,10,2
80.31,87.62,74.23,48.41,83.32,54.71,69.03,37.9,3,2,3,6,2
57.94,53.81,54.55,59.62,73.73,61.41,48.29,11.8,6,4,6,4,2
90.56,94.68,98.63,79.49,94.43,93.22,93.47,91.1,3,0,5,9,2
99.5,100.0,99.08,97.51,97.54,95.4,75.81,78.7,4,0,1,9,0
97.08,100.0,93.75,93.3,98.14,99.68,95.71,80.8,1,0,0,6,0
70.52,57.01,65.18,79.53,67.04,61.31,64.06,23.2,6,0,3,6,2
68.63,74.13,77.43,77.99,87.49,79.58,68.94,55.0,7,5,8,5,2
60.48,62.3,57.78,80.36,82.42,83.94,70.91,52.8,5,1,4,2,2
79.26,76.16,73.89,74.95,79.39,78.58,76.11,32.9,5,3,1,10,2
50.13,52.2,50.01,77.8,77.28,78.89,67.89,68.6,1,2,6,11,2
98.77,100.0,96.64,100.0,100.0,89.91,91.69,93.9,2,0,3,2,0
68.53,64.58,69.97,66.53,66.41,58.38,64.4,46.3,5,3,2,12,2
96.38,100.0,96.35,91.07,91.82,77.15,79.83,66.5,5,0,1,7,1
85.96,85.56,87.22,84.72,80.99,75.31,81.18,83.7,2,0,4,5,1
58.89,57.73,64.97,96.32,85.62,88.29,100.0,116.4,0,3,5,2,2
31.51,28.98,26.76,39.54,50.57,32.61,27.01,6.6,3,2,8,8,2
54.72,42.79,54.34,59.15,77.2,57.65,46.58,34.1,4,3,2,11,2
85.11,99.1,94.05,91.92,100.0,93.86,99.73,88.3,1,1,6,4,2
44.58,39.1,37.53,62.88,79.13,58.74,50.79,28.3,5,5,4,4,2
48.99,54.85,56.72,76.42,72.81,65.51,66.81,27.6,4,2,3,13,2
74.14,91.75,75.91,91.93,95.32,100.0,100.0,88.0,1,0,4,13,0
32.05,30.17,25.51,76.12,68.98,69.52,69.74,57.5,3,5,6,9,2
82.05,94.51,83.42,96.65,95.66,100.0,93.49,89.1,0,2,3,5,0
77.45,79.76,75.11,65.85,83.5,63.0,73.59,32.5,5,0,3,10,2
51.19,44.69,47.34,45.93,61.57,40.69,56.22,27.8,6,1,9,7,2
76.66,77.83,72.67,64.5,80.92,61.46,48.71,42.5,6,4,3,13,2
62.47,63.53,65.15,70.89,83.3,97.12,100.0,114.5,0,1,9,6,2
99.5,100.0,99.17,89.28,100.0,96.63,81.61,86.0,1,1,2,11,0
62.9,58.06,61.79,50.31,67.5,51.68,34.05,32.0,3,2,2,9,2
80.32,79.01,82.54,90.02,100.0,85.42,89.07,73.7,1,1,4,3,1
78.85,74.51,83.3,77.23,79.89,73.86,69.11,60.5,6,0,4,4,2
99.5,100.0,97.95,100.0,100.0,100.0,100.0,86.0,1,0,2,8,0
83.3,75.07,77.72,65.52,86.26,65.53,62.19,49.4,1,0,5,8,2
69.7,79.3,76.55,60.77,86.29,53.54,55.7,28.0,4,1,6,5,2
81.12,84.11,87.27,41.89,74.7,46.38,26.32,25.6,4,1,3,12,2
50.94,34.43,44.99,56.69,57.72,49.74,37.03,20.1,8,0,5,11,2
74.82,79.48,76.87,85.25,86.01,62.76,55.23,51.2,3,0,3,4,1
74.05,65.66,70.02,62.04,70.3,72.81,61.11,66.8,3,1,2,5,2
78.73,78.34,76.11,100.0,94.28,96.65,100.0,110.3,4,2,3,10,1
79.59,73.47,75.69,76.57,72.29,82.9,60.97,61.7,5,3,2,4,2
72.78,67.42,70.42,73.49,78.91,74.0,89.85,69.2,3,1,3,9,2
78.48,82.06,82.49,64.85,83.56,73.2,57.61,51.5,2,2,3,13,2
68.14,72.41,73.12,80.77,89.86,95.26,90.29,81.0,2,2,2,9,1
65.93,68.18,63.12,81.13,85.9,63.57,73.24,56.7,3,3,2,8,2
77.86,76.11,77.45,78.57,75.97,66.45,48.6,59.0,3,0,7,3,2
29.59,18.63,22.56,47.59,48.39,47.87,34.39,14.8,8,2,10,8,2
99.5,100.0,98.66,100.0,100.0,100.0,100.0,115.2,0,1,3,2,0
84.91,95.62,89.5,76.76,92.29,81.54,84.21,90.1,0,2,3,3,1
75.81,73.37,78.72,80.27,70.85,72.92,64.5,68.9,1,3,5,8,2
96.31,100.0,97.15,87.65,94.55,98.76,77.23,92.4,3,2,1,10,1
87.09,84.15,87.75,84.09,82.82,92.24,62.83,66.2,2,0,3,7,1
68.76,72.05,65.73,84.73,76.39,85.16,89.99,73.5,5,0,3,13,2
82.55,83.49,78.36,63.42,81.71,61.99,54.66,35.0,3,2,4,9,2
59.76,68.24,61.95,76.87,75.03,86.5,81.52,53.8,2,1,6,5,2
99.5,100.0,100.0,86.7,95.57,98.92,100.0,86.5,2,0,2,12,0
98.69,100.0,96.04,100.0,98.67,100.0,72.22,89.6,1,0,4,8,0
94.76,100.0,97.36,99.36,85.89,83.25,94.82,65.8,4,0,4,2,1
96.82,100.0,99.66,100.0,100.0,100.0,100.0,138.6,0,1,2,11,0
79.95,80.54,80.3,81.6,89.66,80.17,77.85,61.9,3,1,4,11,1
32.74,40.83,33.42,47.33,55.92,40.49,31.61,5.0,4,1,5,4,2
67.69,52.65,64.2,51.87,69.93,41.21,33.55,5.0,4,0,6,6,2
79.59,77.3,75.08,79.94,88.51,78.11,81.19,51.7,3,2,1,5,1
97.57,88.79,95.75,83.26,95.94,73.43,67.11,54.5,2,0,2,7,0
99.5,97.24,96.31,85.9,97.9,93.59,91.59,80.2,0,0,0,11,0
53.71,44.03,54.02,76.16,81.39,73.98,53.61,66.1,4,2,10,8,2
87.13,86.97,79.91,100.0,98.46,100.0,100.0,101.8,0,0,5,10,2
65.03,66.27,65.06,72.98,74.48,68.55,62.29,13.8,2,1,5,10,2
71.85,77.95,69.69,77.63,85.93,71.24,84.82,39.4,2,1,3,3,1
57.19,56.93,60.4,71.2,71.9,56.27,48.31,45.1,8,4,7,9,2
89.86,84.86,91.32,82.31,82.48,86.51,84.38,54.3,1,2,5,12,2
91.18,83.98,77.94,98.54,88.99,100.0,99.72,84.3,1,1,4,2,1
73.12,60.57,63.38,83.63,79.34,87.67,88.36,53.2,5,4,7,7,2
70.52,58.67,69.75,54.98,72.03,66.4,55.81,38.2,3,2,5,11,2
99.41,98.91,98.68,100.0,100.0,100.0,100.0,91.3,1,0,3,5,0
66.96,64.2,68.35,82.99,70.85,75.35,84.36,56.0,0,1,5,5,2
51.0,51.09,50.96,73.5,85.33,70.04,55.47,38.3,3,2,7,12,2
94.18,97.67,96.14,95.95,95.61,100.0,95.25,70.3,3,1,2,6,0
99.5,100.0,100.0,100.0,94.71,100.0,100.0,108.7,0,0,3,6,0
91.51,100.0,89.97,100.0,97.53,100.0,99.16,97.4,1,0,3,11,0
91.46,95.76,91.32,88.89,96.71,94.64,100.0,95.6,0,1,4,8,0
99.5,88.14,91.04,88.31,93.31,86.51,81.17,73.3,3,0,0,12,0
90.07,83.55,88.68,73.98,78.56,67.4,57.29,48.9,1,0,1,5,1
76.15,78.81,71.93,100.0,93.23,95.93,82.41,76.8,4,0,4,9,1
55.5,55.3,59.12,57.15,68.88,46.94,50.14,24.1,4,0,4,10,2
40.88,26.97,33.46,68.99,65.28,65.02,58.79,23.0,5,1,10,8,2
99.5,90.64,98.18,97.74,99.68,96.77,74.91,74.1,1,0,0,3,0
99.5,100.0,96.73,100.0,100.0,100.0,100.0,121.2,0,0,2,8,0
93.57,92.66,96.45,86.2,90.99,81.03,90.71,56.0,4,0,2,10,1
52.59,38.21,51.87,40.0,47.51,26.85,27.71,5.0,4,3,7,12,2
48.75,39.52,48.29,61.29,75.64,58.6,51.14,50.6,4,2,3,13,2
93.44,93.2,89.82,82.27,95.57,85.63,79.72,94.5,5,2,1,7,1
76.96,84.03,85.49,86.43,93.68,100.0,81.72,85.9,1,2,4,2,1
87.75,69.84,83.71,82.61,86.92,73.91,59.38,51.4,3,2,1,4,1
59.88,53.07,54.75,57.07,60.99,52.68,46.07,5.0,4,2,9,10,2
72.19,70.59,72.69,37.11,75.41,56.42,51.72,11.4,4,2,4,4,2
74.83,83.04,84.1,91.15,98.35,100.0,88.55,91.5,5,1,5,4,2
87.39,100.0,88.6,86.64,96.71,96.84,91.83,73.7,0,0,5,7,2
90.06,91.4,86.87,97.14,93.6,99.21,85.54,48.7,1,2,2,3,0
76.56,73.67,74.95,67.59,70.1,65.22,59.59,38.4,2,2,1,11,2
86.66,99.67,86.0,93.68,98.2,81.44,88.53,73.4,0,1,4,10,0
61.97,64.95,63.54,85.99,86.87,92.31,85.44,70.4,0,2,3,3,1
83.6,94.78,90.77,77.46,90.42,79.12,65.99,74.1,1,1,3,7,1
66.4,76.98,71.1,93.26,82.07,83.59,96.15,88.0,1,0,6,10,2
78.03,85.21,77.86,100.0,96.81,98.39,87.27,77.8,1,0,3,5,0
43.76,42.59,46.95,64.97,71.66,69.4,77.05,47.4,3,1,6,8,2
71.98,72.57,71.52,79.67,76.41,81.3,73.34,56.3,0,1,4,6,1
93.23,99.15,92.32,93.39,93.94,100.0,100.0,96.5,2,0,2,12,0
99.5,100.0,100.0,100.0,100.0,100.0,93.65,99.2,0,0,2,5,0
68.07,79.23,77.13,87.68,100.0,100.0,87.16,92.3,2,3,7,13,2
99.5,100.0,97.37,92.59,100.0,100.0,91.37,92.7,1,0,2,4,0
91.15,81.63,93.94,96.25,84.4,86.24,77.32,53.5,3,0,2,2,1
75.68,86.17,79.97,72.61,88.06,89.13,86.71,65.6,7,0,3,10,1
93.15,96.94,95.1,77.22,87.25,76.46,75.97,71.4,3,2,1,11,1
99.5,100.0,100.0,85.76,100.0,86.03,97.22,101.6,2,0,0,8,0
56.19,46.6,50.33,51.26,70.15,51.04,51.72,28.0,6,5,4,7,2
90.48,93.81,86.68,100.0,93.51,92.65,95.7,76.7,0,1,3,8,0
69.64,79.2,81.09,73.92,85.57,75.82,79.83,78.7,5,1,1,6,1
99.5,100.0,94.97,94.68,98.91,100.0,89.98,80.0,4,0,2,4,0
88.19,97.16,96.57,79.44,93.07,91.79,78.89,63.3,2,0,4,12,1
87.52,91.31,95.88,100.0,100.0,100.0,94.32,101.1,0,0,1,4,0
63.49,56.33,57.92,61.26,66.85,46.76,45.75,22.1,4,0,1,3,2
35.17,31.09,36.09,46.7,57.62,41.38,34.8,5.0,4,2,4,9,2
62.91,63.89,66.04,82.22,83.49,65.2,52.69,28.0,5,1,3,7,2
88.06,94.46,93.26,71.36,92.56,84.96,65.42,56.7,0,1,1,13,0
86.42,86.49,83.92,70.94,98.12,78.73,75.07,47.5,3,0,3,3,1
90.34,91.63,89.28,83.71,78.46,76.08,65.42,56.5,5,0,1,10,1
69.35,75.78,75.01,75.75,81.58,82.78,78.52,44.9,3,4,3,9,2
88.92,100.0,86.57,90.44,89.86,98.37,90.98,75.1,1,1,2,8,0
35.81,27.31,24.58,58.05,69.91,65.01,72.63,44.7,4,3,6,8,2
67.87,83.03,74.05,95.91,100.0,99.08,100.0,83.8,3,1,3,6,1
74.06,69.2,71.69,80.83,77.95,83.84,82.94,57.3,0,2,5,3,2
39.78,34.21,38.29,50.65,59.88,51.05,24.64,17.7,5,2,7,13,2
93.8,100.0,93.27,100.0,100.0,100.0,98.41,96.3,2,0,3,4,0
89.15,87.95,91.84,78.38,96.34,96.99,90.06,59.0,4,0,3,6,1
95.64,97.77,99.85,75.87,96.43,87.63,92.01,74.9,1,1,2,4,0
57.72,43.91,53.12,72.69,74.58,72.99,74.67,77.3,2,1,11,11,2
57.38,63.85,54.55,84.32,79.98,88.2,67.01,62.4,3,4,10,4,2
86.6,89.05,91.69,83.96,96.0,92.15,94.69,83.8,4,2,5,5,2
73.64,71.84,65.93,81.49,87.73,79.59,53.42,38.9,3,3,1,9,2
85.26,87.05,80.89,96.69,99.44,100.0,95.63,83.4,0,0,7,5,2
99.5,100.0,100.0,96.58,96.24,84.06,88.74,64.0,0,0,1,8,0
82.85,85.09,79.2,91.64,91.2,87.25,65.64,57.8,2,0,1,7,0
99.5,96.18,95.29,84.72,97.33,93.11,94.14,94.9,1,0,4,2,0
46.54,41.91,45.32,65.04,59.11,50.69,51.07,31.7,2,4,12,3,2
61.79,51.96,61.74,80.82,77.81,65.5,58.8,57.7,3,1,2,11,2
76.9,74.42,78.28,62.86,81.29,59.07,55.26,40.9,1,0,6,12,2
89.89,99.96,99.0,100.0,95.8,93.11,83.45,70.6,1,0,3,6,0
91.3,93.88,90.48,87.29,83.19,75.88,68.09,61.7,2,2,1,13,1
30.2,24.48,24.56,39.58,57.24,30.75,32.73,5.0,8,2,3,6,2
94.23,100.0,91.29,87.04,100.0,75.87,72.76,60.8,4,0,4,5,1
62.24,53.95,59.54,56.8,76.69,70.27,56.21,38.1,3,1,4,11,2
99.5,100.0,100.0,91.09,96.57,99.99,95.26,109.4,1,0,1,11,0
99.5,93.78,100.0,100.0,100.0,100.0,100.0,110.8,2,1,2,7,0
45.71,34.18,43.78,41.05,63.98,39.29,25.7,5.0,8,2,8,8,2
68.87,63.52,59.98,75.59,84.21,65.24,70.49,49.5,1,1,5,4,2
65.93,71.06,72.48,84.92,84.82,77.63,75.22,71.9,1,0,1,3,1
62.63,63.39,59.54,73.56,73.52,58.78,64.23,46.7,6,1,5,4,2
83.33,100.0,84.42,100.0,100.0,100.0,100.0,97.5,1,1,4,4,0
89.8,96.05,96.31,100.0,100.0,100.0,100.0,86.0,2,0,2,2,0
90.33,98.89,96.95,98.48,98.01,100.0,91.16,70.8,1,1,5,10,2
63.98,67.18,69.56,68.7,76.15,59.14,49.02,39.1,3,1,7,11,2
88.92,100.0,90.64,83.36,92.39,91.06,74.56,87.1,2,0,3,8,0
56.89,59.26,66.68,75.25,74.89,61.58,66.95,69.3,4,2,8,6,2
90.37,94.08,95.45,85.83,93.57,86.36,78.9,70.3,2,3,5,11,2
66.78,68.79,63.74,79.97,88.33,86.03,82.15,73.2,2,1,2,9,1
77.22,82.86,88.24,80.03,87.65,88.75,86.76,55.7,1,1,4,2,1
53.93,58.96,58.15,52.68,66.6,60.06,58.71,33.6,2,1,3,2,2
87.42,88.17,87.64,97.39,94.96,87.57,91.38,44.3,2,2,2,9,1
55.89,45.23,49.6,62.13,69.38,44.81,33.5,10.3,8,4,1,7,2
87.81,100.0,79.58,86.7,99.34,90.05,83.02,56.8,1,0,5,7,2
96.96,93.82,98.83,100.0,96.09,86.08,92.27,62.5,2,1,1,7,0
81.7,93.55,83.72,100.0,98.46,92.88,97.43,88.3,3,0,3,7,0
99.5,100.0,98.75,84.05,96.96,73.4,73.7,47.2,4,0,1,12,0
75.83,74.15,74.8,59.95,75.39,66.67,60.19,17.8,4,1,2,4,2
99.5,97.54,95.3,100.0,93.62,100.0,99.67,93.9,0,0,2,5,0
94.41,100.0,98.61,69.95,86.08,71.73,67.83,32.4,5,1,1,5,1
80.76,79.2,76.8,66.65,78.92,53.41,58.78,20.8,2,3,5,3,2
41.88,32.78,32.01,64.78,71.44,58.88,47.59,31.9,5,4,6,2,2
82.68,74.46,79.82,89.16,93.53,86.08,77.87,71.1,4,1,4,12,1
64.63,50.81,57.05,76.76,87.55,76.62,72.78,77.4,4,1,3,13,2
84.84,93.76,80.39,97.57,100.0,95.83,86.42,90.0,3,1,3,12,1
79.53,76.78,73.57,80.95,93.15,98.05,80.79,58.3,1,3,2,10,1
96.48,100.0,98.48,100.0,100.0,100.0,97.27,96.6,3,0,2,5,0
98.8,100.0,99.82,100.0,100.0,100.0,89.63,109.0,1,0,2,6,0
88.3,95.6,96.64,82.86,94.81,87.67,83.65,83.7,4,0,2,6,1
56.1,62.43,63.21,91.26,88.94,79.54,79.88,58.9,3,2,6,12,2
95.62,100.0,99.04,100.0,100.0,100.0,99.51,116.1,1,0,1,9,0
83.44,96.11,85.44,100.0,93.12,98.96,100.0,82.4,1,1,5,8,2
99.5,97.17,96.43,84.16,88.54,78.4,79.85,67.5,2,0,1,11,0
71.4,60.05,68.84,77.16,79.13,70.18,59.5,54.0,3,0,5,11,2
99.5,100.0,100.0,92.03,97.5,99.63,88.82,92.1,2,0,1,10,0
81.34,84.58,84.75,71.1,96.94,84.23,61.72,47.0,4,3,1,6,2
63.81,66.59,62.99,83.53,94.71,81.36,73.4,43.0,2,2,4,5,2
76.86,61.46,71.84,69.94,75.71,60.18,59.41,42.7,4,2,7,7,2
75.73,80.4,76.48,98.93,86.97,88.87,95.08,79.1,1,0,3,9,1
99.5,97.96,90.46,100.0,100.0,100.0,93.79,58.1,1,1,1,6,0
67.73,64.64,65.71,63.66,69.63,72.68,64.12,30.9,4,4,4,9,2
99.5,100.0,98.05,87.6,92.07,92.3,91.29,60.3,4,0,0,8,0
72.86,60.01,71.16,100.0,94.29,100.0,79.36,81.3,2,1,7,4,2
90.1,100.0,89.45,96.97,85.0,75.7,78.7,52.9,2,0,3,12,0
74.3,73.13,69.9,100.0,88.35,98.79,91.58,65.4,3,4,5,12,2
94.89,100.0,100.0,100.0,100.0,100.0,100.0,83.6,2,0,1,12,0
62.05,69.22,61.09,69.97,77.67,79.05,69.86,51.0,3,4,5,13,2
84.05,81.39,80.28,69.2,82.58,62.21,64.46,57.3,6,1,2,11,2
87.63,92.17,91.34,68.95,95.37,70.64,74.62,40.7,6,0,3,4,1
99.5,100.0,100.0,100.0,100.0,100.0,100.0,98.8,0,0,2,5,0
61.26,50.79,62.87,97.16,90.35,84.75,70.28,52.9,1,1,4,13,2
50.39,54.35,50.48,52.63,70.15,50.8,51.6,35.6,6,1,2,2,2
99.5,97.32,97.48,82.79,91.92,88.64,92.75,84.3,4,0,1,12,0
99.5,100.0,99.04,100.0,100.0,100.0,100.0,118.5,1,0,2,2,0
72.71,75.61,71.4,50.86,70.05,60.93,54.21,60.9,3,2,2,5,2
42.16,30.22,39.36,57.05,56.25,56.18,37.9,5.0,5,1,6,4,2
20.35,16.24,17.47,26.11,49.89,31.06,33.64,5.0,5,2,13,9,2
99.5,100.0,94.8,81.55,89.63,82.95,83.46,79.9,1,0,1,13,0
56.66,69.42,54.44,64.51,74.37,74.71,70.57,39.5,4,3,4,11,2
99.5,100.0,99.19,100.0,100.0,100.0,100.0,127.7,2,0,1,12,0
80.24,80.11,82.67,81.35,96.68,80.74,82.54,65.0,3,1,2,13,1
84.64,88.42,83.33,77.29,81.93,70.75,73.81,60.6,0,1,3,8,1
61.81,67.7,58.82,96.51,88.47,97.74,90.0,78.7,3,3,5,8,2
66.45,52.68,67.36,79.04,68.82,59.76,57.88,50.7,3,0,4,11,2
42.57,39.38,39.94,40.07,61.23,29.08,15.75,5.5,7,1,6,9,2
73.38,84.68,81.27,61.7,91.18,80.51,68.76,53.8,1,3,3,7,1
70.53,75.8,76.74,81.98,85.96,87.57,82.34,47.3,2,2,6,3,2
99.5,94.32,100.0,100.0,100.0,94.03,100.0,64.5,2,0,0,13,0
89.01,95.81,91.37,100.0,100.0,94.07,100.0,62.7,2,0,0,7,0
89.51,89.11,83.64,100.0,100.0,95.56,100.0,103.3,2,0,1,7,0
55.41,41.94,42.64,39.5,57.44,22.25,22.17,5.7,7,3,1,10,2
70.74,70.83,69.71,69.19,77.73,66.24,64.39,41.3,2,2,5,12,2
93.52,100.0,100.0,100.0,100.0,100.0,89.93,96.4,0,0,3,4,0
57.72,66.92,61.51,66.87,86.2,74.98,67.42,43.5,2,2,4,12,2
39.49,39.74,45.02,65.81,62.63,42.46,42.64,50.7,7,1,7,3,2
23.13,8.0,13.5,23.85,43.51,13.84,5.0,5.0,6,7,3,8,2
69.3,73.42,76.67,80.87,89.52,76.34,56.59,41.5,2,0,2,8,1
99.5,100.0,100.0,95.94,100.0,100.0,81.06,90.3,1,0,4,3,0
79.69,76.98,79.18,68.79,81.94,67.17,56.84,47.3,4,0,1,6,1
65.59,66.44,69.67,75.88,80.02,75.02,74.86,65.3,4,0,7,12,2
33.53,31.59,30.52,75.36,65.05,42.42,35.9,25.8,7,3,8,7,2
51.23,57.14,55.33,69.38,77.35,67.03,62.8,31.8,8,3,6,5,2
86.81,92.53,85.6,82.86,86.58,71.23,93.82,40.0,1,0,5,10,2
82.33,79.8,78.93,98.84,96.18,99.26,94.16,78.9,3,0,3,10,1
66.97,50.97,57.22,66.26,59.61,62.42,55.76,35.1,2,5,3,2,2
99.5,100.0,96.12,100.0,100.0,96.88,83.48,83.9,1,0,0,7,0
77.32,83.65,72.78,100.0,85.84,77.74,100.0,81.3,2,0,4,11,1
90.51,98.66,100.0,76.05,93.2,69.27,66.94,6.8,3,0,1,6,1
64.56,64.69,59.8,72.65,79.21,86.11,73.12,66.5,1,2,3,5,2
48.63,47.0,52.15,57.74,65.45,56.57,46.17,28.7,3,6,11,8,2
75.33,74.2,68.15,60.21,73.33,57.05,47.5,27.5,2,2,3,13,2
80.6,62.39,71.37,34.82,64.99,49.15,39.57,13.6,2,0,7,10,2
67.1,56.26,61.55,76.19,74.44,80.13,72.92,57.2,0,0,4,11,1
86.05,94.61,94.99,93.67,92.51,84.52,71.69,71.3,2,3,2,7,1
99.5,100.0,100.0,82.81,100.0,100.0,84.24,93.9,4,0,0,9,0
78.15,92.19,79.2,94.69,90.57,100.0,94.08,90.5,2,0,2,8,0
89.25,100.0,92.35,87.69,95.0,91.98,81.6,58.6,1,0,1,11,0
99.5,100.0,100.0,100.0,100.0,100.0,100.0,105.0,0,0,0,3,0
92.8,92.99,97.08,90.85,89.58,89.0,96.05,58.4,3,0,3,11,1
36.1,24.01,28.83,79.8,66.59,78.91,52.81,44.6,5,1,6,12,2
76.24,80.63,72.03,77.45,92.8,78.39,63.39,58.2,2,2,4,5,2
32.49,10.65,21.62,61.25,61.15,54.08,24.33,28.2,4,2,8,11,2
53.79,42.47,52.2,62.99,74.6,51.77,72.55,12.2,2,0,4,13,2
34.98,24.94,24.15,21.12,42.92,25.44,14.7,5.0,8,4,5,4,2
99.5,97.26,97.96,93.99,100.0,95.68,79.71,71.6,1,0,3,9,0
46.34,32.64,36.25,34.46,54.11,24.74,10.77,5.0,4,2,9,11,2
45.64,37.76,40.7,54.74,59.57,56.08,46.31,12.2,3,2,5,5,2
49.24,36.88,46.59,51.78,83.26,55.98,38.23,40.3,6,2,4,12,2
91.74,78.58,86.48,74.49,87.64,80.65,84.86,52.2,2,0,1,11,0
99.5,100.0,100.0,100.0,100.0,100.0,100.0,95.8,0,0,2,4,0
36.03,32.52,39.59,71.03,63.01,60.45,62.47,45.1,5,7,7,4,2
98.65,100.0,100.0,90.38,91.81,94.31,82.78,55.6,2,0,1,13,0
99.5,100.0,100.0,90.41,100.0,100.0,95.99,104.4,2,0,0,3,0
74.96,75.81,77.69,75.31,84.74,92.65,87.11,31.0,4,2,2,13,2
97.34,100.0,95.73,93.43,90.4,94.74,98.27,85.7,1,0,0,6,0
84.06,87.59,88.98,100.0,94.59,88.79,84.96,82.4,4,0,2,5,1
43.92,35.26,46.88,52.9,62.25,52.9,46.58,13.9,3,5,7,7,2
51.68,39.5,44.35,66.34,69.0,56.39,58.87,40.0,2,1,3,11,2
63.03,78.9,66.82,58.66,56.17,56.42,46.56,42.6,1,1,3,6,2
99.5,100.0,97.1,92.1,100.0,100.0,100.0,91.2,0,0,3,9,0
97.16,100.0,92.95,100.0,100.0,100.0,100.0,86.1,1,0,2,6,0
67.25,81.25,72.51,91.47,91.51,100.0,92.23,80.6,1,0,7,3,2
82.56,83.24,77.43,86.91,95.8,85.22,74.97,70.1,2,0,2,3,1
99.5,100.0,99.29,100.0,100.0,100.0,91.6,101.1,1,0,0,3,0
44.34,38.45,43.38,54.5,62.96,45.15,46.91,31.8,2,5,4,5,2
20.87,12.19,18.7,54.88,59.73,43.06,34.87,7.1,2,5,8,6,2
56.88,64.91,57.95,81.64,79.43,75.12,63.2,60.2,3,1,8,11,2
79.9,76.3,72.34,90.19,92.05,86.08,72.47,93.2,2,1,2,4,1
95.84,85.85,96.92,73.98,77.92,60.37,68.33,40.8,0,1,1,8,1
94.97,84.38,83.87,81.57,86.64,59.55,75.33,41.1,5,0,3,13,1
86.18,83.56,85.65,75.79,83.35,67.05,80.62,51.4,1,1,2,8,1
85.55,84.41,91.06,96.98,94.41,93.74,90.53,61.3,2,1,4,11,1
99.5,100.0,100.0,89.42,100.0,100.0,89.47,83.4,3,0,2,9,0
91.82,89.86,96.19,72.73,82.94,56.35,49.93,47.7,9,0,1,9,1
62.66,50.47,60.07,63.24,62.42,63.03,60.24,38.6,3,2,7,10,2
99.5,100.0,94.12,100.0,100.0,100.0,100.0,84.4,0,0,1,2,0
93.55,83.97,95.16,67.74,84.64,66.55,70.85,65.1,3,0,1,11,1
99.5,92.8,94.6,87.84,91.2,80.88,85.15,62.1,5,0,0,3,0
97.21,96.88,95.37,100.0,93.45,100.0,90.18,69.8,3,0,3,3,0
94.39,92.64,96.46,82.54,90.9,65.22,75.49,56.7,2,0,0,13,0
53.6,61.0,52.62,85.97,74.12,79.3,75.3,80.1,3,4,4,13,2
50.64,40.63,50.6,39.16,47.74,31.33,38.6,12.8,12,5,5,13,2
75.59,68.41,74.55,100.0,89.22,86.28,85.25,79.2,2,1,2,11,1
85.29,97.44,96.53,100.0,100.0,100.0,94.62,106.4,2,1,2,8,0
92.22,97.82,98.94,76.62,97.69,91.08,77.73,65.1,1,0,0,5,0
74.14,75.66,73.9,92.66,100.0,99.28,94.69,68.7,0,3,4,11,1
94.73,99.58,94.91,100.0,94.32,94.86,82.33,64.0,1,0,2,7,0
27.59,27.05,24.46,40.99,43.21,23.37,10.64,5.0,2,5,9,7,2
60.57,52.82,56.62,80.07,76.04,73.59,62.69,79.5,3,1,9,2,2
99.5,100.0,96.08,100.0,100.0,100.0,100.0,107.8,1,1,0,8,0
93.8,100.0,94.92,87.71,89.63,88.79,83.22,83.8,3,0,0,8,0
99.5,100.0,94.63,83.52,89.2,95.17,86.52,94.0,0,0,3,12,0
28.93,12.34,18.73,42.18,50.88,43.06,22.34,13.2,3,5,2,3,2
93.87,100.0,100.0,82.76,100.0,95.97,87.81,85.3,2,0,2,11,0
79.69,89.67,78.12,100.0,87.87,71.59,87.59,64.6,3,1,5,6,2
96.89,100.0,92.36,98.19,98.82,100.0,91.5,99.9,0,0,5,13,2
61.73,63.52,59.51,80.38,87.65,91.05,89.5,53.9,2,0,7,6,2
61.82,70.95,70.75,73.77,87.29,75.22,65.3,51.2,3,1,3,12,2
76.78,70.51,70.63,64.16,78.71,66.14,70.09,66.0,4,1,3,9,2
75.98,83.47,77.6,67.28,85.48,85.06,68.78,52.9,1,0,6,9,2
77.93,74.27,77.66,82.56,82.94,72.55,53.56,56.7,2,1,5,6,2
63.95,48.59,60.21,77.94,77.66,57.21,53.59,26.1,1,3,9,8,2
99.5,95.8,97.65,98.94,98.63,81.4,81.15,98.6,0,0,0,9,0
99.5,100.0,100.0,100.0,95.78,100.0,97.62,111.0,1,0,1,11,0
67.43,72.59,73.24,80.81,88.11,86.28,87.76,72.4,2,3,3,10,2
99.5,100.0,94.53,95.14,95.47,66.09,97.44,84.5,5,1,2,2,1
89.23,91.24,87.26,94.19,95.87,86.13,93.57,83.7,2,1,5,12,2
69.86,68.45,65.96,68.43,70.8,59.0,57.93,23.2,3,1,2,2,2
81.07,85.95,81.44,78.85,76.97,86.49,69.03,73.7,3,2,6,8,2
82.17,100.0,93.91,84.89,91.51,82.43,62.5,40.7,7,0,4,11,1
99.4,100.0,100.0,100.0,100.0,93.97,100.0,91.8,1,1,4,13,0
72.18,79.45,74.6,73.45,83.71,67.56,62.68,41.8,1,1,5,5,2
99.5,100.0,100.0,100.0,97.11,100.0,96.72,104.9,2,0,2,8,0
95.92,100.0,100.0,90.35,100.0,84.58,85.84,78.3,2,0,1,7,0
73.91,59.13,63.31,64.07,68.25,57.59,25.84,23.8,4,1,1,6,2
83.06,96.68,85.58,95.48,80.79,81.83,81.68,74.8,3,2,5,13,2
66.48,60.36,63.07,33.86,68.13,37.93,31.75,31.7,5,1,5,8,2
73.31,73.59,74.92,94.23,81.85,82.08,95.98,95.3,4,1,7,10,2
92.5,86.28,92.2,62.55,85.52,73.9,78.77,80.0,3,1,4,5,1
67.27,71.21,64.52,72.84,90.23,80.38,82.78,57.4,3,1,4,7,2
70.32,62.89,68.21,74.98,79.99,69.83,64.6,67.0,4,1,3,10,2
75.33,71.61,77.3,77.14,86.15,89.19,76.08,50.6,4,1,4,11,2
74.41,68.69,67.36,69.35,85.82,74.04,60.86,23.0,1,1,8,4,2
95.58,99.84,97.8,95.54,91.66,84.87,88.16,67.8,2,0,1,13,0
56.73,58.01,54.76,61.17,72.27,54.14,65.37,31.5,8,1,8,13,2
39.17,27.69,29.04,33.33,55.73,41.16,32.17,5.0,4,2,9,4,2
81.93,86.0,87.4,86.81,96.96,90.6,100.0,113.4,3,1,4,10,1
39.93,33.21,39.24,35.78,62.04,39.37,44.72,5.0,6,2,4,5,2
44.09,33.82,36.59,52.22,69.45,61.14,42.54,27.8,5,6,5,11,2
73.57,74.97,77.77,92.88,100.0,95.58,92.85,71.8,0,1,0,12,0
95.74,95.48,100.0,98.33,89.87,83.15,81.21,83.9,3,0,3,13,1
59.34,61.0,60.39,75.35,79.35,67.35,65.69,50.4,3,2,8,7,2
97.63,100.0,93.0,92.85,96.1,94.73,100.0,91.5,0,0,1,6,0
93.95,92.76,92.29,100.0,100.0,100.0,97.23,108.7,4,2,3,11,1
99.5,100.0,91.93,96.89,100.0,92.0,84.56,65.8,4,1,0,12,0
33.22,23.66,29.11,43.23,62.68,39.23,31.51,24.8,5,2,7,2,2
98.42,100.0,97.48,100.0,92.19,94.31,90.75,81.5,2,0,1,12,0
75.19,73.15,77.54,89.49,79.64,85.39,89.97,28.1,3,2,2,3,1
85.53,97.76,87.79,87.87,95.21,86.13,81.85,62.6,1,1,1,13,0
98.55,84.26,96.71,90.57,93.06,90.33,78.17,104.7,2,0,4,11,1
43.46,27.7,34.27,46.1,66.23,37.47,47.45,23.8,6,3,1,12,2
89.81,100.0,93.2,97.8,100.0,100.0,93.57,73.0,4,0,5,5,2
99.5,100.0,94.06,93.93,100.0,100.0,100.0,106.7,2,0,0,7,0
99.5,100.0,95.42,100.0,96.7,93.98,93.43,100.7,0,0,1,7,0
65.72,67.68,69.6,64.75,82.31,68.77,68.59,60.2,0,2,1,3,1
93.71,100.0,100.0,96.31,100.0,97.14,100.0,118.9,3,0,1,8,0
77.4,66.43,70.62,100.0,89.0,85.28,88.26,77.3,2,2,6,10,2
81.1,82.9,83.86,80.6,81.95,93.36,87.13,79.5,2,1,6,13,2
89.84,99.36,96.57,98.88,100.0,93.29,88.22,95.2,0,1,2,11,0
84.79,88.8,82.04,100.0,95.25,100.0,100.0,88.3,2,1,3,12,1
70.67,67.48,71.26,69.27,67.26,58.63,48.67,51.8,1,2,5,6,2
94.47,100.0,96.62,100.0,100.0,100.0,100.0,103.3,3,0,3,8,0
90.95,99.38,95.56,69.92,86.29,58.94,88.04,33.8,3,0,2,3,1
55.25,55.08,54.7,68.0,69.86,60.37,56.89,51.3,1,3,3,5,2
62.7,61.78,53.83,62.05,74.04,68.42,64.27,67.7,2,3,3,5,2
95.52,100.0,97.89,100.0,100.0,100.0,100.0,123.0,0,0,3,12,0
82.77,85.4,83.11,95.64,100.0,95.36,100.0,110.9,2,3,7,7,2
89.98,100.0,92.46,100.0,100.0,100.0,94.19,103.3,1,1,4,13,0
36.55,17.98,22.93,24.44,50.52,17.9,8.37,5.0,5,2,0,4,2
84.44,89.53,90.38,75.53,84.85,63.47,80.9,48.4,1,1,1,3,1
87.93,91.38,89.4,89.95,93.49,90.02,100.0,49.2,6,0,2,9,1
96.0,97.87,88.62,100.0,100.0,100.0,100.0,76.6,0,0,6,9,2
78.03,81.74,84.88,82.41,85.35,85.34,67.55,64.4,1,1,3,9,1
77.72,71.08,76.9,55.41,76.62,59.41,53.51,18.7,6,1,2,13,2
78.9,91.53,87.39,96.16,95.62,99.79,90.63,85.0,0,0,0,5,0
59.24,48.49,53.97,69.93,70.4,68.03,68.65,41.2,3,3,5,10,2
58.34,60.52,59.12,78.84,77.3,70.96,64.62,45.5,3,1,2,4,2
59.7,51.33,60.78,58.33,73.49,59.35,48.8,46.5,3,2,6,9,2
44.98,50.62,48.86,56.38,66.69,55.94,45.75,41.8,6,4,4,2,2
99.5,100.0,99.14,100.0,99.11,89.69,76.56,61.2,6,1,1,2,1
48.98,46.08,45.33,65.42,74.16,57.65,58.52,41.6,5,2,2,2,2
58.93,67.89,52.09,100.0,100.0,100.0,100.0,132.6,1,3,7,4,2
89.61,100.0,97.22,89.24,100.0,99.67,80.07,84.4,3,0,6,4,2
69.68,75.3,75.59,64.07,88.08,71.06,62.99,35.5,2,1,2,4,1
99.5,100.0,100.0,95.77,100.0,100.0,100.0,81.3,0,0,3,12,0
99.5,100.0,100.0,92.55,100.0,84.95,90.36,89.7,3,0,4,6,0
99.5,99.29,95.71,87.17,89.18,95.91,80.06,70.8,3,1,4,12,1
99.5,100.0,98.31,90.86,100.0,89.81,86.51,97.9,1,0,1,9,0
99.5,90.86,94.31,100.0,100.0,100.0,100.0,86.2,0,0,1,2,0
99.5,100.0,91.86,82.73,91.88,89.78,74.98,61.3,3,0,2,13,0
82.53,84.36,80.84,100.0,91.01,100.0,100.0,101.0,1,1,6,10,2
42.39,34.91,40.23,58.7,53.44,43.55,45.24,29.6,8,4,3,10,2
65.29,56.89,66.29,73.29,83.57,89.81,62.95,74.3,3,1,6,9,2
82.39,86.3,85.95,76.71,91.85,79.91,74.83,69.8,3,2,0,12,1
99.5,100.0,97.17,86.85,94.06,83.87,81.58,91.0,3,0,2,12,0
61.24,50.96,61.16,49.9,75.85,68.68,72.01,58.4,2,2,5,6,2
30.49,21.93,28.47,56.75,56.67,33.82,21.27,5.0,3,5,5,8,2
62.78,61.14,55.63,79.98,84.85,82.72,69.87,52.9,1,3,2,8,2
66.07,73.96,69.9,70.28,79.44,58.77,57.08,49.2,4,2,5,8,2
99.5,98.48,100.0,95.63,100.0,87.58,94.12,61.5,3,0,1,10,0
99.5,100.0,100.0,100.0,100.0,98.8,86.01,83.0,1,0,2,9,0
95.33,87.57,87.81,90.71,84.51,91.02,84.08,92.3,5,1,2,13,1
42.55,44.07,39.49,85.19,81.36,70.38,70.24,45.8,3,2,4,13,2
81.55,90.8,93.48,100.0,96.39,100.0,100.0,85.5,0,0,0,4,0
97.47,100.0,94.95,100.0,100.0,98.19,89.31,78.3,2,0,1,8,0
90.23,90.62,90.75,74.98,95.08,70.6,65.84,66.0,3,2,3,3,1
98.14,100.0,88.9,63.85,89.48,66.35,63.15,57.9,4,0,1,2,1
22.99,12.03,24.22,35.83,52.58,37.6,22.39,5.0,8,3,7,10,2
75.25,82.17,81.2,90.01,78.26,95.18,75.28,86.0,1,3,6,5,2
84.19,85.57,91.78,77.32,84.9,97.93,84.71,62.1,1,0,5,2,2
76.56,77.19,72.74,92.46,97.74,100.0,84.66,81.2,1,0,4,5,1
62.34,58.92,66.07,100.0,96.47,93.46,100.0,112.1,4,0,2,3,1
99.5,97.56,94.75,91.25,95.61,96.23,93.09,86.6,2,0,0,13,0
69.81,78.52,79.47,90.87,100.0,93.4,100.0,83.8,3,0,4,6,1
73.58,83.83,67.99,88.3,80.29,67.61,87.46,40.5,3,0,3,12,1
50.83,61.35,59.15,100.0,100.0,98.06,86.63,94.9,4,4,5,5,2
99.5,100.0,99.99,93.71,94.4,100.0,93.54,61.0,1,0,2,2,0
62.67,57.23,63.48,65.82,82.23,63.66,67.48,47.3,4,2,3,9,2
89.95,96.83,94.97,96.02,95.71,99.77,100.0,73.9,2,1,4,11,1
95.7,92.99,96.65,89.17,96.0,95.58,88.98,79.2,0,1,3,13,0
61.67,66.41,73.36,66.83,76.69,60.2,58.47,38.1,2,2,4,13,2
78.53,76.9,85.43,52.69,72.38,60.24,49.12,40.1,3,1,5,3,2
35.63,21.07,32.59,48.65,58.41,39.77,38.88,9.1,4,2,9,11,2
86.59,99.29,92.44,79.37,85.32,88.22,75.21,59.3,3,1,3,2,1
95.74,93.09,100.0,93.6,100.0,100.0,100.0,90.4,1,1,1,5,0
77.46,83.43,86.15,88.19,95.77,97.83,89.29,106.5,3,3,5,2,2
84.39,97.22,89.94,100.0,100.0,100.0,85.92,117.3,1,0,2,7,0
92.01,100.0,95.52,83.17,91.49,88.55,79.96,61.4,0,0,1,2,0
85.14,81.93,80.32,88.73,95.23,66.18,71.72,54.1,1,1,2,2,1
90.81,93.17,93.19,95.57,90.06,94.95,100.0,87.7,0,1,5,10,2
84.21,76.57,82.42,74.58,85.02,71.65,67.12,58.9,6,2,1,10,2
55.5,48.27,56.92,42.78,69.94,48.2,36.79,29.9,7,5,2,8,2
79.7,86.91,89.92,77.64,92.28,79.16,72.82,55.3,1,1,2,11,1
66.52,50.62,65.66,69.61,72.08,53.17,53.13,52.7,4,1,1,5,2
56.43,57.56,61.32,68.0,71.22,64.06,48.01,40.9,3,0,8,7,2
89.09,90.14,88.82,84.77,96.18,94.59,92.98,75.9,5,1,3,13,1
99.5,100.0,98.3,89.11,90.38,89.14,93.36,74.8,0,0,1,3,0
58.91,48.17,58.06,65.42,70.38,62.41,62.79,35.1,1,1,5,5,2
99.5,100.0,100.0,100.0,98.21,100.0,100.0,79.9,1,0,1,4,0
99.5,100.0,100.0,86.84,100.0,90.59,90.55,109.2,3,0,1,9,0
99.5,100.0,95.99,99.46,100.0,100.0,100.0,111.9,1,0,0,10,0
36.6,34.89,32.23,74.91,66.39,63.87,65.42,68.2,3,3,12,8,2
93.74,90.05,90.5,76.39,92.15,79.12,87.82,65.4,2,1,4,12,1
49.96,69.25,60.36,83.2,70.93,74.88,71.57,42.8,3,3,3,10,2
88.54,90.0,89.29,61.96,85.6,61.8,56.74,61.9,1,1,2,11,1
81.34,80.23,87.24,79.44,76.26,70.98,65.79,37.9,3,0,2,9,1
79.92,90.45,80.03,98.25,87.65,76.13,100.0,104.0,1,0,3,11,0
89.56,97.01,88.56,91.42,99.54,94.82,94.48,83.6,4,1,2,10,1
73.65,66.04,70.02,58.65,74.08,47.08,51.33,46.0,3,2,5,6,2
81.3,84.92,80.6,90.54,94.74,93.65,86.22,54.6,2,0,2,7,0
91.1,84.22,85.34,88.35,87.26,95.11,89.12,75.2,0,0,1,12,0
82.46,84.42,83.61,96.29,99.95,96.89,82.66,101.3,3,3,7,3,2
91.88,90.95,92.07,92.69,84.59,89.63,77.3,67.1,2,0,2,12,0
91.02,96.79,88.23,81.73,89.26,86.89,89.91,75.4,3,0,4,4,1
67.7,64.35,64.11,56.85,75.38,72.72,53.08,44.6,3,1,5,8,2
89.2,95.49,94.51,81.53,88.17,78.32,89.41,44.2,3,0,4,12,1
87.19,91.16,87.66,99.46,89.39,78.72,85.4,65.2,4,1,6,9,2
89.47,81.92,83.36,70.87,90.8,73.36,78.27,67.1,4,2,2,7,1
62.03,70.58,63.88,74.86,74.43,61.73,68.33,17.6,3,3,5,13,2
84.39,85.44,79.92,98.5,93.82,88.21,88.96,72.4,3,1,4,12,1
79.43,85.79,88.99,90.39,81.06,92.84,72.42,70.3,4,3,5,10,2
99.5,96.89,100.0,100.0,100.0,100.0,98.28,84.7,4,0,0,3,0
44.99,50.29,56.84,69.4,72.81,73.87,67.67,58.9,4,4,6,6,2
82.95,70.64,78.68,76.65,79.73,80.63,68.78,71.7,5,0,1,9,1
61.45,78.39,66.5,76.91,81.27,80.72,82.28,76.9,3,2,3,9,2
79.07,82.46,76.92,75.04,86.57,71.46,77.65,55.4,4,0,1,12,1
79.21,82.63,82.34,92.24,96.02,96.33,88.08,74.6,3,1,5,13,2
99.5,100.0,97.9,100.0,100.0,100.0,100.0,109.2,0,0,3,8,0
96.71,90.96,90.69,88.74,92.21,86.08,90.23,70.2,4,0,7,6,2
71.3,71.78,76.78,78.0,88.83,78.27,81.33,76.0,2,1,4,11,1
53.55,58.31,55.51,68.88,68.28,72.39,58.38,70.7,1,0,5,4,2
69.32,72.31,71.5,73.54,81.04,62.2,72.89,53.5,3,2,4,6,2
60.8,61.77,62.05,71.77,80.03,86.45,60.5,48.9,4,1,5,9,2
99.5,100.0,100.0,84.27,89.62,89.99,96.82,48.2,2,0,0,3,0
99.5,100.0,92.7,90.39,100.0,100.0,100.0,88.0,0,0,3,11,0
75.07,82.02,73.11,82.09,79.14,73.95,93.26,74.2,2,1,4,9,1
87.69,79.23,91.84,85.97,93.99,100.0,92.11,74.8,2,0,5,3,2
85.68,88.75,86.66,82.68,79.61,85.52,84.58,72.8,5,2,3,12,2
51.14,50.41,52.51,56.28,70.15,66.47,67.43,33.1,5,2,6,7,2
55.58,38.61,52.32,35.72,52.54,45.01,31.74,16.3,4,1,8,13,2
68.58,59.71,63.71,69.31,78.02,70.95,67.37,27.4,4,0,7,11,2
99.5,100.0,95.41,83.63,91.97,83.85,79.5,71.9,2,0,0,5,0
67.3,62.2,59.9,77.84,82.02,70.92,74.41,48.6,2,1,4,9,2
97.46,100.0,94.39,98.69,100.0,89.32,100.0,93.1,0,0,1,8,0
99.5,92.51,94.09,68.09,91.85,74.04,71.24,47.8,3,4,2,4,2
82.45,92.09,83.07,100.0,97.78,97.11,98.13,103.6,1,0,1,13,0
29.01,24.92,22.3,49.05,57.69,48.36,30.6,33.0,2,3,10,13,2
48.78,52.42,53.85,24.22,47.72,32.22,34.78,5.0,11,3,10,10,2
64.95,57.09,67.86,70.96,71.67,58.88,43.73,59.1,7,1,1,6,2
98.63,100.0,95.41,81.71,100.0,86.03,86.56,77.1,3,0,0,7,0
72.48,55.95,59.35,64.85,70.35,60.41,47.97,15.3,3,2,4,9,2
99.5,93.12,97.31,98.9,100.0,98.99,84.85,69.4,0,0,0,2,0
36.66,39.65,43.85,44.72,47.72,49.63,40.43,5.0,8,6,6,12,2
99.5,100.0,94.37,94.35,93.69,93.27,84.42,55.2,6,1,2,9,1
90.01,100.0,88.6,100.0,99.14,100.0,97.33,96.4,2,1,2,7,0
66.11,72.92,59.23,73.26,63.43,62.9,75.36,35.0,3,1,1,10,2
86.64,83.51,86.49,96.32,100.0,92.22,87.98,84.3,2,0,1,4,0
37.7,45.74,36.75,57.57,66.29,57.93,59.63,21.7,4,2,5,8,2
99.5,95.1,100.0,99.64,99.96,99.05,81.29,99.4,2,0,0,2,0
94.85,96.85,98.51,79.64,82.21,72.6,65.64,58.4,3,1,1,7,1
90.58,100.0,100.0,76.19,95.15,85.02,100.0,47.3,2,0,1,6,0
79.81,77.03,83.14,87.33,90.42,91.76,88.11,83.6,4,0,8,6,2
96.76,100.0,91.66,100.0,100.0,100.0,100.0,115.9,0,0,1,3,0
81.98,89.86,83.86,61.71,83.39,62.91,73.5,35.9,3,0,2,5,1
71.04,71.32,75.7,86.39,94.91,84.26,88.24,70.9,2,0,5,5,2
98.77,100.0,93.76,100.0,100.0,100.0,98.24,93.2,1,0,4,8,0
99.5,98.47,97.6,100.0,100.0,100.0,85.51,85.7,2,0,1,5,0
45.59,47.54,46.61,80.7,83.24,90.59,74.31,48.3,2,2,8,8,2
99.31,100.0,99.38,100.0,100.0,100.0,100.0,116.9,1,0,4,13,0
52.94,49.28,52.73,79.98,74.26,67.47,52.2,43.6,8,2,4,12,2
79.6,100.0,84.63,88.45,98.91,86.54,94.2,94.0,0,1,2,5,0
80.12,76.66,75.06,90.1,100.0,97.7,91.67,88.5,1,0,1,4,0
62.69,74.09,68.83,85.24,79.33,80.12,57.25,46.7,1,0,2,10,1
98.69,85.98,93.15,99.24,100.0,82.77,84.35,90.3,2,0,1,4,0
99.5,84.87,100.0,100.0,100.0,100.0,100.0,95.1,2,0,1,9,0
68.05,73.33,65.62,94.95,84.71,94.65,99.95,92.2,0,2,3,6,1
69.47,67.24,68.39,52.44,66.5,46.6,32.34,17.9,7,3,2,2,2
77.11,89.8,76.63,87.69,95.3,62.08,73.01,63.3,2,0,0,12,0
74.74,83.49,79.53,69.8,76.58,64.0,73.52,57.2,2,0,2,10,1
33.82,30.33,31.66,51.32,60.93,45.15,52.06,42.8,7,3,10,5,2
99.4,100.0,100.0,98.18,100.0,100.0,100.0,105.2,2,0,0,10,0
62.68,60.88,59.14,75.86,67.09,50.6,59.32,26.7,6,3,4,13,2
66.15,75.73,62.43,73.51,71.64,66.92,73.94,23.2,6,1,5,3,2
63.77,50.45,63.82,72.25,69.66,44.18,51.75,27.2,6,4,2,10,2
46.14,37.94,46.62,65.19,59.88,53.81,58.04,30.7,4,3,3,3,2
41.88,42.17,45.77,49.14,49.67,51.33,40.5,44.2,6,3,9,4,2
92.3,100.0,98.78,100.0,100.0,100.0,96.31,67.4,3,0,6,5,2
52.75,65.46,57.98,83.03,87.89,88.86,78.32,97.3,5,1,5,10,2
47.74,44.07,48.79,72.64,62.12,62.79,39.68,44.9,3,3,5,13,2
68.25,64.18,63.08,75.48,92.97,71.55,61.79,62.0,1,3,4,13,2
89.92,99.7,91.97,82.95,100.0,78.83,93.2,105.6,1,1,1,12,0
32.29,16.02,30.65,38.57,58.03,41.22,45.22,34.6,3,5,3,12,2
96.28,100.0,100.0,100.0,100.0,91.5,74.31,79.8,0,3,4,10,1
57.1,54.24,57.32,73.58,77.47,81.1,80.25,64.2,4,2,5,13,2
61.38,55.74,46.01,64.29,72.27,53.45,52.31,42.0,1,5,3,4,2
88.96,97.07,93.46,91.67,82.63,85.89,79.85,75.1,6,0,3,5,1
78.51,67.23,79.9,51.67,71.92,48.17,52.39,26.2,7,1,0,12,2
99.5,96.37,97.09,80.23,100.0,97.92,98.49,95.4,2,1,3,3,0
80.36,91.23,80.48,75.84,86.34,91.16,69.63,58.9,1,3,3,9,1
46.11,27.64,42.93,28.9,48.34,31.04,21.31,5.5,7,4,2,10,2
90.81,94.59,90.83,72.98,83.94,78.24,74.96,50.0,2,1,3,9,1
77.36,85.61,79.05,100.0,100.0,100.0,100.0,100.4,0,2,3,13,0
78.04,67.08,67.19,94.09,82.83,88.35,92.65,81.6,6,1,2,2,1
39.59,25.93,27.8,62.61,72.86,56.03,49.62,5.0,7,3,7,5,2
50.87,46.15,52.42,41.68,57.83,35.72,36.72,5.0,4,2,6,7,2
99.5,100.0,94.74,80.38,83.82,72.98,69.42,67.7,2,0,1,7,0
58.65,53.81,63.89,86.5,79.8,76.05,68.84,35.7,2,2,9,8,2
76.07,70.87,82.07,69.14,84.51,68.76,76.22,64.3,3,0,3,9,1
60.27,61.85,56.7,76.92,73.95,57.94,58.56,30.4,3,2,4,2,2
79.85,89.77,80.86,98.93,87.94,91.59,85.1,82.9,5,2,5,2,2
80.37,85.74,85.23,72.73,88.17,74.2,73.23,59.7,7,2,4,7,2
81.32,85.97,89.19,83.01,94.71,84.09,89.95,52.7,0,1,4,13,1
99.5,100.0,100.0,88.18,100.0,100.0,100.0,105.3,1,0,2,9,0
89.72,97.78,90.17,88.99,89.92,84.48,70.25,66.5,3,0,1,11,0
35.18,28.64,31.15,64.18,75.98,48.2,50.68,31.6,2,1,4,7,2
96.67,100.0,98.38,81.3,87.32,70.51,82.64,81.0,2,0,1,11,0
75.39,72.82,72.26,85.52,84.54,75.64,68.86,68.4,2,1,4,13,1
84.03,83.65,88.77,85.23,84.58,75.4,77.9,58.6,6,1,3,3,2
53.42,44.69,47.33,28.81,55.9,18.32,14.29,5.0,10,3,4,10,2
76.15,62.12,72.66,84.82,86.74,76.28,74.97,66.1,3,2,4,13,2
99.5,100.0,100.0,96.91,92.29,90.65,73.52,80.5,2,0,0,5,0
78.05,80.6,79.06,91.15,92.79,85.27,79.98,92.3,5,3,0,12,1
95.14,78.95,88.08,95.75,100.0,100.0,86.45,91.5,2,0,1,11,0
55.94,46.39,52.22,29.32,51.93,22.59,29.94,5.0,8,1,3,8,2
67.24,65.27,63.01,86.67,86.43,84.44,87.57,83.1,2,3,6,11,2
84.61,80.6,86.19,91.07,100.0,82.47,79.46,79.6,1,0,2,8,0
78.46,94.33,83.97,81.22,95.97,77.23,81.6,75.3,6,1,3,11,1
85.06,96.61,88.44,99.94,100.0,94.44,94.27,89.9,1,0,2,10,0
90.71,95.01,87.96,97.05,98.56,95.56,97.01,62.3,3,0,5,9,2
86.32,93.02,96.66,100.0,99.42,100.0,94.68,62.3,0,0,1,3,0
94.14,95.15,97.96,73.58,92.36,70.31,59.84,37.8,3,0,1,12,1
64.91,53.05,54.56,74.89,70.46,86.2,83.4,59.1,3,1,5,2,2
60.8,76.8,69.15,68.1,68.7,66.42,49.87,18.0,4,1,2,4,2
43.16,32.27,36.59,15.23,47.82,26.2,27.41,7.6,8,2,8,8,2
32.85,40.25,32.03,56.7,57.15,54.39,48.91,12.0,2,4,1,13,2
80.94,75.73,76.03,73.24,87.51,70.92,74.03,67.0,2,1,6,13,2
99.5,100.0,100.0,100.0,100.0,97.64,100.0,95.5,1,0,3,2,0
70.21,63.75,67.18,72.32,82.37,82.92,77.55,67.6,7,0,1,5,1
16.32,8.0,12.96,40.33,39.95,41.31,36.75,5.0,6,5,8,8,2
78.73,82.84,81.43,68.63,84.37,66.5,44.49,35.8,4,0,4,3,2
65.92,66.16,69.77,70.41,78.99,63.28,60.38,40.3,1,2,11,3,2
61.94,61.87,71.16,85.85,86.36,92.8,87.82,66.2,2,1,2,7,1
82.37,57.08,71.71,83.76,75.24,81.95,57.83,40.6,3,3,10,7,2
48.8,36.64,42.48,33.99,60.07,42.08,22.98,17.1,5,1,3,9,2
87.78,88.36,88.43,71.08,77.12,70.05,51.19,71.4,1,0,5,5,2
97.17,93.92,98.76,89.96,95.88,99.69,95.96,83.8,1,1,1,7,0
93.32,100.0,100.0,100.0,100.0,88.51,90.2,98.5,1,0,2,5,0
48.93,46.77,44.13,81.85,85.09,73.22,72.87,66.9,0,1,3,11,2
95.49,86.49,100.0,76.06,89.38,84.08,66.01,51.0,2,0,1,3,0
55.64,49.37,48.54,54.11,72.73,55.85,53.65,12.1,3,0,9,2,2
76.4,62.14,74.54,83.2,80.59,84.11,56.19,79.9,2,2,4,9,2
84.64,91.34,90.19,88.23,97.29,87.0,79.28,74.1,2,2,2,10,1
75.97,80.14,71.95,89.34,96.17,88.03,93.79,80.6,4,2,1,6,1
49.12,49.25,50.25,58.87,75.93,58.02,43.48,27.5,6,0,3,11,2
72.51,82.67,69.39,77.53,87.31,82.68,79.84,40.3,3,0,1,8,1
78.34,81.15,76.09,95.53,94.73,91.19,94.92,70.0,5,0,3,5,1
60.21,34.65,50.23,47.23,68.25,52.64,33.78,30.6,10,0,9,12,2
95.55,97.97,97.04,95.15,100.0,93.46,86.51,83.2,2,0,1,12,0
99.5,96.45,100.0,96.94,100.0,93.42,89.29,86.7,1,0,1,13,0
99.17,100.0,96.71,75.28,100.0,97.19,88.61,85.8,1,0,1,13,0
65.44,62.57,65.8,77.02,62.7,69.76,73.84,38.6,2,3,4,12,2
78.67,86.61,85.39,94.1,78.55,76.29,79.54,76.9,3,1,2,7,1
58.74,66.11,61.31,61.68,76.9,56.06,58.91,60.3,2,2,7,11,2
97.94,100.0,98.7,100.0,100.0,98.74,98.46,115.1,2,0,3,11,0
46.42,37.63,37.25,35.44,55.5,33.76,26.51,5.0,9,4,7,4,2
64.22,64.05,57.69,90.84,78.17,69.37,73.5,70.7,5,2,2,8,2
95.32,100.0,93.74,100.0,97.07,100.0,100.0,110.7,1,0,0,6,0
81.66,92.33,91.29,92.61,94.26,78.22,61.76,60.1,1,2,1,11,1
73.07,69.46,77.28,100.0,95.88,82.2,91.47,88.0,1,2,1,7,1
57.24,44.07,57.23,37.17,65.05,35.06,21.25,25.8,2,3,5,8,2
90.87,93.84,93.49,91.6,89.85,92.34,88.56,57.2,2,0,3,3,0
90.41,90.18,92.41,100.0,100.0,100.0,100.0,59.9,1,0,2,4,0
82.99,81.51,80.79,78.27,91.64,84.09,80.23,38.9,1,1,7,5,2
70.48,64.94,66.88,64.24,81.0,69.67,57.41,40.2,9,1,6,2,2
74.46,68.74,64.16,56.47,71.04,53.09,44.49,28.1,3,2,1,4,2
63.48,59.43,62.78,56.07,70.51,61.13,59.57,57.5,7,2,6,4,2
91.6,100.0,96.68,89.74,96.39,88.74,76.76,55.6,4,0,4,9,1
46.5,34.5,39.47,46.33,61.73,43.73,24.15,39.8,5,1,5,6,2
99.5,91.93,100.0,100.0,100.0,92.52,94.03,76.5,2,1,1,5,0
74.89,71.09,78.36,69.49,80.44,78.08,81.28,64.6,2,1,3,7,1
70.78,61.97,62.94,51.67,69.72,50.72,46.17,27.9,4,1,3,3,2
86.68,100.0,100.0,85.37,89.42,92.47,87.98,59.8,0,1,4,9,0
87.19,93.77,91.87,79.24,86.35,71.17,79.36,72.1,3,1,4,11,1
67.58,79.03,78.13,78.21,85.0,77.14,88.75,52.3,1,1,4,3,1
85.85,98.71,87.98,100.0,100.0,100.0,97.92,66.5,3,0,0,12,0
68.95,55.33,69.58,80.26,84.58,82.11,71.21,77.7,3,1,4,4,2
82.14,83.11,85.16,100.0,84.84,100.0,100.0,104.4,0,0,3,13,0
77.31,66.67,72.09,71.68,98.28,70.53,69.81,77.1,0,2,5,12,2
54.36,63.54,53.45,65.05,69.21,63.18,55.64,62.2,2,0,8,12,2
99.5,100.0,99.73,93.65,89.22,91.82,95.26,89.2,0,1,3,13,0
71.4,74.29,75.61,69.98,87.97,66.16,72.74,37.6,4,2,3,7,2
59.73,52.28,57.21,60.43,78.06,63.86,59.34,16.9,3,2,3,4,2
86.61,88.32,87.62,98.29,96.72,98.3,90.29,70.8,0,1,1,9,0
69.17,67.18,66.47,81.07,84.52,80.55,100.0,103.4,1,1,7,7,2
83.06,90.45,80.57,82.41,92.79,83.37,74.62,74.4,2,1,2,11,1
63.44,67.47,65.68,87.47,86.12,97.75,70.14,68.7,1,1,4,3,1
81.49,90.36,81.14,80.88,92.72,90.79,81.01,87.6,0,0,3,11,0
68.48,71.26,73.34,60.17,79.34,82.58,71.43,62.4,3,0,6,8,2
64.98,63.93,67.94,47.93,53.36,45.69,36.5,15.2,4,3,5,10,2
84.64,96.01,95.63,97.49,99.39,100.0,94.59,107.9,0,0,4,10,0
67.27,78.19,69.91,74.1,83.83,83.94,92.11,53.5,4,0,7,13,2
79.37,88.0,82.48,81.84,89.31,81.72,67.54,107.0,2,1,4,4,1
98.49,98.94,92.77,94.11,97.07,86.48,87.6,46.6,2,0,1,4,0
90.32,93.03,89.13,75.09,73.53,76.43,65.07,36.4,4,0,1,8,1
99.5,100.0,99.67,84.63,92.95,84.04,100.0,60.1,3,0,1,13,0
29.03,23.69,27.31,69.06,62.69,54.53,60.1,26.5,4,2,9,7,2
66.81,69.61,66.35,91.8,86.33,97.27,87.0,67.8,3,1,6,7,2
99.24,100.0,97.03,94.27,100.0,100.0,100.0,109.2,1,0,3,8,0
57.42,65.94,61.63,88.76,95.02,93.97,95.17,85.3,1,1,2,12,1
90.58,99.71,92.85,69.23,100.0,72.95,86.64,62.0,1,0,0,9,0
35.47,21.56,35.42,31.44,39.36,13.67,5.0,5.0,7,1,2,2,2
75.84,79.09,78.08,52.18,76.74,45.38,56.98,17.7,2,1,4,10,2
99.5,100.0,97.56,100.0,97.25,84.77,80.97,77.9,2,0,3,4,0
75.76,69.28,77.63,71.17,79.17,80.33,63.16,41.7,4,0,5,2,2
53.83,52.26,49.21,78.81,83.27,71.31,88.04,39.0,5,1,5,4,2
68.72,61.05,64.24,75.01,85.46,64.43,63.94,43.6,2,4,4,5,2
75.69,71.18,69.78,100.0,89.98,87.9,87.26,78.4,1,2,5,7,2
99.5,100.0,98.67,100.0,100.0,100.0,100.0,126.9,0,0,7,5,2
88.79,100.0,98.54,91.67,99.27,87.8,82.85,72.9,2,0,1,7,0
78.32,87.44,82.54,77.08,85.51,69.28,72.46,55.5,7,3,4,12,2
73.88,82.87,70.39,93.16,100.0,90.02,83.23,76.5,2,0,4,2,1
72.22,77.31,72.62,100.0,97.82,100.0,100.0,82.0,0,0,4,2,0
97.35,96.58,98.13,100.0,100.0,100.0,100.0,86.0,0,0,3,7,0
78.54,78.18,79.56,76.25,94.28,70.85,78.16,52.3,7,2,6,5,2
79.69,77.8,78.27,95.91,95.32,80.88,79.26,88.3,1,0,3,2,1
51.43,55.31,55.98,75.07,70.26,60.05,67.29,42.9,3,5,7,12,2
58.24,59.96,61.24,73.35,81.27,68.58,66.62,55.5,1,2,4,11,2
83.96,94.55,87.38,88.14,86.48,90.63,77.2,94.2,0,2,4,2,1
74.22,76.57,76.06,69.77,79.68,77.77,80.29,68.2,4,2,3,4,2
96.88,88.4,93.09,99.97,100.0,88.7,89.86,87.3,2,1,3,6,0
28.85,20.47,25.89,45.21,53.79,51.86,35.83,31.9,7,4,14,2,2
67.74,73.3,70.61,77.52,81.45,93.25,86.59,52.6,7,5,6,12,2
73.92,77.35,79.29,91.46,89.2,68.63,66.01,33.2,2,1,2,5,1
37.73,23.7,34.29,40.69,49.99,33.11,34.14,5.0,4,1,5,11,2
59.8,46.91,54.92,25.84,63.11,24.26,34.38,5.0,5,1,6,12,2
83.78,79.47,80.52,83.49,97.35,77.42,61.0,74.7,2,0,0,6,0
99.5,92.27,99.41,82.44,98.8,100.0,100.0,82.6,1,0,2,13,0
89.75,92.84,92.19,82.76,91.67,89.94,100.0,103.0,3,0,8,11,2
54.37,62.35,57.02,87.18,76.52,77.71,90.95,85.9,2,2,3,6,2
99.5,97.66,97.58,85.43,87.37,88.22,88.1,75.6,3,0,1,10,0
62.05,48.18,57.04,53.22,67.21,49.99,49.23,46.0,5,2,9,8,2
51.81,56.51,50.93,56.12,63.67,63.69,42.94,25.6,4,3,2,13,2
82.85,99.94,83.58,100.0,100.0,96.92,99.31,81.6,1,0,0,4,0
76.62,74.48,82.1,90.78,84.08,80.72,73.88,45.1,3,4,6,13,2
91.2,79.51,93.16,56.17,79.08,52.55,47.76,24.3,4,2,6,9,2
80.89,81.85,81.86,83.27,91.56,71.48,75.19,43.3,2,0,3,13,1
66.98,70.23,70.37,75.1,85.9,76.24,77.69,43.8,2,3,2,11,2
54.53,51.9,52.68,76.61,78.7,81.43,68.31,51.1,0,2,6,8,2
80.06,69.42,78.11,80.2,91.74,86.41,68.48,32.2,4,2,5,2,2
91.7,100.0,95.35,95.05,100.0,86.82,84.4,72.2,1,0,0,12,0
64.57,66.94,66.31,66.12,82.4,82.96,71.6,35.3,4,0,4,6,2
51.08,60.3,50.73,69.55,65.04,60.5,55.38,33.8,2,2,5,8,2
80.9,87.15,90.49,100.0,100.0,100.0,100.0,61.4,2,3,4,12,1
58.45,69.4,58.26,72.94,75.29,68.97,73.4,70.8,1,1,8,4,2
60.65,52.82,61.12,45.5,72.76,48.64,48.93,36.2,9,2,5,5,2
93.55,93.56,90.44,100.0,97.72,85.25,97.6,66.1,3,2,3,11,1
70.3,64.82,60.44,61.48,72.66,65.34,58.99,43.8,2,1,3,9,2
39.18,46.44,45.82,42.09,62.2,50.88,55.85,40.5,6,4,9,13,2
99.5,100.0,100.0,88.22,100.0,100.0,100.0,114.5,3,0,2,6,0
53.08,57.4,49.38,50.56,58.45,37.95,41.03,7.2,1,2,4,12,2
19.98,10.63,19.2,44.46,65.36,35.17,34.68,8.8,3,3,9,13,2
28.69,13.3,21.53,44.8,54.13,60.55,40.6,54.6,2,2,5,9,2
95.14,100.0,100.0,84.62,93.14,83.1,83.49,49.9,1,0,2,7,0
67.37,63.04,60.22,69.97,86.88,84.74,63.81,68.3,0,1,5,8,2
52.16,44.76,46.95,43.13,55.92,26.06,23.61,5.0,8,3,7,11,2
73.82,73.99,77.3,74.19,73.86,81.45,65.44,41.8,5,1,4,13,2
94.61,96.81,93.87,79.28,91.98,73.51,70.82,49.6,2,0,3,8,1
82.33,97.72,85.04,81.71,90.45,85.45,89.49,76.9,1,0,5,6,2
80.56,81.56,81.99,77.93,81.04,70.91,73.73,50.0,0,1,5,11,2
95.34,99.99,100.0,79.92,86.82,82.39,78.16,56.3,4,0,1,2,1
87.07,89.23,87.82,100.0,100.0,92.0,87.91,81.4,3,2,1,6,1
75.73,79.39,76.4,72.58,85.93,61.33,66.04,42.6,5,0,2,8,2
68.82,68.87,65.94,62.47,78.27,64.19,53.73,34.7,3,1,1,3,2
99.5,100.0,98.02,99.41,96.6,94.42,97.26,93.1,1,0,2,3,0
46.72,51.33,44.14,75.42,62.93,46.41,38.91,34.2,4,3,5,12,2
61.69,57.65,65.18,68.29,76.82,60.99,58.74,36.7,1,0,5,10,2
18.55,15.57,20.38,44.63,54.51,45.06,18.17,5.0,2,3,10,4,2
27.2,9.74,15.54,51.26,65.58,44.51,41.25,18.7,1,6,6,7,2
89.47,98.11,90.6,90.46,93.45,92.67,74.13,63.6,2,2,3,11,1
68.89,65.08,70.56,88.89,79.92,81.81,78.22,69.4,2,1,4,11,2
88.88,96.41,94.48,86.61,84.63,82.75,78.79,70.0,2,1,5,2,2
53.16,56.47,54.15,53.5,64.17,46.69,49.76,45.7,8,3,2,9,2
99.5,100.0,98.81,100.0,100.0,100.0,97.14,102.6,1,0,0,9,0
68.39,72.23,69.95,63.46,78.27,47.73,46.66,29.3,5,2,4,5,2
59.62,48.35,53.67,62.78,74.02,57.82,60.75,39.6,3,1,7,7,2
76.76,74.38,80.27,70.37,76.9,71.4,78.95,69.0,4,0,3,2,2
47.49,37.01,46.43,55.48,60.01,51.74,39.28,41.7,4,4,7,5,2
92.02,92.2,93.36,85.53,89.24,88.49,100.0,103.1,1,0,4,11,0
87.49,80.78,80.7,91.0,100.0,97.1,82.71,83.6,1,0,3,2,0
85.73,88.33,84.38,90.49,91.48,93.93,72.69,76.6,2,0,1,6,0
89.32,99.4,90.76,100.0,76.26,86.13,96.31,70.5,7,0,2,11,1
87.74,98.25,90.39,80.3,91.63,75.47,75.98,70.2,3,1,1,6,1
47.16,31.83,42.16,46.98,61.18,42.9,37.64,13.0,6,3,2,12,2
99.5,100.0,100.0,100.0,100.0,100.0,100.0,95.9,0,0,1,6,0
56.21,47.72,53.79,47.89,73.1,75.95,52.59,33.6,5,5,6,7,2
58.11,45.41,47.88,61.64,65.37,51.85,36.85,21.3,2,5,4,4,2
81.43,73.66,81.3,49.38,75.03,37.1,55.15,37.0,8,1,4,5,2
94.74,100.0,91.45,100.0,100.0,100.0,100.0,122.5,0,0,2,12,0
40.07,36.66,40.7,73.38,73.66,65.75,55.36,39.8,2,6,10,11,2
85.28,82.01,82.39,100.0,99.93,100.0,94.63,94.5,1,1,1,11,0
72.35,82.8,78.72,100.0,93.66,93.62,81.2,58.1,0,1,2,12,0
55.09,59.91,59.13,92.65,74.63,98.16,69.41,68.7,2,1,5,12,2
47.52,48.35,48.62,79.05,73.28,67.8,52.15,34.1,3,1,9,8,2
99.5,100.0,95.61,100.0,100.0,100.0,100.0,89.9,1,0,1,4,0
95.65,100.0,94.91,80.75,92.28,81.43,83.17,64.3,1,0,0,10,0
84.95,83.95,86.71,85.45,83.02,65.06,70.79,67.1,4,2,5,7,2
87.05,80.71,85.45,87.06,83.76,85.58,71.59,53.8,2,1,0,6,1
83.81,99.28,97.06,95.65,90.49,81.79,93.07,91.4,2,3,6,12,2
78.08,81.62,80.07,79.08,86.89,67.62,74.51,48.4,9,0,2,12,1
66.88,57.22,66.4,67.36,66.1,66.53,54.06,34.4,5,3,4,9,2
83.56,83.4,81.98,100.0,100.0,100.0,100.0,108.4,0,1,2,2,0
74.65,88.72,76.65,76.25,79.9,82.85,70.58,72.8,2,4,6,12,2
51.31,48.29,54.82,83.93,79.98,68.64,60.48,29.1,3,1,4,3,2
93.59,90.21,89.5,91.16,85.37,86.38,83.95,82.5,5,1,3,3,1
88.92,86.95,82.52,83.64,92.18,89.0,67.3,69.8,3,0,7,6,2
99.5,100.0,94.38,97.51,100.0,94.26,92.26,67.9,3,0,2,7,0
75.79,77.1,77.77,83.6,83.5,100.0,90.5,77.5,1,2,2,7,1
49.26,46.04,45.37,61.0,66.93,53.33,58.92,30.5,2,7,6,8,2
80.53,99.97,81.88,88.46,91.37,74.79,79.74,77.1,3,2,2,3,1
79.39,72.35,84.42,96.97,94.74,98.58,94.28,88.2,6,1,2,13,1
65.27,59.83,54.47,68.35,82.62,64.19,66.87,37.0,3,9,10,3,2
90.62,92.18,89.57,75.58,82.53,85.01,74.55,71.5,3,1,1,11,1
63.49,53.34,66.12,94.08,80.24,89.48,69.88,64.3,4,1,2,7,2
56.27,55.17,56.09,64.27,63.52,48.37,48.88,21.7,2,0,7,13,2
54.22,61.78,66.94,79.86,74.4,86.74,64.89,86.8,1,3,4,4,2
67.08,57.44,66.55,79.58,85.05,82.21,74.47,37.4,8,0,4,3,2
95.79,99.02,92.3,90.44,98.27,95.68,88.28,88.3,2,0,2,8,0
95.25,98.67,99.55,86.02,87.06,75.86,89.37,51.4,3,0,2,8,0
99.5,100.0,97.43,100.0,100.0,95.9,97.28,95.3,4,0,1,9,0
79.56,100.0,86.31,86.17,95.44,95.25,93.52,88.8,0,1,6,2,2
70.25,63.13,63.52,66.78,80.07,67.82,58.23,37.7,5,1,3,7,2
58.98,65.58,58.87,76.85,77.01,98.87,82.85,68.7,3,3,4,10,2
44.31,45.95,47.83,82.06,74.35,76.63,90.52,56.6,2,0,7,9,2
84.26,86.2,81.37,100.0,94.5,92.43,79.54,86.1,2,1,2,11,1
33.37,29.61,24.2,54.32,65.61,51.82,57.27,43.8,5,0,7,11,2
67.66,71.3,70.68,66.95,88.07,70.97,69.09,75.7,1,1,3,10,1
92.91,96.61,93.33,80.45,100.0,87.48,84.25,99.2,2,0,0,8,0
55.22,52.42,57.83,59.38,62.18,56.96,42.32,23.8,8,2,4,11,2
88.21,96.72,88.38,100.0,100.0,96.66,100.0,97.9,0,0,4,4,0
50.86,38.32,50.18,55.19,67.23,41.45,47.36,16.6,3,1,5,12,2
75.85,81.47,80.85,59.2,82.56,68.36,68.63,70.6,5,0,3,8,2
99.5,100.0,100.0,91.17,100.0,94.98,92.05,78.8,2,1,6,12,2
68.18,69.33,63.22,63.87,63.46,42.01,45.94,27.8,6,2,5,12,2
99.5,100.0,99.45,88.97,92.47,85.39,73.67,55.5,3,0,0,3,0
53.79,43.72,53.57,45.24,72.81,53.71,53.13,30.6,12,2,4,12,2
99.5,94.99,95.57,80.26,95.35,88.88,85.98,74.3,2,0,2,2,0
88.85,96.72,83.45,65.21,93.78,80.13,68.62,57.8,4,0,2,2,1
78.48,73.51,73.88,88.05,93.62,90.74,89.01,71.7,3,1,4,13,1
36.25,14.95,24.36,15.39,42.24,13.99,5.42,5.0,11,2,1,4,2
89.41,100.0,91.01,94.22,88.85,100.0,85.99,108.6,1,0,2,11,0
62.99,64.89,57.93,66.01,71.18,64.4,66.38,48.1,3,2,4,10,2
96.27,96.45,99.44,86.73,91.06,61.28,64.53,76.7,3,0,0,5,0
77.68,64.29,75.03,79.44,97.47,74.89,76.41,66.8,5,0,3,11,2
69.27,67.07,64.8,84.28,96.12,76.57,82.54,85.4,2,1,4,13,1
93.38,100.0,94.16,86.1,97.26,83.04,66.07,58.4,1,1,3,13,0
35.52,14.45,24.02,43.66,52.53,44.87,23.03,5.0,9,2,5,7,2
87.19,94.58,91.95,95.48,97.97,95.02,88.72,81.6,6,0,1,12,1
55.22,43.9,46.91,91.58,78.39,76.0,53.56,51.5,1,4,8,4,2
88.16,87.38,84.44,85.56,89.07,84.27,100.0,102.1,3,2,2,12,1
60.87,53.08,58.31,100.0,89.76,92.11,85.35,75.7,3,1,3,3,2
42.43,43.77,39.55,86.57,78.36,75.6,72.97,60.6,3,2,8,13,2
36.14,15.37,34.96,35.37,51.52,34.74,32.27,5.0,3,4,3,10,2
85.18,87.69,83.26,91.78,94.09,86.24,76.67,77.1,0,0,3,9,0
85.62,89.47,90.01,65.71,84.84,62.69,67.9,41.3,4,2,4,7,2
73.3,77.66,78.49,87.42,82.59,91.71,83.69,67.0,3,0,5,5,2
69.3,72.59,64.94,83.95,77.15,70.13,50.53,78.3,4,0,4,10,2
75.99,82.44,77.39,95.05,92.43,88.43,88.87,80.4,2,0,0,13,0
77.25,79.36,74.57,71.29,90.48,87.03,83.99,57.3,2,2,4,4,1
90.84,94.24,95.76,96.42,92.2,95.09,80.42,97.9,1,0,5,5,2
83.9,89.2,85.61,76.78,98.01,93.62,71.66,71.3,3,1,2,11,1
30.96,12.37,27.46,33.16,64.84,25.81,32.39,11.9,3,3,11,6,2
31.85,20.8,34.18,53.95,72.35,40.14,33.09,25.3,4,7,10,13,2
61.23,69.8,71.39,42.4,62.51,52.82,26.19,23.9,1,2,9,2,2
94.77,100.0,92.47,85.75,87.39,74.2,80.58,70.5,0,1,0,2,0
57.7,64.35,55.51,60.56,71.78,63.1,48.82,31.8,1,0,4,2,2
98.44,100.0,94.31,82.08,100.0,98.72,100.0,88.8,5,1,4,9,1
99.5,96.65,100.0,80.92,91.76,78.71,77.61,88.7,3,0,2,2,0
81.0,82.84,84.71,87.0,95.59,98.66,72.17,75.3,5,2,1,3,1
99.5,87.92,97.82,72.63,94.13,78.34,86.56,51.9,6,0,2,4,1
48.89,56.81,54.09,67.08,76.96,72.46,59.33,19.4,5,2,8,2,2
24.93,30.65,25.46,72.77,74.72,63.0,60.47,52.2,0,2,12,7,2
67.09,59.06,64.4,66.28,78.48,50.74,63.34,35.8,6,1,6,6,2
99.5,100.0,100.0,92.3,98.35,91.54,96.13,103.3,2,0,2,6,0
73.75,80.56,76.79,87.42,91.77,84.13,92.94,71.4,3,2,5,6,2
94.52,99.56,93.84,83.27,100.0,89.49,84.79,83.3,1,0,3,7,0
72.32,78.07,80.95,92.79,87.04,83.83,72.45,70.1,4,1,4,8,2
69.03,74.6,66.34,76.46,85.76,79.27,98.09,62.2,1,0,0,12,0
83.2,87.04,82.98,77.1,78.0,72.21,64.32,63.6,1,2,4,2,1
81.55,86.51,89.28,83.95,88.29,100.0,85.54,61.1,1,1,2,10,0
81.25,86.04,86.79,83.43,92.11,90.72,83.22,88.1,0,2,5,8,2
93.45,94.21,88.66,100.0,95.16,90.91,84.76,81.0,2,0,1,10,0
85.05,96.99,80.82,89.6,100.0,100.0,88.96,88.3,3,1,6,6,2
99.5,100.0,95.57,88.26,91.9,77.58,72.93,52.9,2,0,2,7,0
92.16,90.11,91.86,100.0,100.0,100.0,100.0,73.5,1,1,3,13,0
70.2,76.15,72.71,95.85,94.38,94.28,94.81,78.2,1,0,1,5,0
87.82,85.18,86.68,92.47,93.92,75.7,77.18,67.6,6,1,3,8,1
61.84,65.94,65.7,76.61,76.02,80.14,73.21,74.8,6,1,3,8,2
94.43,98.74,96.18,64.82,81.46,78.99,59.71,17.0,1,1,4,6,1
52.52,48.39,54.76,51.93,71.02,44.4,47.21,53.6,4,1,5,5,2
87.4,85.44,89.69,100.0,94.29,97.55,77.91,54.6,3,0,3,5,1
88.94,85.6,79.04,77.1,92.31,75.28,70.08,64.9,0,2,4,5,1
95.26,94.38,95.28,93.75,100.0,100.0,94.93,93.7,0,0,2,9,0
87.13,72.79,80.82,77.72,77.01,77.26,65.45,39.1,2,2,2,10,1
85.19,100.0,91.91,100.0,100.0,95.73,100.0,102.5,3,1,2,4,0
75.49,80.57,76.45,69.63,79.11,79.47,68.1,47.7,1,1,3,9,1
91.48,100.0,88.27,100.0,91.8,100.0,100.0,98.3,0,2,3,2,0
59.29,50.41,57.75,52.18,62.08,48.98,44.91,5.0,6,2,4,10,2
99.5,100.0,100.0,70.51,88.36,86.46,62.53,56.0,1,0,3,6,0
73.75,73.81,66.39,98.89,100.0,98.26,100.0,108.0,5,2,4,9,2
48.38,41.34,52.62,67.02,68.56,73.18,62.0,59.8,2,3,7,9,2
93.25,100.0,99.57,91.62,99.86,89.96,85.45,72.8,1,0,3,5,0
84.4,79.26,78.85,81.39,86.44,74.91,57.29,34.6,3,0,0,12,1
45.9,51.67,43.69,76.44,67.09,71.88,71.51,31.8,5,0,5,8,2
99.5,100.0,100.0,91.1,90.73,91.1,79.43,83.6,0,0,1,12,0
99.5,92.07,97.19,87.73,96.89,78.73,91.03,74.0,1,0,2,13,0
99.5,100.0,100.0,100.0,98.39,100.0,100.0,93.2,1,0,0,6,0
72.51,77.2,76.26,81.4,83.4,76.31,73.99,57.0,3,2,1,9,1
38.09,34.92,39.23,32.71,60.54,50.09,25.37,15.3,4,2,8,3,2
66.87,52.15,56.84,62.26,75.83,71.33,72.7,45.3,6,2,7,2,2
86.8,84.94,85.53,98.23,85.55,99.95,98.93,93.1,2,1,4,13,1
96.44,100.0,99.17,100.0,95.02,95.5,95.93,86.2,2,0,1,8,0
49.14,40.16,44.78,65.59,79.58,63.82,63.18,56.9,5,0,2,13,2
64.34,74.5,70.79,86.34,85.72,67.82,71.99,69.6,0,1,6,4,2
78.45,81.94,84.08,94.26,89.28,96.51,88.46,67.4,4,1,2,6,1
36.65,31.42,31.35,50.57,58.46,39.68,38.47,5.0,6,3,6,5,2
96.72,100.0,97.83,67.91,93.47,84.86,78.09,30.5,1,0,2,9,0
57.29,44.0,50.12,51.94,65.68,55.16,59.03,36.5,2,1,5,9,2
78.74,82.48,78.46,89.66,86.11,89.09,69.84,42.4,2,2,3,11,1
95.8,99.54,90.65,74.07,88.35,79.32,72.75,76.0,2,0,1,4,0
79.14,76.09,79.63,62.44,76.55,58.48,69.16,16.2,2,1,2,8,1
83.27,80.84,93.81,84.43,89.62,75.97,57.51,42.7,1,2,5,12,2
91.92,100.0,96.66,100.0,100.0,100.0,100.0,84.6,3,0,2,7,0
92.49,74.32,94.74,100.0,94.06,87.91,86.79,94.1,3,0,5,13,2
57.89,60.86,64.18,61.37,68.03,38.97,56.73,25.6,4,3,3,9,2
95.96,92.68,91.7,100.0,100.0,100.0,100.0,99.3,0,0,2,3,0
99.5,100.0,100.0,100.0,100.0,98.72,81.29,70.2,3,0,2,6,0
83.97,81.84,86.3,86.98,87.16,100.0,78.12,79.2,8,2,3,2,2
98.29,93.86,99.54,77.26,100.0,90.78,94.27,79.7,3,0,4,5,1
83.66,87.42,82.2,77.2,85.73,78.44,79.74,71.3,3,3,2,2,1
99.5,100.0,100.0,66.98,88.56,88.58,68.91,54.9,6,1,1,4,1
61.44,58.04,66.84,54.46,65.41,51.08,42.49,8.5,5,3,4,2,2
94.46,100.0,90.35,100.0,100.0,96.79,100.0,88.6,1,1,3,8,0
86.17,83.53,89.31,70.29,71.77,74.44,60.93,59.2,1,0,4,5,1
46.85,38.48,48.4,57.28,73.33,53.98,49.22,5.0,3,4,3,2,2
73.53,76.07,67.64,60.51,77.71,69.57,66.04,46.8,4,1,3,3,2
95.99,93.97,92.71,87.11,95.94,87.78,81.78,38.1,3,1,1,11,0
58.96,58.94,57.85,72.97,72.37,67.34,62.45,61.8,4,5,4,12,2
99.5,91.46,99.95,92.0,90.31,87.3,86.53,69.8,4,0,3,7,1
94.92,98.28,96.22,84.39,92.3,85.97,72.06,78.2,2,1,3,5,1
60.18,48.18,53.42,22.9,48.68,17.89,5.0,5.0,6,3,7,10,2
71.28,68.76,70.64,68.44,73.05,60.74,68.33,46.1,2,1,5,6,2
89.27,100.0,95.08,77.41,79.71,92.28,89.56,59.0,4,0,0,6,0
97.07,100.0,97.54,100.0,92.19,98.88,97.92,86.0,1,0,4,11,0
63.11,68.2,71.55,69.92,75.01,62.86,61.53,21.3,2,3,3,4,2
61.03,67.06,63.46,69.23,80.45,75.68,90.44,39.7,5,2,6,2,2
56.81,52.94,58.31,57.25,71.57,52.78,37.04,17.4,7,3,7,9,2
69.33,73.61,66.72,86.78,86.2,92.3,73.59,76.3,3,3,7,2,2
76.13,79.01,78.68,68.11,80.08,76.28,71.2,49.6,3,1,2,13,1
79.74,86.67,80.35,79.99,83.03,85.44,79.23,79.5,0,0,3,3,0
83.31,88.32,83.19,93.88,97.81,98.21,84.16,102.3,5,0,6,6,2
99.5,100.0,100.0,100.0,100.0,100.0,100.0,89.0,0,0,0,10,0
44.72,42.5,41.24,64.74,68.46,57.95,65.72,42.7,1,3,7,13,2
90.42,100.0,92.01,97.48,94.42,100.0,100.0,85.7,0,1,7,6,2
99.5,100.0,92.77,91.18,99.19,78.85,90.92,80.0,1,2,0,5,0
65.84,57.83,59.26,58.01,80.59,53.21,59.2,33.4,9,4,6,8,2
84.32,89.64,79.55,89.29,91.22,88.43,96.07,80.1,2,2,2,9,1
68.97,70.62,74.31,79.78,92.82,77.2,81.13,43.6,1,1,2,13,1
87.37,86.51,88.51,96.71,100.0,100.0,84.96,80.2,3,0,4,13,1
98.1,100.0,100.0,99.94,100.0,90.4,100.0,102.3,1,1,4,3,0
23.35,8.0,19.38,29.48,54.51,25.15,21.49,5.0,8,4,9,5,2
99.5,100.0,95.85,74.54,98.28,79.12,77.95,58.8,1,0,0,8,0
97.24,90.82,98.07,82.74,89.09,93.29,81.0,77.8,1,0,1,13,0
60.78,41.8,52.8,50.64,66.75,38.57,34.04,12.2,5,2,3,11,2
63.1,52.75,61.49,35.32,53.27,39.72,34.75,5.0,3,2,2,12,2
56.04,62.32,47.5,80.77,90.49,81.0,97.23,70.2,5,1,7,12,2
21.24,16.18,14.55,43.43,52.89,44.27,42.53,5.0,8,3,8,2,2
86.63,98.29,88.24,88.24,88.35,72.92,76.56,61.0,3,0,0,11,0
99.5,99.8,100.0,90.03,100.0,97.53,100.0,78.3,1,1,0,11,0
42.29,43.03,36.27,47.59,69.48,44.47,40.15,5.0,3,3,8,13,2
49.03,30.98,51.27,63.98,66.58,61.59,28.3,35.9,6,6,4,3,2
58.97,49.55,60.44,68.71,74.22,52.49,58.64,50.4,1,0,8,3,2
95.63,100.0,100.0,100.0,99.16,100.0,100.0,71.9,1,1,3,8,0
99.5,90.17,100.0,64.25,86.62,67.38,79.73,31.8,1,1,1,11,0
95.19,100.0,99.2,83.3,99.98,85.8,85.2,97.7,3,0,1,4,0
58.71,51.37,51.41,73.62,72.81,71.72,57.64,48.3,1,6,4,10,2
76.58,83.35,80.99,75.42,76.19,76.77,66.28,67.3,2,0,4,8,1
99.5,100.0,97.72,83.42,92.9,79.19,70.17,46.7,3,0,0,13,0
89.09,88.69,88.01,98.44,91.6,97.35,89.39,92.1,2,2,3,4,1
86.34,84.54,89.08,85.03,87.02,66.14,65.97,50.1,4,1,1,2,1
83.54,83.49,81.27,75.5,74.32,69.42,62.7,43.0,2,0,3,5,1
72.24,81.6,73.33,65.21,80.63,74.21,64.85,53.2,3,2,6,8,2
78.74,68.25,78.6,57.96,71.14,52.92,53.06,19.9,6,0,4,9,2
83.55,73.09,76.3,100.0,95.12,100.0,92.9,90.2,0,0,2,13,0
67.14,60.31,63.3,46.18,71.74,56.23,54.4,26.9,5,1,5,12,2
43.17,31.11,38.25,59.62,70.0,43.84,49.41,5.0,5,1,2,3,2
79.31,71.62,78.71,96.43,88.74,96.94,92.14,51.1,4,1,6,6,2
92.22,96.03,96.6,92.14,88.68,96.01,68.98,80.1,3,0,4,3,1
69.89,62.16,64.29,75.23,93.93,77.62,77.19,51.5,4,1,4,7,2
94.54,100.0,89.92,97.2,96.19,100.0,100.0,95.9,1,1,2,7,0
82.38,74.57,84.53,68.52,94.13,69.41,80.31,63.9,3,1,3,2,1
51.09,70.08,49.3,51.3,65.04,55.13,60.42,35.2,5,2,4,12,2
99.5,100.0,100.0,100.0,100.0,98.34,98.79,116.1,1,0,2,7,0
99.5,97.1,98.4,73.32,99.08,85.22,77.9,79.1,2,1,3,7,1
40.33,26.45,36.1,50.82,63.83,38.94,34.98,12.0,5,2,5,5,2
88.14,89.87,90.03,97.53,94.02,93.07,87.96,80.8,3,0,4,11,1
66.33,72.98,67.91,79.9,88.93,93.52,79.16,66.7,0,2,1,7,1
64.28,62.09,63.12,79.74,83.75,83.09,86.82,60.2,0,2,0,5,1
50.41,43.85,49.25,85.17,79.68,83.48,74.91,70.2,3,2,7,3,2
69.89,57.37,66.2,54.49,82.53,76.93,62.64,37.2,6,1,3,6,2
59.96,53.39,46.35,46.91,74.08,48.35,42.1,29.4,6,4,2,4,2
43.93,34.12,39.92,69.07,82.03,56.17,42.01,26.0,4,5,6,10,2
81.53,86.82,86.74,88.64,91.86,89.59,79.12,80.1,0,1,3,13,1
90.7,81.97,84.49,100.0,98.51,100.0,99.63,89.1,1,0,3,8,0
78.69,86.3,83.43,91.7,93.13,97.3,86.33,47.3,2,0,3,13,1
85.8,86.84,90.28,83.96,87.99,74.85,80.3,78.6,7,3,0,7,1
99.5,91.67,96.9,87.35,100.0,100.0,100.0,114.1,0,0,0,4,0
84.83,96.84,89.89,100.0,100.0,100.0,100.0,94.4,0,0,2,12,0
99.5,100.0,94.26,86.12,100.0,91.5,94.91,77.7,3,0,2,2,0
92.59,90.04,91.25,100.0,97.1,95.1,82.22,78.2,2,0,2,10,0
99.5,100.0,100.0,100.0,100.0,100.0,100.0,113.8,1,0,0,3,0
56.43,45.58,50.56,75.98,69.3,67.91,71.36,63.1,3,4,5,8,2
69.12,52.5,61.26,89.73,79.1,77.06,48.58,52.3,3,2,6,11,2
72.31,70.36,73.65,76.49,77.18,75.2,69.18,42.9,1,2,2,4,1
63.11,54.18,61.14,57.42,78.87,63.58,41.46,27.9,4,0,4,13,2
48.56,30.54,43.58,38.66,47.76,32.01,38.81,12.5,7,3,5,8,2
60.19,65.37,55.88,67.16,89.29,78.76,58.83,71.2,0,2,5,5,2
94.05,100.0,98.0,100.0,100.0,100.0,97.33,103.8,0,0,0,4,0
27.77,27.98,21.44,22.5,49.1,21.91,22.8,5.0,4,4,8,9,2
99.5,100.0,98.61,100.0,99.3,100.0,92.21,94.6,2,0,5,9,2
80.04,87.48,90.63,97.9,90.85,100.0,84.58,90.0,3,2,4,9,1
56.43,47.07,55.14,76.95,65.95,48.09,69.68,61.9,8,1,8,9,2
99.5,86.32,95.8,74.29,100.0,91.73,93.25,68.9,1,0,3,7,0
77.94,91.38,79.7,57.96,80.86,63.02,66.74,35.1,4,1,4,9,2
81.37,87.67,89.94,86.09,98.16,80.81,92.67,52.4,3,0,3,6,1
82.78,94.01,88.29,71.22,91.75,68.87,69.39,61.7,3,1,3,7,1
96.6,94.64,86.58,92.4,100.0,98.2,93.95,77.8,3,0,5,9,2
85.81,97.82,87.66,90.94,97.04,96.77,77.12,73.2,0,1,2,10,0
81.12,82.59,82.78,72.73,91.66,63.04,67.04,41.7,8,2,3,8,2
75.54,91.24,80.61,100.0,91.62,100.0,100.0,120.4,0,5,2,2,1
61.16,65.89,67.29,85.65,78.41,82.6,84.04,68.8,5,6,3,7,2
99.5,100.0,95.17,100.0,100.0,95.35,100.0,116.9,3,0,1,12,0
85.01,82.82,84.87,58.23,79.62,46.23,58.57,25.9,1,0,3,3,1
89.58,90.25,87.32,96.98,94.75,84.45,88.6,87.9,4,0,2,7,1
99.5,100.0,100.0,95.75,100.0,96.39,86.67,87.0,2,0,0,8,0
78.03,70.13,72.82,68.94,72.97,61.15,50.42,49.7,8,2,9,7,2
39.53,29.08,35.79,37.68,58.5,53.48,37.98,17.1,2,4,6,6,2
98.21,97.09,100.0,65.8,94.57,64.79,73.64,55.6,1,0,0,7,0
99.5,100.0,93.37,93.85,100.0,92.24,96.37,92.8,2,0,0,13,0
54.81,52.44,62.14,68.31,70.57,55.52,45.12,37.0,5,1,4,8,2
52.89,47.35,64.7,54.35,68.39,55.89,51.36,29.0,7,1,4,2,2
99.5,100.0,97.68,100.0,100.0,96.97,82.11,111.1,5,0,2,4,0
99.5,100.0,100.0,100.0,100.0,92.41,97.0,84.2,2,0,0,10,0
77.44,77.1,80.9,90.53,90.67,89.06,84.18,71.4,3,1,3,3,1
69.7,62.52,70.05,81.5,95.13,68.73,78.91,69.2,3,2,6,9,2
84.22,73.41,77.07,44.61,61.05,43.26,18.03,17.4,8,3,7,4,2
68.3,64.04,62.9,79.93,78.13,73.95,68.86,44.2,4,2,2,12,2
89.33,95.01,89.57,100.0,100.0,100.0,100.0,92.2,0,0,0,10,0
85.81,89.02,85.33,65.37,80.56,68.99,55.59,46.0,4,1,7,11,2
33.06,38.2,30.09,69.42,72.49,64.17,67.79,49.7,3,6,5,7,2
93.23,93.72,90.26,85.33,96.02,86.99,79.05,77.1,1,1,2,6,0
61.64,66.67,67.58,85.0,96.31,90.47,96.59,91.1,2,1,7,7,2
99.5,96.22,100.0,83.89,93.5,87.14,77.01,51.3,4,0,1,2,0
88.19,86.41,83.88,100.0,95.34,83.63,93.56,94.7,3,0,4,6,1
76.25,81.97,88.19,64.17,88.77,74.87,72.76,62.5,4,1,5,10,2
99.5,91.43,90.69,85.54,92.67,83.39,93.16,59.0,2,0,0,6,0
62.16,52.3,53.67,54.49,73.89,47.0,45.17,36.1,4,3,7,4,2
83.02,76.27,72.9,82.24,81.8,67.01,49.85,26.2,3,1,5,9,2
87.59,92.03,82.05,85.52,86.88,67.9,72.98,83.9,5,2,0,10,1
82.89,88.78,89.69,100.0,99.73,97.78,100.0,87.7,1,2,2,13,0
50.0,41.56,44.87,62.96,71.05,56.41,60.63,9.7,8,2,9,8,2
93.05,100.0,95.5,98.95,100.0,90.55,100.0,77.5,1,0,1,12,0
65.37,74.41,67.35,52.63,66.37,73.47,58.01,47.3,2,0,3,6,2
89.38,97.89,87.24,96.43,100.0,100.0,89.11,96.9,1,3,8,2,2
90.5,96.33,85.58,82.08,91.0,93.4,93.35,83.5,4,1,4,11,1
78.99,70.97,66.8,57.32,64.7,57.73,38.32,5.0,2,0,4,2,2
91.36,93.56,90.7,85.58,88.32,86.53,85.73,54.0,4,0,1,12,1
50.74,40.63,48.17,62.91,70.38,61.99,54.23,43.8,4,3,2,9,2
61.15,65.41,58.49,63.1,88.43,64.08,56.44,32.8,4,2,3,9,2
86.77,89.34,78.14,99.55,92.36,91.56,83.57,58.5,1,1,1,13,0
81.98,78.68,83.86,78.86,93.04,77.92,86.42,62.6,3,1,5,12,2
69.79,65.05,71.66,60.41,76.59,67.72,53.82,55.9,5,2,4,13,2
12.43,8.0,10.0,38.89,31.81,23.24,5.0,5.0,4,4,9,5,2
99.5,100.0,94.26,92.52,100.0,94.34,87.81,97.8,2,0,0,9,0
99.36,100.0,100.0,100.0,94.55,100.0,100.0,90.8,1,2,3,11,0
57.96,44.31,44.37,87.09,84.99,82.36,89.96,86.5,7,4,5,3,2
67.74,68.13,61.74,80.52,75.04,90.29,71.7,84.4,2,0,5,3,2
84.2,88.45,91.01,75.74,90.71,77.32,84.44,68.3,4,0,3,4,1
97.2,95.71,93.87,75.94,91.47,76.41,81.16,69.2,0,1,2,12,0
63.4,62.92,62.74,100.0,91.91,98.5,98.07,103.3,1,2,3,5,1
99.5,96.48,92.99,99.58,100.0,90.09,96.87,100.8,2,0,1,5,0
54.79,48.92,56.52,75.07,68.67,64.01,43.3,33.9,2,3,3,6,2
92.38,85.72,88.88,80.45,77.35,73.66,67.39,60.2,2,1,2,8,1
90.26,88.28,92.93,100.0,100.0,100.0,90.32,97.2,1,0,1,12,0
66.44,64.89,63.08,77.93,91.57,81.1,74.19,49.1,4,1,4,5,2
85.42,100.0,85.71,67.29,89.61,88.49,67.69,65.4,3,0,0,11,0
86.24,100.0,90.31,77.6,76.96,82.76,66.73,53.5,1,1,5,8,2
39.57,45.09,37.6,69.68,64.33,67.17,54.27,21.4,6,2,4,5,2
80.65,88.17,80.74,93.28,91.49,78.84,79.17,64.6,2,1,4,11,1
83.86,69.16,74.17,78.04,79.36,67.93,80.25,61.1,4,0,3,4,1
39.4,53.04,38.8,46.52,63.4,47.84,49.2,16.2,4,5,6,2,2
83.05,89.36,87.85,91.21,95.61,92.0,81.77,78.1,1,1,1,8,0
88.14,82.93,87.36,89.8,87.46,86.71,92.46,81.9,1,0,0,7,0
84.51,100.0,85.67,79.41,95.71,77.41,95.41,82.9,0,5,5,10,2
99.5,100.0,100.0,79.73,89.14,85.64,79.67,60.6,4,0,4,2,1
99.5,100.0,96.02,100.0,100.0,100.0,100.0,106.8,0,0,1,7,0
77.19,75.04,79.04,77.92,82.76,86.93,67.25,58.5,3,3,5,5,2
39.36,39.24,28.12,60.76,74.14,67.04,56.35,57.2,7,2,6,11,2
75.54,82.68,76.37,73.02,85.55,70.93,72.98,81.2,3,1,2,3,1
63.23,66.17,56.21,75.97,78.13,39.82,48.51,23.1,6,2,8,10,2
85.79,100.0,87.01,87.15,93.19,100.0,93.52,66.3,3,1,6,7,2
99.5,100.0,100.0,82.22,100.0,93.33,90.58,89.6,5,0,2,2,1
41.96,34.09,39.44,41.57,49.82,40.86,32.72,5.0,9,2,9,3,2
61.24,58.67,56.49,69.99,77.62,71.07,71.2,62.9,1,0,5,4,2
54.5,44.52,50.18,61.76,69.99,71.91,50.0,64.3,2,6,7,13,2
64.96,57.45,62.62,66.34,65.75,71.1,63.14,44.8,2,3,8,11,2
94.9,97.27,92.55,92.72,99.74,96.26,83.69,80.5,1,2,0,7,0
57.71,66.82,63.17,74.1,82.27,77.05,61.54,63.7,2,1,7,4,2
58.41,59.23,58.57,75.35,79.26,67.47,56.77,28.7,5,2,5,3,2
91.65,99.13,91.62,99.22,100.0,100.0,100.0,102.6,0,0,2,12,0
55.29,51.1,60.31,67.73,76.51,58.08,55.6,40.2,3,2,6,11,2
77.42,65.2,70.48,61.36,79.31,49.49,59.84,29.4,3,2,6,11,2
68.28,59.08,59.79,68.95,75.02,61.13,48.38,51.0,4,1,5,6,2
79.09,74.63,80.64,52.36,68.32,42.4,52.52,22.6,5,1,2,7,2
75.61,74.31,76.92,77.88,79.98,68.14,59.13,36.4,4,1,4,4,2
98.36,100.0,90.16,100.0,100.0,100.0,100.0,102.2,0,2,3,9,0
44.38,33.24,31.53,48.67,50.41,36.19,37.26,18.1,7,2,12,8,2
77.38,84.6,81.33,87.79,89.92,86.16,73.92,85.4,6,1,2,2,1
94.65,87.05,88.24,90.33,87.6,93.98,86.2,69.1,3,0,3,2,1
88.67,87.25,88.64,94.58,100.0,91.8,92.16,93.0,3,0,2,9,0
60.34,61.64,58.54,62.69,83.92,76.43,63.08,53.5,0,2,3,3,2
47.65,43.3,47.42,61.31,57.59,56.82,54.53,31.6,3,3,9,3,2
41.49,42.23,44.09,60.6,63.25,50.21,50.31,35.9,2,4,4,7,2
74.76,84.4,70.2,82.7,89.64,82.89,69.08,68.8,5,0,2,2,1
69.39,72.81,65.96,51.1,66.83,29.92,40.54,45.1,4,1,4,13,2
61.11,73.0,71.31,67.53,74.18,74.24,78.63,62.4,4,1,3,6,2
99.5,100.0,100.0,92.76,99.24,96.41,84.05,94.3,1,0,3,5,0
51.63,53.84,54.56,95.79,90.87,89.77,88.21,88.5,0,3,6,6,2
90.35,100.0,100.0,99.78,94.2,88.74,96.09,103.0,0,5,2,2,1
99.5,100.0,100.0,84.52,100.0,99.51,87.31,65.7,0,0,1,7,0
98.09,93.57,96.15,100.0,97.4,93.75,93.48,99.9,0,1,2,13,0
82.23,81.81,76.88,76.08,92.88,98.97,87.78,85.7,1,2,1,3,1
39.95,35.35,43.0,60.78,55.86,34.64,36.7,15.3,9,5,6,11,2
32.56,28.28,35.83,45.53,63.6,49.68,42.51,26.7,1,8,5,4,2
83.26,73.2,79.97,95.73,82.97,78.21,69.29,89.9,1,0,1,9,0
76.54,71.36,82.0,79.92,88.16,91.54,74.23,73.7,1,0,5,3,2
98.31,100.0,100.0,100.0,100.0,100.0,95.1,98.8,0,0,2,4,0
98.87,100.0,99.56,78.69,80.44,88.48,100.0,83.6,1,0,1,3,0
64.39,67.57,70.4,74.2,74.97,72.13,56.65,59.6,2,2,4,3,2
85.33,100.0,92.88,90.39,90.59,90.33,56.68,79.4,3,0,5,5,2
89.46,83.06,90.08,88.99,96.9,85.16,95.8,44.1,2,0,2,5,0
99.5,100.0,91.09,93.92,100.0,89.43,89.98,80.9,4,0,3,10,0
85.77,100.0,92.62,100.0,100.0,100.0,100.0,133.5,1,0,7,6,2
86.01,86.13,84.06,100.0,100.0,100.0,100.0,152.3,0,0,5,9,2
35.6,24.43,29.09,64.2,72.56,72.61,49.22,59.1,1,1,6,6,2
76.13,70.59,73.08,57.09,78.09,65.1,70.75,42.4,5,0,6,8,2
94.48,92.42,90.91,100.0,100.0,98.38,90.12,101.2,1,0,3,2,0
91.54,97.61,96.71,90.01,87.79,85.25,71.46,69.7,4,0,3,7,1
84.69,93.9,83.35,97.58,100.0,94.79,100.0,57.2,1,1,1,7,0
76.93,78.59,70.3,83.5,91.37,77.07,72.34,57.7,1,2,3,5,1
99.5,100.0,99.08,91.91,97.09,87.74,92.46,56.3,2,0,0,10,0
72.48,72.59,77.84,76.95,81.43,80.92,91.2,61.5,4,0,5,4,2
56.76,58.57,55.32,79.46,76.5,71.81,66.0,81.6,4,1,7,13,2
88.86,100.0,92.01,71.75,81.91,75.84,68.13,45.6,2,1,4,8,1
85.0,72.37,79.02,96.75,96.74,84.88,88.55,97.8,2,1,4,9,1
88.04,93.92,100.0,100.0,90.41,100.0,94.5,68.5,2,0,2,13,0
96.4,100.0,100.0,100.0,100.0,95.82,99.12,85.0,1,2,3,9,0
77.88,80.4,76.42,67.87,88.59,92.05,81.03,51.4,3,1,2,2,1
78.39,80.03,78.17,79.35,84.4,62.87,73.15,32.9,5,1,6,9,2
99.5,100.0,96.53,89.26,83.32,91.75,86.1,89.4,2,0,0,5,0
99.5,100.0,100.0,100.0,99.2,100.0,100.0,85.5,1,0,1,2,0
65.07,77.14,63.49,45.67,80.79,56.25,58.95,28.8,3,4,6,10,2
80.16,74.54,74.1,91.68,97.83,100.0,91.98,86.1,1,2,5,2,2
82.09,91.52,89.21,100.0,100.0,93.63,100.0,52.1,1,2,2,2,0
63.18,64.67,70.54,90.21,84.13,71.29,86.76,57.9,4,1,4,4,2
78.86,83.46,80.53,84.65,87.28,67.78,80.36,69.8,2,2,2,2,1
60.9,68.74,62.77,95.95,89.35,76.36,74.48,72.4,0,2,6,6,2
54.88,46.18,51.71,60.46,70.21,50.92,33.35,5.0,6,4,3,12,2
24.54,20.56,23.32,31.7,43.8,29.54,23.61,5.0,4,6,4,11,2
99.5,100.0,100.0,100.0,100.0,100.0,100.0,107.6,0,0,3,13,0
98.92,100.0,100.0,92.63,100.0,100.0,91.42,92.1,0,0,2,6,0
75.16,71.24,72.19,78.7,90.24,73.45,51.66,55.9,4,1,1,13,1
59.08,62.44,61.94,36.37,63.29,37.79,29.69,34.2,5,2,4,13,2
65.62,76.35,73.44,89.41,70.92,84.9,72.8,95.7,1,1,5,2,2
97.72,92.32,91.88,100.0,97.7,100.0,100.0,91.8,1,0,4,6,0
85.59,92.58,89.27,86.82,91.24,79.53,80.16,74.9,5,0,5,5,2
99.5,100.0,99.78,100.0,95.77,97.66,96.0,49.2,2,0,4,7,0
95.06,99.39,92.1,90.63,95.13,93.86,81.37,70.9,2,0,6,6,2
95.03,100.0,95.22,70.46,89.59,67.52,64.43,36.0,3,0,2,6,1
59.94,34.91,48.5,23.73,44.82,18.04,15.14,5.0,6,3,4,7,2
95.72,81.87,88.47,82.5,87.36,89.6,91.76,67.0,3,0,5,4,2
90.13,98.31,100.0,75.54,84.45,64.27,69.21,54.6,2,1,3,10,1
43.58,25.48,36.78,26.44,48.47,24.9,19.3,5.0,5,2,2,7,2
62.06,64.03,64.2,92.29,94.52,69.74,68.14,97.8,1,1,2,8,1
68.7,58.78,67.56,80.28,75.68,66.11,55.42,58.2,7,2,4,6,2
46.8,56.25,50.13,95.61,90.36,90.87,84.66,81.2,2,6,7,10,2
79.69,84.84,79.87,90.82,91.66,89.72,90.6,70.2,5,0,3,11,1
77.79,78.1,83.87,74.1,89.15,82.14,70.06,63.2,5,0,3,3,1
50.61,34.78,50.59,50.42,69.72,45.17,35.09,24.6,2,5,7,12,2
56.96,55.59,60.07,89.92,91.96,76.93,55.17,54.6,5,3,7,7,2
62.08,62.46,61.78,66.38,71.96,76.7,45.06,67.9,3,0,4,2,2
41.86,27.61,37.85,39.73,56.33,34.36,5.25,5.0,1,7,10,10,2
80.41,81.05,77.4,82.08,98.49,77.39,95.59,89.6,3,2,4,5,1
62.79,66.84,64.72,94.84,80.52,92.97,84.54,67.6,0,1,6,4,2
76.85,82.13,74.15,72.09,74.57,82.11,72.9,62.3,1,0,8,11,2
64.16,64.25,67.38,62.34,63.8,62.15,52.29,45.2,3,2,4,6,2
75.0,86.73,86.04,67.73,76.19,81.62,87.72,77.4,3,6,7,9,2
77.8,69.25,70.03,45.65,59.25,49.03,40.06,8.3,5,0,5,12,2
51.12,50.58,57.93,51.29,63.07,39.06,32.83,5.0,3,6,6,13,2
99.5,98.85,100.0,100.0,100.0,99.85,94.88,95.5,0,0,0,12,0
72.23,76.24,70.65,77.09,82.55,78.28,85.51,67.5,2,4,4,8,2
91.57,98.77,95.33,98.86,93.57,99.27,79.6,50.4,3,2,2,6,1
55.73,69.12,66.97,66.39,75.84,56.14,45.24,36.3,7,1,1,7,2
52.28,45.37,54.61,63.41,80.28,62.01,60.94,40.9,1,4,3,4,2
58.15,47.92,59.1,78.1,80.53,72.81,56.07,30.7,2,1,2,7,2
99.5,94.72,96.2,77.44,100.0,82.51,80.1,63.0,2,0,1,13,0
83.48,80.97,78.77,75.17,86.5,77.25,79.14,89.5,4,0,3,5,1
75.86,80.35,77.56,76.46,88.93,77.64,80.38,79.1,1,1,3,11,1
77.9,71.66,76.01,89.71,88.47,82.28,73.86,61.2,2,1,2,13,1
96.99,99.94,97.25,66.77,82.13,76.75,80.12,87.2,1,0,5,11,2
45.82,39.0,40.79,34.63,63.04,55.17,39.58,23.6,1,1,6,5,2
82.45,94.4,82.95,98.03,97.13,100.0,98.37,95.2,0,0,3,2,0
49.73,48.64,52.16,56.65,62.71,50.29,49.89,24.2,5,5,5,8,2
99.5,100.0,96.86,100.0,100.0,97.29,100.0,95.4,2,0,0,3,0
90.5,100.0,97.33,99.81,97.9,99.94,100.0,66.7,2,1,4,3,0
74.72,77.64,74.63,58.35,69.72,47.99,40.49,44.5,3,3,5,11,2
74.19,63.85,69.87,67.15,71.53,71.07,74.22,65.3,5,1,8,10,2
78.18,73.37,71.64,80.33,92.58,100.0,100.0,86.5,1,0,9,2,2
99.5,97.13,100.0,73.18,81.9,70.84,41.01,58.8,5,0,0,8,1
44.1,39.11,41.1,57.19,65.26,50.74,49.3,27.1,2,1,4,3,2
70.3,60.22,62.16,70.47,77.04,62.68,65.7,24.2,3,2,2,2,2
89.95,96.82,91.65,80.21,86.2,79.07,76.96,70.1,5,1,6,5,2
97.83,92.51,92.36,94.18,94.24,94.97,92.99,73.3,1,1,1,6,0
77.4,75.6,70.41,84.11,64.78,79.46,86.22,50.2,2,4,7,3,2
54.43,56.28,58.15,84.88,85.02,86.17,76.03,87.8,4,1,4,10,2
63.07,68.83,60.67,77.85,88.33,81.46,79.38,70.8,0,3,1,13,1
78.03,72.68,77.81,71.45,84.58,78.9,52.63,57.2,7,1,2,13,2
87.66,99.85,100.0,96.95,85.99,89.59,89.08,89.5,1,2,5,8,2
76.53,86.22,76.45,65.96,70.09,59.96,61.98,49.0,7,2,3,7,2
75.94,90.92,83.5,81.08,97.19,84.71,93.92,84.5,2,0,3,9,1
69.18,79.91,71.63,77.18,82.24,55.16,44.3,48.2,7,2,2,7,2
67.72,69.47,69.38,50.01,67.07,61.74,47.04,22.6,2,0,5,10,2
56.86,55.8,49.37,49.47,65.99,55.5,54.91,26.0,3,1,4,10,2
57.86,47.38,55.52,53.06,70.52,62.1,53.01,18.1,2,0,5,13,2
47.25,41.52,45.49,73.68,64.04,68.79,63.62,42.4,3,3,6,2,2
85.72,95.35,99.02,81.2,95.23,86.37,65.24,74.3,3,0,1,11,0
75.55,59.97,61.46,55.93,82.97,58.93,52.69,46.1,3,0,4,7,2
75.41,89.32,78.76,94.13,89.94,88.86,80.84,68.3,2,2,2,11,1
86.06,86.29,87.97,95.5,100.0,92.04,100.0,79.8,4,2,2,12,1
99.5,97.92,100.0,85.76,93.54,77.68,67.33,64.1,1,0,1,10,0
73.28,75.03,73.45,53.22,62.85,60.24,70.54,49.4,3,5,4,8,2
94.74,98.87,100.0,80.69,89.45,100.0,74.64,65.9,2,2,2,2,1
27.08,12.56,21.82,35.78,39.48,17.91,22.57,5.0,5,4,6,12,2
86.53,79.49,84.4,75.82,86.68,76.68,72.19,39.2,5,2,4,7,2
89.42,82.59,79.9,94.92,100.0,89.22,82.75,64.2,3,0,2,9,1
67.71,55.55,65.43,100.0,84.06,92.91,85.01,57.4,2,1,8,10,2
99.5,100.0,100.0,100.0,100.0,100.0,86.94,103.2,0,0,3,8,0
99.5,100.0,95.73,100.0,100.0,88.89,100.0,73.8,1,0,2,12,0
63.41,60.17,60.41,82.36,83.29,80.98,90.65,59.8,3,0,3,3,1
58.41,64.23,54.96,68.59,77.84,72.72,65.47,25.3,1,1,5,13,2
76.1,78.61,78.92,100.0,100.0,100.0,100.0,92.8,1,1,3,5,1
65.02,51.18,59.11,41.63,63.67,35.55,34.07,5.0,8,0,5,2,2
65.38,70.25,70.48,48.23,71.08,55.25,36.48,9.9,5,1,1,11,2
73.79,76.95,74.68,70.2,71.81,69.87,68.41,51.8,5,1,1,11,2
61.52,65.29,62.57,92.26,79.99,76.56,82.23,68.3,1,4,2,13,2
85.93,88.37,86.61,93.54,94.23,97.69,100.0,84.0,1,1,5,9,2
56.44,53.86,56.13,47.41,66.0,51.12,51.85,43.5,1,3,8,7,2
75.2,84.24,78.73,100.0,97.43,100.0,87.91,77.0,2,0,2,13,0
85.85,89.0,88.75,89.68,79.31,76.77,74.03,43.9,3,0,2,9,1
40.0,44.76,47.52,66.56,66.18,52.08,41.19,41.2,7,1,9,9,2
94.72,93.41,98.12,93.72,100.0,98.38,100.0,99.3,1,1,3,8,0
59.24,55.09,64.69,65.52,61.29,64.96,62.21,30.5,8,3,3,10,2
74.17,75.53,70.01,68.07,77.9,70.49,56.76,31.0,3,1,1,3,1
12.0,8.0,10.0,44.52,45.2,35.22,20.53,5.0,4,4,9,13,2
51.32,54.84,57.09,61.26,67.16,71.29,43.69,57.2,2,2,6,8,2
99.5,100.0,95.64,100.0,100.0,100.0,100.0,96.6,1,0,4,3,0
55.9,56.41,62.57,80.45,88.7,80.02,56.5,49.7,3,1,5,11,2
92.4,100.0,93.25,98.26,96.25,100.0,100.0,75.7,5,0,4,9,1
58.56,52.27,55.59,56.96,67.76,46.01,32.62,17.1,3,3,3,2,2
73.05,70.28,70.51,75.44,80.31,62.48,62.89,58.3,2,0,2,2,1
99.5,100.0,99.74,100.0,100.0,100.0,100.0,123.2,1,0,1,10,0
99.5,95.83,100.0,78.04,91.84,96.74,88.72,57.7,3,0,4,13,1
93.51,100.0,100.0,82.36,96.47,91.47,84.42,42.1,4,0,0,5,0
99.5,97.54,100.0,77.39,96.94,83.24,83.26,65.8,1,0,1,4,0
78.31,76.31,86.68,90.27,91.38,90.68,79.44,41.9,1,1,4,13,1
58.23,61.6,57.68,61.22,67.09,59.51,44.94,27.4,4,3,3,5,2
74.59,76.92,71.43,61.88,63.13,62.77,60.74,38.3,6,2,6,4,2
69.69,72.35,71.36,100.0,100.0,96.88,100.0,76.6,3,1,6,11,2
49.29,42.38,47.97,44.56,66.75,35.51,39.61,25.6,6,1,4,7,2
61.75,57.57,54.27,72.11,68.62,68.59,53.65,34.2,4,0,7,7,2
92.5,99.26,98.24,85.3,96.07,79.34,88.91,57.2,2,2,3,9,1
24.06,8.0,13.79,25.09,52.74,12.11,6.57,5.0,11,5,7,11,2
67.57,85.88,72.89,88.95,86.98,92.42,100.0,83.5,0,2,3,7,1
63.39,51.15,61.71,63.9,78.22,56.04,61.86,45.4,1,5,0,6,2
27.96,14.46,24.73,78.83,76.73,64.62,67.86,34.2,2,5,9,13,2
39.76,39.17,39.83,82.82,72.28,84.1,71.37,51.0,5,5,2,9,2
70.02,56.12,65.71,73.59,78.47,80.39,76.82,45.6,4,0,3,8,2
36.36,25.83,34.99,59.75,65.48,62.77,41.45,30.9,5,2,4,2,2
94.66,94.24,92.09,89.89,94.88,89.36,100.0,76.9,1,1,4,12,0
70.31,70.35,71.63,66.5,84.66,72.55,63.64,61.1,4,0,3,4,2
94.1,95.57,94.65,94.14,90.85,78.68,94.26,61.8,4,0,2,7,1
65.73,70.4,68.06,100.0,85.2,83.4,81.42,58.2,4,1,1,2,1
62.16,56.05,64.47,84.07,83.89,75.79,79.28,47.7,4,1,3,6,2
95.99,98.35,98.04,87.24,86.52,82.59,89.01,81.0,1,1,4,7,1
31.85,32.1,37.64,75.0,65.4,58.97,57.47,35.7,8,3,8,11,2
91.23,78.02,84.23,86.15,92.32,81.56,98.09,83.5,3,1,1,2,1
65.04,70.28,66.66,81.05,83.89,78.01,90.33,71.7,2,0,7,2,2
99.5,84.5,87.71,74.9,80.19,85.26,76.68,54.8,1,0,2,7,0
38.37,21.08,27.95,11.12,47.34,8.0,5.0,5.0,9,3,9,6,2
99.5,100.0,98.19,57.96,87.14,64.55,70.01,52.3,2,0,3,10,1
94.09,99.01,97.85,79.11,99.18,89.91,90.62,90.8,2,0,5,2,2
86.63,82.42,83.03,85.9,80.58,76.62,78.48,65.6,2,2,1,4,1
91.69,94.36,88.34,97.0,84.92,66.47,76.06,31.6,1,1,1,13,0
46.18,31.75,42.07,32.52,60.1,40.82,47.72,5.0,6,2,1,10,2
40.64,40.49,33.92,43.42,50.87,27.19,13.37,17.2,5,4,5,7,2
87.87,96.06,84.47,74.96,93.92,82.1,83.28,74.0,1,0,1,13,0
76.75,68.61,70.38,68.9,81.71,70.5,60.06,49.9,5,1,5,11,2
85.74,99.16,92.42,78.87,91.99,82.8,98.06,101.2,1,1,6,4,2
57.0,55.93,53.11,73.42,74.68,83.15,66.15,10.0,3,3,3,9,2
67.64,58.17,64.43,76.22,77.82,67.45,54.07,36.3,3,0,1,8,1
93.51,100.0,98.98,91.47,93.21,92.73,76.44,79.8,3,0,3,13,0
48.85,60.14,55.03,77.51,70.87,56.92,54.44,45.1,2,4,8,5,2
40.47,37.58,46.29,76.68,77.59,65.86,69.88,62.7,4,1,2,4,2
99.5,100.0,100.0,77.26,88.26,84.33,87.26,96.6,4,0,3,8,1
99.38,100.0,100.0,100.0,100.0,100.0,99.88,123.9,1,0,2,9,0
90.06,95.19,94.51,74.54,88.32,74.56,68.72,31.5,0,1,3,13,1
99.5,100.0,98.12,99.48,100.0,100.0,99.67,120.8,3,0,1,3,0
99.5,100.0,95.85,94.02,100.0,80.93,89.24,75.6,1,0,3,8,0
75.08,60.13,70.05,81.17,76.54,65.04,62.64,39.5,2,1,2,12,1
96.85,95.41,91.11,84.76,95.02,84.37,82.57,43.2,1,0,0,11,0
64.65,71.62,66.43,86.55,75.21,77.07,59.91,53.9,2,1,4,5,2
62.19,47.58,56.05,38.12,59.54,38.81,17.45,5.0,2,3,5,5,2
38.19,40.47,43.78,62.94,77.65,72.63,62.32,42.1,3,1,6,12,2
62.58,50.98,55.33,48.61,67.61,53.06,48.63,8.3,1,3,4,7,2
99.5,100.0,100.0,87.25,100.0,100.0,96.48,82.7,3,0,0,9,0
99.5,100.0,95.8,90.3,90.0,97.9,69.62,66.5,3,0,1,2,0
86.67,93.23,92.63,97.23,86.97,93.87,72.08,49.6,3,1,2,9,1
44.85,45.64,51.21,75.98,74.42,66.28,63.5,39.1,5,3,5,2,2
47.4,32.14,38.28,64.45,63.1,52.57,60.32,35.6,1,4,5,4,2
99.5,100.0,100.0,100.0,100.0,100.0,100.0,104.2,2,0,4,10,0
80.35,68.76,86.31,74.02,88.29,59.4,69.2,78.9,1,2,4,8,2
73.28,88.33,76.04,70.42,87.47,54.87,44.59,27.9,5,1,2,9,2
99.5,86.87,88.89,90.35,100.0,87.08,98.67,72.7,5,1,0,8,1
52.66,51.65,53.18,64.05,73.38,69.82,51.13,62.3,2,7,4,2,2
99.5,93.72,93.04,85.47,96.14,99.02,75.86,68.7,2,0,3,9,0
77.24,97.48,86.42,100.0,96.9,100.0,100.0,109.3,2,1,7,8,2
99.5,95.05,100.0,75.83,91.04,98.03,72.26,57.6,2,0,1,13,0
99.5,100.0,95.6,100.0,100.0,100.0,100.0,110.0,0,0,1,12,0
99.06,100.0,93.53,97.82,100.0,100.0,90.36,94.2,0,0,2,8,0
48.68,50.6,53.51,48.74,56.3,45.28,36.69,5.0,5,3,1,2,2
85.49,92.47,95.08,66.38,80.19,65.64,58.46,35.3,5,0,5,8,2
76.06,76.39,74.97,92.51,88.68,75.24,71.75,37.8,3,2,4,8,2
83.56,81.41,88.28,73.79,88.37,81.6,73.54,79.2,5,1,5,13,2
94.78,100.0,100.0,87.6,98.52,91.13,84.34,91.9,3,0,2,10,0
94.74,95.41,97.85,92.84,92.95,69.59,74.11,66.0,0,0,4,4,0
99.5,100.0,100.0,100.0,100.0,92.96,90.23,78.4,1,0,1,3,0
99.5,100.0,100.0,88.42,97.65,89.8,88.99,45.3,2,2,0,4,0
95.61,100.0,100.0,75.54,95.27,79.55,64.12,65.5,1,1,1,12,0
52.48,48.62,42.03,64.49,65.86,40.38,25.11,19.2,8,5,7,5,2
97.52,100.0,97.99,88.05,90.65,100.0,88.26,45.1,2,1,2,7,0
53.93,40.98,43.77,51.14,65.5,32.09,22.95,5.0,4,1,1,11,2
97.76,94.51,92.91,92.69,87.87,76.81,78.05,62.7,1,0,3,13,0
68.33,65.46,68.53,70.94,69.96,63.02,68.8,46.7,7,0,5,12,2
66.95,69.94,67.7,85.11,98.73,84.13,95.48,77.9,1,1,2,11,1
99.5,100.0,99.82,99.86,100.0,99.27,97.06,53.2,3,0,1,6,0
80.07,70.85,76.05,67.53,77.67,58.19,72.18,49.5,6,2,5,3,2
67.1,79.8,71.18,87.99,90.18,91.46,83.77,70.4,3,3,3,9,2
78.18,74.57,76.76,72.74,70.97,69.2,54.31,26.2,8,1,7,11,2
99.5,100.0,100.0,100.0,100.0,100.0,100.0,94.7,2,0,1,11,0
99.5,100.0,100.0,100.0,100.0,100.0,96.26,85.9,0,0,0,6,0
64.79,70.21,63.1,68.51,75.72,64.21,62.13,12.0,3,1,4,6,2
91.97,100.0,93.26,78.19,92.19,77.38,85.08,73.7,2,0,3,4,0
70.01,69.59,72.59,40.33,62.89,34.5,20.39,18.5,11,1,1,2,2
66.24,62.86,63.88,73.56,69.89,74.12,72.09,64.6,7,1,4,12,2
12.0,8.0,12.53,38.77,43.09,26.15,22.59,9.3,7,4,8,7,2
69.69,68.93,69.32,87.01,88.51,92.87,95.89,74.3,2,1,5,3,2
99.5,95.32,98.76,73.97,92.23,70.58,63.44,47.2,1,0,2,2,0
83.1,88.73,90.34,78.08,98.83,82.45,78.1,56.2,1,0,4,8,1
89.77,92.9,92.56,79.75,92.36,84.5,83.65,36.9,4,1,1,2,1
93.29,99.46,100.0,74.05,100.0,93.11,91.53,72.5,1,1,5,5,2
84.89,91.67,84.82,96.26,100.0,94.57,100.0,88.9,3,1,4,4,1
90.89,91.69,87.53,90.26,96.3,94.61,68.5,64.7,0,1,4,12,0
90.78,97.79,95.03,71.19,80.4,73.39,77.42,72.0,5,2,4,5,2
99.5,100.0,98.83,96.24,100.0,100.0,100.0,122.4,0,0,2,12,0
73.48,71.6,73.3,67.73,77.88,52.34,43.0,41.3,5,0,3,11,2
39.12,41.1,41.31,52.29,70.36,46.67,49.48,7.3,6,3,4,2,2
92.09,97.53,88.99,70.32,79.0,74.75,65.86,80.4,1,0,1,8,0
52.74,49.71,42.88,58.88,58.97,59.59,65.54,58.0,2,4,5,4,2
99.5,87.85,97.96,89.18,94.41,75.06,79.84,45.5,2,0,1,9,0
85.45,83.1,78.82,79.81,89.81,60.55,71.91,59.3,2,1,2,8,1
99.5,100.0,97.65,100.0,100.0,93.02,100.0,91.0,2,0,0,5,0
99.5,100.0,99.0,80.84,99.74,90.88,80.36,62.4,3,0,1,13,0
87.44,95.74,90.26,100.0,100.0,100.0,100.0,112.2,1,0,4,4,0
92.13,96.61,96.96,80.81,92.89,87.59,71.16,89.3,2,0,0,5,0
97.23,100.0,100.0,78.36,94.94,94.54,85.75,62.7,3,0,1,5,0
56.21,47.46,53.84,61.19,71.59,53.77,65.98,28.8,3,4,3,9,2
87.04,97.9,93.44,99.03,90.51,89.51,100.0,91.6,4,0,3,12,1
93.98,100.0,92.15,94.47,97.49,73.88,91.25,105.0,1,1,2,6,0
99.5,91.46,93.45,95.11,99.2,92.38,100.0,90.1,3,0,0,3,0
60.43,41.34,67.57,67.8,83.87,80.67,64.23,47.1,3,1,3,6,2
63.47,57.7,61.89,55.56,77.06,52.78,64.99,39.1,7,2,3,7,2
88.2,84.11,90.16,98.13,95.78,94.33,90.27,87.6,4,1,1,13,1
99.5,100.0,95.1,95.55,97.21,98.18,91.38,82.4,1,0,5,11,2
34.54,23.14,33.15,39.91,57.26,30.11,38.86,6.7,5,4,9,10,2
70.31,72.84,70.26,69.03,86.0,73.26,66.95,31.3,3,0,3,4,1
56.82,58.44,55.31,69.05,69.8,60.74,54.74,46.7,6,2,2,10,2
64.91,53.11,67.46,56.85,71.62,66.77,30.94,38.2,5,1,2,13,2
67.74,69.59,74.61,98.36,96.74,85.49,99.94,72.3,3,3,4,9,2
75.93,72.81,74.64,85.13,87.92,84.34,80.68,68.1,1,1,1,2,1
99.5,100.0,100.0,87.17,100.0,73.03,88.09,86.2,0,0,3,13,0
86.1,84.75,84.07,74.28,72.87,79.6,73.07,65.5,0,1,2,9,1
91.72,100.0,90.31,100.0,97.52,100.0,97.52,110.6,2,0,4,3,0
69.41,74.38,71.68,37.48,69.7,56.38,39.38,12.0,4,0,3,11,2
99.5,100.0,100.0,87.93,96.89,77.21,86.44,80.8,1,0,2,5,0
99.5,100.0,100.0,89.29,100.0,98.12,98.43,114.1,3,0,0,13,0
53.15,43.8,51.99,68.36,69.44,67.12,67.96,58.7,2,4,5,10,2
20.38,18.19,15.61,53.76,52.45,41.78,36.06,5.0,3,4,5,7,2
99.5,100.0,91.53,88.82,100.0,100.0,100.0,93.2,1,0,2,10,0
43.03,28.56,36.29,46.5,64.0,45.42,28.81,7.6,7,6,1,3,2
97.66,100.0,93.44,84.33,95.16,84.25,83.0,37.0,4,1,3,2,1
99.5,100.0,99.31,100.0,100.0,100.0,100.0,120.7,0,2,1,8,0
52.95,41.52,50.44,66.57,69.52,45.94,37.82,6.9,3,6,6,3,2
92.48,97.48,95.73,86.25,83.46,81.86,77.71,61.9,2,0,1,12,0
86.51,93.23,87.32,85.75,85.59,78.28,86.54,58.8,5,1,4,10,1
56.8,69.61,63.36,68.04,73.82,70.65,71.49,46.8,1,2,5,8,2
99.5,100.0,100.0,91.69,100.0,100.0,92.07,82.4,1,0,0,3,0
91.9,97.37,95.66,100.0,100.0,100.0,88.36,56.3,3,0,4,3,0
99.5,100.0,100.0,99.87,94.86,92.01,76.1,86.3,2,1,1,6,0
82.31,95.89,85.39,94.69,99.16,88.83,92.02,80.7,4,2,2,7,1
85.57,95.07,89.93,94.0,100.0,92.07,93.58,97.0,1,0,4,6,0
91.48,98.12,100.0,97.28,97.23,87.37,72.38,98.2,5,0,0,2,0
70.17,68.33,69.33,81.99,88.62,88.21,79.57,82.1,1,2,0,6,1
79.82,87.32,81.49,100.0,100.0,100.0,100.0,110.4,2,0,5,6,2
90.41,93.4,96.53,100.0,94.8,88.14,100.0,83.1,0,1,2,8,0
66.78,69.99,67.49,62.35,69.1,49.7,71.37,58.1,3,2,5,2,2
80.34,81.72,83.4,63.33,78.25,64.22,64.21,28.9,5,2,5,10,2
85.47,82.2,85.24,81.64,88.84,99.05,77.1,71.0,5,1,4,12,2
71.58,76.61,75.73,79.93,69.37,72.41,67.52,32.2,1,2,4,3,2
57.25,52.61,59.02,70.9,69.62,56.75,52.82,18.8,4,1,2,7,2
71.5,73.07,77.38,71.13,87.74,86.6,75.31,60.7,2,2,2,6,1
68.37,71.4,73.95,68.58,69.17,58.2,48.98,38.7,6,4,3,8,2
68.06,72.27,75.68,74.71,80.35,75.58,41.68,46.8,6,2,5,6,2
62.02,59.7,60.33,55.87,69.28,59.4,49.92,14.6,5,6,5,9,2
70.78,82.99,70.8,72.91,67.4,68.03,63.74,62.9,4,2,4,13,2
73.18,59.65,67.61,91.31,87.55,71.88,82.37,60.4,6,2,9,6,2
36.23,38.99,48.98,68.73,60.41,59.78,31.08,25.6,5,3,6,9,2
51.17,41.93,47.48,72.81,67.96,69.53,70.72,39.0,4,3,6,3,2
53.69,53.72,46.45,78.96,77.64,78.15,72.74,49.3,2,4,8,10,2
80.58,85.13,93.17,92.34,100.0,95.97,99.13,63.8,2,2,2,10,1
50.48,41.28,48.0,46.37,56.86,36.32,43.35,5.0,6,3,2,9,2
39.73,22.43,30.05,34.62,47.71,19.14,9.05,5.0,5,3,5,10,2
99.5,94.93,93.33,100.0,100.0,98.16,98.28,82.2,3,0,5,3,2
70.32,61.55,67.82,90.05,89.18,94.11,96.5,95.4,1,1,3,3,1
82.12,85.63,86.73,90.73,100.0,86.23,98.03,112.5,1,0,2,4,0
80.97,86.86,86.19,91.5,93.91,82.67,100.0,86.9,5,1,4,4,1
67.25,71.07,72.58,81.95,83.88,69.57,65.6,36.1,5,0,5,3,2
84.72,95.63,83.17,89.75,79.79,74.76,74.28,60.9,1,1,6,13,2
35.18,34.72,30.57,52.21,58.98,34.07,36.96,43.5,2,1,6,2,2
99.5,100.0,99.92,85.75,86.04,87.83,65.24,95.0,2,0,0,4,0
63.15,54.71,64.75,58.26,77.02,77.08,83.18,50.9,4,1,6,3,2
96.8,100.0,96.56,100.0,100.0,100.0,100.0,119.0,1,0,4,3,0
64.75,65.66,56.21,60.8,75.12,73.28,59.46,59.1,2,2,4,4,2
89.27,89.17,92.9,100.0,100.0,100.0,100.0,114.6,1,0,3,9,0
55.5,59.75,46.3,83.1,79.12,56.65,44.68,37.2,8,0,8,6,2
67.38,60.59,63.07,78.43,67.89,72.95,63.65,69.5,2,1,3,2,2
71.4,66.45,72.92,87.32,93.27,87.82,89.13,84.9,0,0,2,13,0
83.87,91.18,89.92,57.85,75.85,56.24,54.04,13.8,4,1,1,5,1
93.03,99.22,89.01,100.0,93.62,81.44,91.85,68.2,4,1,1,6,1
92.69,94.16,97.12,100.0,100.0,100.0,100.0,108.6,2,2,3,6,1
99.5,100.0,100.0,97.09,100.0,100.0,100.0,87.2,1,0,1,5,0
51.03,54.63,55.29,67.2,70.43,52.74,35.06,13.4,6,4,9,5,2
48.87,32.78,42.05,48.67,57.07,48.31,41.03,5.0,8,2,5,10,2
94.41,100.0,98.68,100.0,100.0,100.0,100.0,105.7,0,0,0,5,0
80.11,84.65,79.16,92.67,87.02,100.0,100.0,75.1,0,1,4,6,1
85.58,100.0,95.64,97.5,100.0,96.96,78.38,93.4,3,0,3,6,0
75.06,62.82,76.76,66.91,81.44,75.97,66.65,61.7,2,0,0,7,1
99.5,95.5,96.55,89.49,99.49,96.51,95.49,89.4,1,0,1,4,0
85.58,84.44,88.54,94.36,97.26,96.43,95.49,81.1,3,1,5,12,2
94.29,94.92,98.87,89.9,100.0,100.0,94.07,78.7,0,1,2,5,0
99.5,100.0,99.04,96.98,100.0,100.0,100.0,126.3,1,0,7,10,2
86.77,89.8,79.03,93.57,94.24,98.61,100.0,98.1,1,0,3,3,0
69.05,79.63,73.93,92.01,85.21,89.57,92.14,91.2,3,0,3,2,1
61.56,60.77,49.11,64.84,74.95,57.52,64.8,48.9,4,1,2,13,2
73.7,66.75,77.78,89.68,99.61,69.03,81.91,69.6,3,0,2,10,1
87.08,90.16,90.93,100.0,93.56,97.35,85.55,99.7,2,1,4,12,1
48.18,46.51,46.78,77.72,79.85,83.13,74.4,37.9,1,5,7,6,2
74.53,84.28,82.29,73.55,89.23,84.16,72.81,69.5,4,0,7,4,2
86.7,98.45,86.69,100.0,100.0,89.37,88.62,86.5,4,2,3,12,1
69.64,73.08,75.76,70.54,78.29,73.58,68.54,26.3,1,1,8,5,2
99.5,100.0,100.0,95.02,95.81,100.0,98.56,88.8,3,0,1,2,0
50.49,49.25,51.23,63.65,66.34,60.38,70.8,23.2,5,3,5,12,2
75.53,63.85,69.61,65.53,70.14,69.2,51.43,50.1,5,2,4,12,2
56.96,58.65,56.58,58.1,76.04,75.84,47.44,26.6,3,1,5,10,2
99.16,100.0,100.0,89.82,100.0,98.89,97.23,103.4,3,0,3,12,0
78.96,69.7,71.92,100.0,100.0,98.1,100.0,83.1,0,0,4,11,0
97.23,100.0,93.38,100.0,100.0,92.2,91.41,70.4,2,0,1,12,0
51.65,46.42,54.04,57.2,79.97,51.92,54.69,14.4,4,2,2,10,2
52.75,59.91,57.63,80.51,85.33,80.55,64.18,77.1,3,0,2,11,2
80.21,77.89,75.52,89.69,80.42,72.6,85.08,70.3,4,0,0,3,1
70.27,69.71,70.51,87.69,86.05,80.42,79.16,72.7,5,0,3,3,2
92.15,95.91,93.79,82.84,100.0,86.86,68.62,86.5,2,0,2,4,0
82.03,92.25,83.05,100.0,92.84,96.08,80.16,114.3,3,1,7,2,2
56.73,53.54,56.41,52.78,69.16,60.53,60.14,18.7,6,1,7,8,2
86.98,94.23,89.63,90.98,82.36,67.12,77.08,76.8,1,1,2,3,1
87.92,92.13,93.14,95.22,75.67,66.46,69.9,45.9,2,1,3,4,1
91.38,89.71,92.42,85.68,93.41,81.25,76.42,69.5,4,0,0,7,0
63.82,65.53,62.32,69.22,89.33,84.48,82.54,54.7,3,2,6,13,2
59.84,63.77,59.08,73.95,77.88,71.59,62.23,58.5,3,1,6,5,2
91.2,91.95,93.23,100.0,89.99,95.92,92.07,102.0,2,1,2,12,0
65.9,61.92,57.2,79.08,81.02,80.68,75.36,71.2,3,0,7,2,2
49.34,36.09,39.8,75.72,71.68,63.65,62.48,29.6,4,3,4,10,2
95.08,100.0,96.22,96.09,100.0,96.6,90.85,110.7,3,1,3,6,0
85.42,100.0,90.43,88.25,90.15,75.85,88.83,98.3,3,0,4,10,1
80.36,79.29,83.92,93.36,83.52,96.2,78.3,86.9,1,1,3,10,1
82.15,87.66,78.59,82.9,83.19,76.21,74.7,76.8,2,1,2,9,1
65.1,76.54,67.66,76.64,78.27,81.93,83.53,44.4,1,3,4,8,2
73.52,65.37,70.4,84.12,87.96,79.5,56.95,46.5,2,2,2,3,1
68.79,75.25,69.95,82.85,89.23,83.03,84.49,97.5,4,4,7,13,2
89.67,100.0,90.61,95.76,99.85,96.9,94.85,97.9,2,1,4,12,1
99.5,100.0,97.15,100.0,100.0,100.0,100.0,103.5,1,0,1,10,0
85.92,90.06,88.5,86.2,92.59,88.34,92.71,75.3,1,0,1,11,0
81.85,100.0,87.66,100.0,100.0,100.0,100.0,110.0,0,1,5,6,2
33.22,26.55,29.17,59.37,60.17,52.92,49.99,42.0,4,3,9,11,2
81.65,81.38,76.83,98.24,96.25,88.08,94.03,91.8,2,1,1,4,0
78.39,81.59,88.75,95.45,82.08,95.84,100.0,77.1,1,0,1,9,0
66.94,82.39,73.39,89.11,84.47,71.89,67.38,42.4,2,0,2,9,1
89.3,98.86,99.24,96.39,93.01,87.84,82.26,78.2,2,0,2,8,0
88.7,92.83,89.14,80.48,81.87,74.67,55.55,34.8,5,1,6,3,2
58.7,61.22,60.14,69.2,77.89,69.87,63.19,68.5,7,2,7,9,2
68.62,61.53,67.96,56.97,74.86,70.06,76.42,70.9,3,4,2,5,2
80.1,83.72,80.99,77.23,84.28,66.33,65.35,69.6,2,2,3,7,1
90.7,89.75,90.82,99.51,90.56,81.31,84.11,78.6,1,0,3,7,0
60.3,48.89,56.92,31.43,58.9,25.25,8.43,6.5,7,4,1,11,2
68.87,66.81,67.23,73.35,83.51,61.0,66.26,37.7,4,1,1,2,2
86.84,94.34,89.29,88.45,85.06,81.51,75.13,48.7,6,0,1,13,1
76.6,86.68,84.57,64.14,75.77,54.57,66.89,21.7,3,2,2,12,2
36.34,22.72,27.28,51.78,64.99,41.8,39.36,8.8,5,5,12,7,2
88.1,97.65,98.71,76.98,78.5,78.48,78.46,61.1,1,1,2,10,1
48.08,38.34,46.72,43.25,65.97,43.82,16.83,5.0,11,5,1,3,2
48.42,50.73,48.16,61.61,80.19,62.39,42.05,15.1,6,3,6,7,2
85.35,92.87,91.85,95.92,99.9,94.93,100.0,55.4,1,0,5,7,2
66.48,65.01,69.31,76.92,82.54,72.13,82.59,53.3,4,4,8,11,2
59.57,52.19,58.1,79.79,71.95,70.59,54.93,43.0,4,2,3,5,2
89.84,89.81,89.44,79.06,89.65,77.21,71.05,60.3,0,1,7,8,2
64.06,61.46,56.6,45.8,71.9,35.44,45.4,28.9,5,2,2,4,2
35.12,30.57,30.65,36.54,57.89,41.62,18.64,5.0,4,6,6,7,2
86.81,100.0,92.16,67.59,79.33,66.77,78.62,49.1,1,0,1,10,0
64.4,68.62,68.01,71.54,85.46,66.24,68.37,57.3,5,1,3,11,2
93.63,86.97,91.45,82.2,95.13,77.93,66.21,71.0,2,0,4,12,1
81.83,95.0,88.56,93.82,92.81,69.6,84.68,75.1,1,2,4,13,1
53.77,53.89,52.91,47.25,72.87,49.63,40.44,24.8,4,4,8,12,2
55.71,48.95,55.78,41.97,64.32,53.43,53.0,25.0,1,2,3,6,2
89.29,87.22,97.25,82.33,100.0,96.27,87.82,65.6,0,0,2,2,0
24.12,16.83,22.1,55.45,53.41,44.94,42.1,25.5,2,1,9,5,2
39.94,46.2,41.9,67.83,66.25,55.41,55.08,28.4,3,1,8,4,2
75.85,80.96,77.85,54.03,85.95,73.46,77.99,59.7,2,1,9,6,2
77.02,88.07,84.56,78.89,84.44,65.95,83.43,44.8,5,1,4,7,2
60.17,67.03,62.71,56.55,72.13,60.78,54.36,12.0,2,2,5,3,2
94.3,100.0,99.74,100.0,94.3,98.08,94.96,65.8,2,0,2,11,0
96.13,79.96,93.75,100.0,90.21,100.0,92.75,101.2,1,1,2,12,0
63.47,57.33,68.38,63.07,85.45,77.41,67.67,48.6,6,1,6,11,2
40.77,20.39,34.97,35.13,51.74,36.34,29.94,5.0,8,1,7,9,2
94.82,100.0,97.32,100.0,100.0,100.0,98.77,96.4,1,0,0,12,0
74.67,75.48,76.48,68.37,73.72,61.15,59.61,17.6,6,1,4,2,2
37.92,27.92,34.23,39.83,57.44,37.08,23.91,5.0,11,1,10,4,2
98.8,100.0,100.0,100.0,99.41,87.57,94.04,86.4,5,0,1,5,0
67.2,80.29,77.79,94.91,87.14,87.65,80.6,71.7,1,0,5,4,2
64.64,57.02,59.99,76.29,70.91,69.43,69.04,53.1,8,3,3,8,2
56.64,42.87,46.29,64.58,76.33,55.13,50.93,22.5,4,3,7,6,2
97.0,90.06,95.02,84.76,96.49,80.5,90.03,28.8,1,0,3,6,0
78.47,76.49,78.6,68.03,79.28,56.85,50.18,45.4,6,4,4,2,2
58.66,50.0,59.45,62.31,75.06,57.45,76.52,45.0,7,3,6,3,2
80.78,91.55,84.38,91.42,92.03,84.48,83.28,58.1,5,2,4,13,2
95.64,98.36,94.99,78.43,83.54,88.81,84.08,64.6,4,0,5,3,2
81.72,76.02,77.22,94.41,94.45,100.0,95.36,68.0,3,1,6,8,2
99.5,100.0,97.29,100.0,100.0,100.0,100.0,102.8,0,1,2,13,0
99.5,97.85,95.62,100.0,100.0,80.87,92.28,90.7,2,3,3,6,1
12.23,8.0,10.0,41.49,45.15,30.21,30.21,5.0,5,4,7,8,2
39.12,41.91,31.51,46.62,50.51,48.31,50.16,27.7,7,1,5,6,2
66.69,72.2,72.15,98.59,92.43,100.0,93.78,70.7,2,3,4,8,2
89.1,88.61,89.78,80.89,91.69,99.99,89.57,57.8,3,1,3,13,1
70.78,72.62,79.95,65.32,85.18,73.57,67.77,56.5,4,1,4,4,2
97.95,100.0,92.9,87.03,100.0,94.78,100.0,88.3,2,1,5,8,2
94.43,100.0,100.0,93.21,100.0,90.81,70.13,78.2,0,0,1,9,0
86.62,94.47,89.04,100.0,96.02,100.0,91.98,106.4,1,1,6,12,2
48.59,39.87,38.96,77.59,73.36,53.4,57.86,68.5,4,2,3,9,2
80.5,74.72,70.3,77.7,91.54,84.78,83.93,79.0,5,2,2,13,2
74.65,70.23,70.87,69.65,78.14,75.08,68.53,34.3,1,2,5,7,2
55.59,50.71,57.38,61.47,61.02,41.04,51.78,8.1,2,4,5,5,2
67.43,80.79,73.6,71.73,78.95,72.97,62.47,43.4,3,2,1,13,2
85.85,80.93,82.53,91.11,91.99,88.61,78.09,73.5,3,0,3,13,1
41.98,23.13,39.37,39.95,46.13,38.11,19.72,5.0,10,2,3,6,2
69.14,75.3,71.98,59.59,78.3,70.0,64.92,65.8,1,2,2,11,1
70.25,79.06,67.3,100.0,100.0,100.0,93.06,91.4,2,2,8,7,2
64.14,60.9,68.08,74.16,81.18,71.63,66.05,44.4,10,3,7,4,2
26.66,23.25,21.21,40.22,69.36,54.75,24.36,6.7,8,3,7,2,2
75.18,83.72,74.18,61.52,82.86,69.25,52.9,61.4,4,2,3,7,2
73.54,81.33,75.64,83.56,89.97,75.55,59.82,27.6,3,1,7,3,2
99.5,100.0,100.0,84.75,100.0,100.0,100.0,104.8,2,0,0,5,0
64.42,71.0,64.35,71.32,92.31,80.15,81.36,79.7,2,1,3,2,1
70.54,80.98,67.47,72.12,83.55,92.43,59.82,50.9,4,2,2,9,2
86.88,84.06,83.39,69.32,94.8,68.09,69.3,35.9,3,2,0,8,1
87.05,91.77,92.81,70.92,87.89,74.76,77.8,45.4,3,1,4,12,1
99.5,99.6,99.53,83.33,97.32,93.15,97.59,88.2,1,0,0,9,0
82.77,80.5,86.38,88.26,97.08,84.52,90.96,95.2,2,1,3,4,1
94.51,100.0,98.67,100.0,97.27,98.1,99.52,95.4,2,1,4,4,0
63.86,64.3,61.83,53.23,77.05,47.87,37.37,30.8,5,3,4,3,2
80.09,92.66,82.0,100.0,100.0,90.26,94.47,101.4,2,0,4,5,1
88.82,79.16,85.91,87.59,97.42,75.34,62.15,35.9,5,0,5,12,2
58.33,61.71,60.4,61.98,65.35,37.54,30.57,5.0,4,2,7,3,2
68.57,74.37,71.24,73.31,83.12,79.28,77.53,63.8,2,1,3,6,1
99.5,100.0,100.0,89.01,100.0,97.47,85.26,63.4,1,0,2,3,0
81.95,81.65,81.28,95.23,100.0,100.0,95.63,75.6,1,3,2,6,1
99.5,100.0,99.22,96.24,100.0,94.1,100.0,102.3,4,0,3,4,0
97.41,100.0,95.13,100.0,100.0,100.0,100.0,97.4,0,0,3,12,0
94.56,84.46,86.49,64.37,81.39,56.73,68.21,9.6,2,0,5,7,2
37.92,37.55,40.76,59.7,65.84,55.71,55.05,15.5,12,1,7,5,2
78.34,68.87,70.78,66.63,75.66,68.34,55.19,35.9,4,0,2,11,2
81.97,84.09,75.27,92.1,86.22,92.06,70.06,44.8,4,1,3,9,1
60.01,69.74,62.32,51.44,51.61,36.09,40.85,20.0,4,2,2,8,2
91.22,100.0,95.66,98.97,98.4,100.0,100.0,76.2,0,0,0,5,0
86.62,89.74,87.13,95.08,91.92,97.94,71.04,74.3,3,0,1,11,0
99.5,99.22,94.61,100.0,100.0,100.0,100.0,111.1,1,0,1,3,0
83.13,86.53,88.84,80.74,95.84,84.1,67.3,79.1,1,2,1,10,1
35.37,28.73,33.78,44.15,58.37,54.42,39.49,8.8,2,6,4,10,2
99.42,93.39,100.0,94.09,98.25,100.0,99.58,77.9,0,0,5,13,2
65.01,52.61,60.12,55.97,65.85,50.33,56.77,27.6,2,1,4,5,2
90.61,100.0,96.14,78.73,90.41,81.32,70.95,52.9,4,1,4,2,1
56.61,66.79,55.93,74.61,80.95,62.63,55.33,64.0,3,3,4,13,2
96.9,96.99,84.66,67.57,89.96,66.31,61.43,36.4,2,0,2,12,1
65.31,74.19,68.83,79.37,80.89,79.24,88.93,67.6,3,1,10,12,2
87.25,94.63,84.71,100.0,100.0,100.0,100.0,95.3,0,1,1,4,0
37.02,25.51,36.12,57.09,57.8,49.04,54.03,22.7,6,0,11,9,2
75.8,95.67,87.06,91.95,82.2,89.26,91.53,39.1,0,0,4,6,0
93.46,86.81,92.17,98.41,92.35,81.95,83.07,86.7,1,0,1,5,0
39.62,37.0,35.27,52.77,54.99,34.38,41.72,22.1,3,0,3,6,2
99.5,99.69,99.53,84.53,96.52,100.0,87.79,89.2,3,0,5,2,2
85.66,90.49,89.71,100.0,96.87,100.0,85.43,80.2,2,0,5,8,2
59.99,70.61,65.65,71.14,82.49,72.24,53.26,39.3,3,5,4,2,2
91.19,94.6,88.82,91.31,86.66,74.65,86.9,62.1,3,0,2,12,1
96.1,100.0,90.03,100.0,100.0,96.51,92.73,88.1,1,1,1,12,0
96.65,96.58,98.13,87.44,96.99,82.73,86.07,59.8,4,1,2,12,1
78.22,87.68,81.74,91.98,100.0,91.49,82.35,74.6,1,1,1,13,0
73.17,63.55,71.8,78.84,81.13,65.56,53.81,39.1,7,2,3,11,2
80.1,84.63,81.74,79.32,87.43,93.75,88.89,61.6,2,2,6,9,2
58.82,51.39,55.35,46.43,61.7,48.87,26.22,17.2,9,0,7,13,2
93.86,88.31,91.03,81.47,84.36,68.9,68.97,94.8,3,1,2,5,1
64.56,48.78,57.29,53.54,66.6,50.24,50.35,23.5,6,0,6,10,2
92.08,100.0,100.0,100.0,100.0,100.0,100.0,113.4,0,1,3,9,0
60.2,54.83,57.22,70.03,71.58,52.77,48.77,70.4,6,1,3,12,2
96.98,100.0,96.83,100.0,88.04,97.05,97.44,110.4,2,1,3,11,0
80.26,71.19,79.71,100.0,99.26,100.0,88.51,112.1,0,1,2,8,0
65.14,62.32,65.87,65.41,80.86,76.2,69.12,63.1,7,0,2,8,2
80.34,91.64,84.98,93.57,92.03,94.96,81.71,70.5,2,2,6,2,2
62.9,46.46,53.22,61.55,71.35,44.27,44.1,44.2,3,1,4,12,2
31.79,43.29,30.91,57.08,66.05,52.73,71.49,28.0,7,2,8,6,2
60.9,56.78,59.12,58.98,71.38,35.15,46.99,46.9,9,0,6,5,2
90.49,98.78,92.86,100.0,100.0,100.0,100.0,115.3,1,1,0,7,0
89.18,95.53,89.59,88.21,83.38,89.13,95.24,58.4,3,0,2,5,0
91.08,87.61,92.96,89.29,87.16,80.07,84.19,69.8,0,0,2,9,0
62.96,77.3,72.11,92.11,85.56,76.24,83.91,81.4,2,4,9,13,2
59.84,59.22,64.21,62.32,75.68,68.2,57.42,31.0,6,0,4,8,2
39.46,38.66,35.05,60.24,73.67,66.09,57.4,51.7,1,2,9,13,2
99.5,100.0,100.0,99.05,96.88,100.0,99.57,81.7,1,0,2,9,0
56.87,56.91,49.3,58.76,72.8,41.21,45.58,44.6,6,2,2,13,2
71.04,67.51,69.48,81.96,90.6,69.71,75.76,46.3,2,1,1,9,1
32.66,26.61,33.82,50.14,65.42,50.1,52.05,30.2,6,4,10,5,2
77.99,79.52,74.45,67.34,72.95,72.07,60.83,34.9,2,0,2,2,1
94.64,100.0,91.32,100.0,100.0,94.18,100.0,86.5,1,0,1,5,0
90.98,87.34,89.38,100.0,100.0,85.81,83.67,63.6,0,2,6,11,2
21.69,22.28,28.52,40.75,38.98,29.67,20.32,5.0,5,4,6,3,2
72.17,77.0,80.82,95.14,92.9,82.45,100.0,60.5,0,2,5,7,2
84.0,86.54,89.66,88.88,96.95,96.74,93.62,73.4,0,1,4,11,0
92.62,100.0,91.43,100.0,100.0,100.0,98.26,81.3,1,0,1,3,0
96.72,99.06,97.63,100.0,87.44,93.85,95.27,88.9,2,0,3,4,0
28.96,11.66,31.34,60.9,58.68,45.89,44.84,24.3,4,6,5,8,2
90.24,90.87,94.09,66.1,84.13,72.72,70.83,62.9,1,2,0,2,1
85.48,93.48,82.33,97.38,98.99,88.14,82.93,58.0,1,1,1,8,0
73.69,67.17,74.44,62.74,70.35,52.39,42.01,23.9,5,3,3,5,2
62.59,58.66,58.16,73.2,73.75,56.62,72.36,36.2,3,3,4,8,2
99.5,100.0,98.54,79.36,93.27,90.93,78.85,76.4,2,0,2,12,0
86.3,88.16,90.0,73.92,91.61,74.3,79.27,58.4,5,1,3,5,1
79.35,79.34,77.9,80.62,80.6,64.35,60.28,30.2,6,0,5,12,2
99.5,100.0,97.62,100.0,100.0,100.0,100.0,108.0,1,0,3,5,0
89.56,97.37,96.85,77.04,93.2,72.53,75.42,50.0,2,1,1,8,1
89.98,100.0,96.81,72.57,89.87,89.66,72.53,54.3,3,1,4,9,1
52.5,62.82,57.76,51.49,69.67,56.17,61.66,57.2,6,2,3,2,2
13.66,8.0,19.95,46.21,50.55,34.41,27.81,5.0,5,3,8,4,2
27.13,17.63,24.38,51.23,58.02,49.2,22.51,6.9,7,1,4,2,2
99.5,100.0,100.0,73.99,89.36,70.84,62.78,49.5,8,1,1,12,1
98.52,92.15,94.86,100.0,95.57,97.2,97.57,83.4,4,0,2,10,0
28.91,25.37,23.71,61.48,56.94,46.45,52.96,25.1,4,2,9,12,2
65.79,55.65,56.27,70.77,79.83,57.39,41.93,20.6,5,4,2,13,2
62.81,58.12,64.49,51.5,68.81,54.72,47.53,27.9,3,1,4,3,2
99.5,100.0,97.92,92.55,95.55,93.12,83.56,70.7,3,0,5,3,2
77.46,67.9,84.19,89.38,86.67,88.35,74.72,90.7,4,0,1,6,1
69.46,86.84,72.54,69.28,77.93,79.92,57.72,61.3,3,2,2,11,2
70.1,68.16,66.35,85.72,82.66,83.63,81.49,55.4,4,2,6,10,2
99.5,100.0,100.0,99.47,100.0,91.02,98.73,77.3,3,0,3,2,0
59.06,43.4,49.02,47.33,68.82,50.78,58.78,23.7,4,5,6,13,2
71.84,64.71,63.17,67.63,85.47,62.82,69.66,28.7,4,0,4,12,2
56.89,64.01,62.32,80.22,75.59,67.94,50.43,69.1,3,1,10,4,2
91.43,95.78,84.34,96.58,100.0,100.0,93.96,97.9,3,0,2,11,0
65.69,70.49,68.33,75.74,68.13,69.17,62.72,34.8,2,2,6,6,2
71.15,77.54,74.48,79.21,85.98,80.73,84.37,70.8,5,2,5,9,2
84.81,81.81,87.41,82.04,98.67,92.24,100.0,51.4,2,0,2,8,0
50.99,57.59,55.43,70.71,73.56,69.94,60.92,51.3,6,1,11,10,2
60.01,64.95,73.05,68.44,73.29,64.5,69.51,66.8,2,3,7,8,2
24.43,8.0,16.7,41.92,66.09,38.52,31.18,6.7,6,1,2,5,2
89.89,89.71,84.52,65.46,90.07,69.47,62.98,44.7,6,1,3,8,2
41.67,36.51,50.74,48.7,50.52,23.31,13.77,5.0,6,1,11,2,2
93.28,93.49,93.78,79.69,90.0,80.0,61.45,51.9,4,0,2,8,1
88.05,89.22,85.0,68.43,89.21,80.38,74.62,75.5,6,0,1,7,1
97.41,100.0,92.07,96.8,91.24,92.54,89.91,102.3,1,0,2,7,0
99.5,94.3,96.27,93.98,99.02,100.0,95.55,93.4,2,0,4,13,0
99.5,100.0,96.57,100.0,100.0,100.0,100.0,107.8,0,0,4,5,0
86.61,83.91,82.5,66.1,92.96,66.63,95.42,54.4,3,0,2,13,1
92.54,100.0,87.08,78.91,90.13,88.03,81.67,79.0,5,2,1,3,1
74.38,70.16,71.3,80.06,82.15,62.73,61.29,49.7,5,3,3,2,2
52.62,58.62,56.62,37.95,64.39,36.68,40.84,5.0,3,0,3,3,2
99.5,100.0,95.68,100.0,100.0,100.0,87.27,119.6,2,0,1,6,0
83.81,76.77,79.4,65.02,98.16,83.14,67.61,94.0,2,1,0,8,1
67.36,77.22,69.17,81.63,84.82,74.1,76.39,78.6,2,2,3,7,2
42.14,43.25,42.93,58.95,69.55,57.15,59.69,57.7,5,3,4,2,2
70.02,73.38,77.99,82.16,85.28,80.78,70.81,48.6,1,1,4,8,1
73.15,66.62,71.51,54.39,78.71,49.07,47.83,5.0,2,2,3,6,2
84.84,84.93,80.25,90.0,85.35,78.54,95.91,62.6,4,1,5,3,2
99.5,100.0,99.19,100.0,100.0,100.0,100.0,108.2,0,0,3,7,0
84.69,88.67,87.63,100.0,99.35,100.0,100.0,104.3,2,1,6,7,2
98.44,100.0,94.14,100.0,100.0,100.0,100.0,93.0,0,1,8,7,2
89.86,98.28,89.4,100.0,100.0,100.0,100.0,100.6,1,0,3,10,0
89.08,92.52,86.65,91.76,98.71,89.67,86.02,103.7,1,0,2,4,0
39.81,28.03,34.58,35.67,51.99,43.74,29.84,5.0,2,0,3,10,2
54.7,44.75,49.41,75.66,74.53,66.77,59.67,33.8,1,2,7,9,2
52.65,56.05,47.2,75.98,75.96,62.62,51.77,25.3,3,3,5,7,2
67.56,58.9,61.94,69.66,76.78,64.77,69.25,5.0,4,6,3,9,2
85.93,88.11,86.62,100.0,94.07,97.85,83.96,82.3,2,0,2,4,0
80.98,100.0,92.5,87.95,91.86,87.11,73.69,53.4,6,1,2,11,1
83.5,67.0,71.93,60.8,78.77,63.41,55.45,43.0,6,1,2,5,2
82.8,81.6,78.67,83.83,80.92,71.94,53.39,35.2,5,0,2,5,1
83.35,75.13,75.68,74.36,92.44,95.11,77.87,53.1,1,1,3,11,1
99.5,100.0,93.13,92.96,89.65,100.0,100.0,84.9,1,0,2,10,0
85.86,85.01,74.95,77.39,94.8,68.41,83.57,54.5,4,0,4,10,1
78.51,77.27,79.81,100.0,100.0,100.0,84.24,98.7,0,1,3,11,0
70.33,76.66,73.2,92.2,92.51,91.22,79.61,73.6,1,1,7,12,2
99.5,100.0,100.0,81.58,89.71,85.87,84.17,77.8,4,0,2,3,1
66.34,69.18,68.47,84.7,82.96,73.72,75.0,64.2,2,2,4,13,2
72.46,72.43,70.67,55.33,61.1,37.93,37.08,16.9,4,1,3,12,2
69.41,84.88,72.7,100.0,98.03,89.76,85.38,70.0,1,2,4,6,1
66.52,72.02,72.83,67.26,84.79,74.0,70.97,61.7,3,3,4,12,2
67.17,45.32,61.42,63.41,66.88,50.97,51.95,32.0,0,1,4,4,2
98.13,99.64,98.18,77.57,79.68,81.39,81.96,46.6,3,1,4,9,1
86.14,67.48,75.03,77.26,72.95,72.16,77.53,73.1,1,0,2,10,1
60.22,56.06,59.0,77.84,83.98,74.63,66.73,63.7,4,2,6,3,2
86.13,78.18,83.87,90.78,86.49,87.2,77.06,74.5,3,0,1,6,1
98.6,100.0,96.61,80.91,95.59,93.06,96.92,65.7,3,0,2,2,0
65.45,61.19,64.77,71.37,84.17,88.5,69.44,53.6,3,1,2,13,2
57.34,55.01,58.75,52.76,65.29,53.84,52.47,11.6,1,0,2,3,2
99.5,100.0,100.0,90.91,98.82,100.0,100.0,98.5,2,0,5,13,2
84.19,84.77,88.22,100.0,100.0,100.0,100.0,100.7,1,1,3,5,0
89.97,99.9,97.15,99.54,100.0,100.0,100.0,91.6,2,1,7,5,2
74.06,53.46,70.36,71.78,79.98,75.33,73.1,36.3,5,1,1,13,2
69.93,57.8,63.17,74.4,87.58,75.42,86.26,49.0,3,5,3,6,2
92.31,100.0,98.35,95.26,100.0,94.35,98.89,100.7,5,0,5,4,2
75.98,72.1,76.43,90.9,87.39,85.03,83.26,63.7,4,2,3,2,2
89.78,90.34,93.24,89.63,100.0,93.14,79.55,82.1,2,0,3,2,0
99.5,100.0,100.0,100.0,100.0,100.0,87.19,96.3,0,0,0,8,0
69.82,58.02,67.28,76.81,76.19,67.68,72.34,52.7,2,2,3,10,2
70.13,62.41,63.11,82.51,82.03,73.18,78.56,51.3,6,2,7,7,2
56.1,50.76,55.94,46.33,59.79,52.79,49.94,44.6,8,1,3,5,2
80.73,80.88,85.65,89.98,96.03,78.3,89.75,66.9,5,0,2,3,1
81.05,98.06,94.12,100.0,100.0,100.0,100.0,111.9,0,0,1,5,0
80.51,72.35,76.91,65.75,73.84,55.3,58.95,34.2,4,2,1,6,2
63.54,57.51,68.39,49.06,62.04,51.12,41.44,29.0,3,6,1,3,2
63.38,56.73,60.2,68.39,71.8,68.02,66.07,23.9,5,2,4,5,2
72.37,84.4,79.72,90.31,90.66,100.0,100.0,88.2,2,0,7,9,2
58.61,42.23,52.64,61.99,56.85,52.59,47.96,31.3,5,1,8,3,2
98.26,100.0,100.0,83.92,90.81,76.25,76.54,53.4,3,0,1,11,0
65.36,67.39,66.95,73.16,78.55,69.72,49.06,33.5,4,2,6,8,2
85.28,83.27,82.12,100.0,96.69,88.13,87.34,109.9,2,1,5,11,2
92.2,97.45,98.35,99.06,96.29,100.0,95.38,101.6,2,0,3,4,0
72.54,79.92,73.36,82.6,91.86,90.4,91.37,91.5,2,3,3,5,1
89.92,92.14,92.02,100.0,100.0,100.0,100.0,113.5,2,0,3,11,0
66.66,61.02,57.75,72.72,77.33,76.6,67.93,73.5,6,0,2,4,2
52.08,35.82,49.21,48.87,59.66,39.21,61.03,7.3,2,1,6,4,2
59.13,76.44,58.2,87.45,84.75,89.82,79.44,77.4,4,3,3,7,2
99.5,100.0,97.69,100.0,100.0,100.0,100.0,91.5,2,0,0,12,0
51.0,41.2,41.81,65.92,75.35,73.15,67.29,43.1,6,2,8,6,2
52.72,33.67,41.0,53.92,69.81,44.42,32.65,22.9,4,3,0,5,2
99.5,99.05,99.19,95.58,99.77,100.0,95.0,69.2,0,1,1,9,0
57.38,55.64,54.03,63.06,74.05,57.03,47.14,60.4,4,2,4,3,2
83.44,77.29,84.06,62.61,67.14,56.47,60.23,27.8,4,0,7,6,2
92.04,100.0,94.08,100.0,100.0,100.0,100.0,96.5,0,0,5,9,2
78.89,89.16,83.47,85.91,96.09,97.18,83.24,92.0,2,1,4,5,1
84.03,88.46,82.45,96.26,95.73,96.19,100.0,81.6,0,0,2,13,0
73.32,74.06,76.59,90.41,90.03,71.28,84.04,59.2,2,2,2,8,1
83.61,99.17,90.25,82.51,100.0,88.43,99.56,69.1,2,0,1,8,0
58.86,61.68,62.04,75.07,70.41,68.62,65.32,48.4,5,2,7,12,2
74.37,78.5,78.98,68.68,75.01,79.7,78.22,49.2,2,2,8,3,2
30.64,20.38,30.2,48.0,57.07,29.67,38.35,5.0,9,3,7,5,2
32.68,30.98,33.69,45.78,48.9,46.42,43.95,12.1,4,3,6,4,2
81.09,84.16,82.95,77.25,80.09,75.73,58.41,56.2,4,4,1,8,2
71.77,72.79,76.58,75.78,90.75,72.45,55.67,48.1,4,3,3,2,2
81.56,81.56,82.21,61.9,66.86,56.89,45.23,15.3,3,1,1,11,2
85.55,94.42,87.27,100.0,89.6,95.96,96.74,82.5,1,0,6,3,2
99.5,98.97,100.0,100.0,100.0,100.0,100.0,126.3,1,0,1,11,0
61.75,56.21,63.83,47.01,73.0,43.16,21.09,28.2,3,3,3,13,2
74.46,66.24,71.13,72.26,91.33,73.76,70.57,66.9,2,2,0,3,1
66.82,69.12,70.17,61.2,65.24,60.6,57.22,38.0,5,2,8,5,2
47.26,30.03,42.53,57.94,60.74,49.73,36.71,32.2,5,2,5,3,2
78.57,80.86,79.8,90.9,91.39,82.05,72.97,58.6,4,1,4,11,1
91.9,100.0,89.1,99.2,100.0,100.0,100.0,106.6,2,1,3,12,0
97.14,89.27,89.74,70.9,96.45,88.72,59.57,71.1,3,2,0,6,1
98.76,100.0,97.75,90.58,95.27,89.61,100.0,79.7,3,0,1,7,0
91.21,100.0,94.72,93.24,93.72,97.48,90.92,94.0,1,1,3,12,0
99.5,100.0,94.98,100.0,98.37,93.02,86.77,81.4,1,0,2,13,0
98.87,100.0,90.93,96.56,100.0,84.4,100.0,96.8,1,1,2,8,0
99.5,100.0,99.28,100.0,100.0,100.0,100.0,122.4,0,0,1,10,0
99.5,95.85,98.15,100.0,98.85,93.44,77.94,50.6,1,0,0,13,0
50.49,52.83,54.84,79.83,77.25,94.29,66.1,81.0,3,2,3,5,2
69.91,64.89,75.74,67.72,73.67,63.24,64.86,39.6,6,2,5,10,2
86.22,93.44,83.53,100.0,100.0,100.0,98.75,98.1,2,1,5,8,2
99.5,93.5,98.59,96.75,100.0,88.02,86.11,64.5,2,0,3,2,0
99.5,93.14,100.0,95.58,98.84,93.29,80.9,67.9,1,0,1,5,0
69.52,78.25,67.56,72.15,83.88,78.12,58.99,64.0,3,3,3,4,2
93.75,100.0,92.22,97.25,97.64,100.0,100.0,99.1,1,0,5,9,2
85.16,92.73,91.93,100.0,99.33,99.5,94.55,79.7,1,1,3,10,0
89.26,100.0,94.1,89.56,97.24,100.0,90.96,90.6,1,0,2,10,0
56.47,44.25,52.93,72.28,68.62,64.77,67.67,35.1,4,0,2,6,2
64.45,59.88,65.2,62.28,74.19,66.22,50.23,31.8,2,2,7,11,2
54.49,45.43,54.01,43.95,63.87,48.06,40.01,55.3,9,4,6,13,2
77.89,73.66,77.97,87.45,81.4,71.97,86.2,55.6,3,0,3,8,1
87.12,88.25,89.73,100.0,100.0,100.0,100.0,68.8,2,0,1,9,0
68.12,78.27,67.18,75.32,79.37,73.47,63.29,47.6,4,2,2,13,2
99.5,99.45,100.0,79.51,99.05,94.74,78.33,57.9,2,0,2,10,0
64.28,62.51,69.86,47.86,64.22,57.96,44.47,14.1,3,1,2,2,2
56.64,58.28,61.7,80.48,74.18,75.62,77.2,44.1,3,1,6,11,2
65.27,73.2,70.28,77.29,92.55,71.76,59.19,37.7,5,2,6,2,2
67.77,74.38,77.83,87.9,86.34,79.83,74.26,84.1,6,2,5,7,2
77.13,76.45,77.62,81.18,85.49,76.31,59.84,60.1,2,2,3,10,2
81.88,73.06,82.5,78.74,78.34,68.92,78.01,64.3,2,1,1,6,1
99.5,100.0,100.0,100.0,99.86,95.67,90.05,74.9,1,0,1,9,0
96.84,100.0,96.58,100.0,99.15,98.54,100.0,83.1,2,0,2,2,0
51.49,64.6,61.72,66.81,68.11,54.13,50.84,24.0,4,4,2,13,2
59.15,64.66,56.72,65.54,71.25,84.87,56.03,33.9,4,1,3,7,2
78.48,76.67,74.34,85.24,94.29,89.19,77.65,80.0,3,0,5,6,2
95.5,97.2,92.21,91.28,98.98,90.03,96.21,76.1,3,0,1,6,0
87.63,70.83,72.65,74.87,75.58,70.05,59.0,40.0,2,0,3,12,1
44.69,29.72,36.14,35.64,63.34,35.45,29.21,21.8,10,2,2,9,2
99.5,96.07,98.52,100.0,100.0,100.0,100.0,107.3,1,0,1,13,0
98.86,100.0,98.07,81.91,92.25,89.56,80.6,102.3,1,1,2,9,0
47.7,52.88,44.56,68.1,71.78,67.93,78.41,64.9,4,1,5,5,2
41.86,45.96,33.55,22.87,47.56,27.22,22.46,5.0,7,5,4,7,2
30.95,51.2,35.65,66.49,62.87,61.38,54.7,43.5,1,2,11,6,2
76.02,80.21,74.22,79.23,92.25,79.66,74.8,61.9,9,0,1,8,1
99.5,100.0,100.0,100.0,99.17,100.0,95.53,103.3,4,0,1,8,0
99.5,100.0,99.61,100.0,100.0,100.0,100.0,116.5,1,0,1,3,0
87.99,88.6,95.24,100.0,88.58,100.0,88.6,97.4,6,0,3,7,1
42.18,51.37,42.8,56.24,53.63,37.97,24.49,29.1,3,7,4,4,2
87.11,68.29,84.16,82.83,96.19,81.44,74.46,54.3,1,1,0,10,0
80.02,97.4,87.6,93.65,92.5,99.86,84.81,79.2,2,0,2,2,0
45.86,37.76,39.54,70.24,72.04,70.83,64.45,61.4,2,2,5,11,2
59.15,45.87,55.13,26.27,47.24,23.06,22.26,5.0,7,3,4,5,2
63.71,46.66,56.41,91.27,90.26,79.63,74.82,44.9,3,0,9,8,2
59.77,59.87,58.59,39.22,61.74,37.3,31.18,34.1,5,3,6,7,2
97.52,100.0,91.82,85.42,93.56,67.77,72.88,54.7,3,0,3,11,1
91.8,88.06,98.26,86.56,98.48,87.67,98.93,66.9,4,0,3,6,1
79.43,94.54,87.34,89.99,88.08,100.0,91.15,82.9,1,2,7,4,2
52.35,55.24,49.0,43.86,57.93,61.61,60.64,34.7,3,4,3,10,2
74.18,66.81,72.94,69.05,71.85,58.95,65.48,31.1,5,3,1,8,2
98.25,89.96,93.71,100.0,100.0,100.0,100.0,109.2,4,0,1,3,0
78.6,82.81,85.8,100.0,95.52,93.21,100.0,97.9,1,1,1,2,0
74.8,85.62,77.74,80.03,99.14,98.67,92.22,66.6,7,1,7,12,2
70.73,65.91,68.71,75.33,78.67,90.98,67.34,59.0,3,2,2,4,2
45.93,46.35,43.59,43.37,62.69,46.42,21.75,43.3,3,0,3,5,2
94.18,91.93,95.25,98.17,100.0,93.96,79.51,80.9,2,0,0,3,0
84.48,87.34,85.5,87.34,84.48,77.84,89.78,94.0,0,0,2,10,0
73.68,60.93,73.83,38.04,56.51,53.18,37.93,24.2,11,2,3,12,2
80.55,85.96,83.84,85.65,100.0,86.95,89.48,91.8,4,2,2,10,1
93.77,100.0,100.0,100.0,98.85,100.0,100.0,81.7,2,0,1,8,0
53.77,59.34,55.32,58.97,70.91,42.84,31.0,13.8,4,4,8,7,2
68.99,71.69,66.85,84.6,81.28,77.61,68.02,70.1,5,1,2,3,2
93.78,85.02,87.55,81.03,99.75,86.23,67.58,53.2,3,0,0,7,0
90.85,98.75,90.97,87.63,92.64,100.0,98.78,67.0,2,1,2,8,0
53.59,49.19,48.67,74.72,76.49,63.76,62.78,41.6,1,2,5,6,2
39.12,34.75,43.54,67.98,72.94,64.71,67.87,32.9,0,2,4,11,2
66.48,67.53,65.85,65.54,87.63,78.85,68.33,37.0,1,1,6,2,2
89.12,89.06,90.31,54.88,84.89,57.85,58.72,45.1,7,0,1,9,1
35.06,25.23,26.23,27.6,63.62,50.24,29.56,19.7,2,5,9,5,2
99.5,100.0,99.71,100.0,100.0,100.0,100.0,141.1,1,0,1,5,0
71.1,70.5,61.53,71.26,64.79,56.36,52.44,42.9,2,2,4,11,2
92.55,100.0,96.82,100.0,100.0,100.0,100.0,107.6,1,0,3,13,0
57.14,62.58,57.11,71.03,74.12,69.26,64.2,46.8,3,1,5,5,2
53.39,29.22,50.64,40.7,71.7,38.11,39.49,6.0,6,3,5,12,2
36.86,23.62,35.16,35.26,59.12,25.55,9.46,18.7,4,1,10,13,2
64.77,59.1,65.86,59.71,71.96,58.77,43.99,38.3,2,2,3,2,2
67.25,62.49,61.97,73.59,77.25,64.58,62.4,40.6,5,5,2,3,2
46.43,35.33,43.69,60.92,74.56,53.48,64.27,37.8,4,2,3,8,2
47.94,40.39,52.94,54.06,66.87,65.86,51.84,46.7,6,2,3,8,2
66.22,68.25,63.98,74.37,78.55,62.77,66.92,42.0,3,1,7,5,2
93.7,98.98,92.38,69.45,86.19,92.38,82.63,62.3,6,0,2,10,1
85.22,93.75,88.7,100.0,100.0,100.0,100.0,91.7,0,0,0,6,0
42.48,29.98,38.76,68.79,61.37,53.38,60.12,31.3,6,6,4,7,2
62.16,69.82,67.81,69.16,71.69,67.18,71.3,63.5,2,1,3,5,2
63.87,67.15,67.32,65.1,82.11,72.12,65.72,5.0,5,3,5,8,2
58.04,64.54,61.48,68.46,74.64,75.63,60.43,34.1,2,6,4,7,2
80.15,75.45,75.57,80.38,94.08,77.68,87.35,82.9,6,0,0,9,1
95.71,100.0,100.0,93.29,99.59,86.65,78.47,60.7,2,1,1,6,0
63.81,68.03,71.52,80.97,88.64,76.31,82.97,83.5,2,2,5,3,2
88.49,86.17,89.57,93.45,85.39,85.15,73.77,63.7,1,0,3,13,0
74.25,86.3,83.93,52.05,71.09,49.65,38.73,39.5,6,3,5,3,2
70.52,76.31,72.67,77.52,78.74,73.79,83.37,55.3,3,0,7,10,2
55.26,48.05,47.8,32.93,72.48,24.8,27.93,9.4,3,2,5,2,2
95.01,100.0,100.0,98.79,99.52,90.85,85.25,94.2,3,1,1,6,0
70.48,80.76,69.48,79.62,90.72,73.45,80.45,48.3,2,1,5,2,2
99.5,100.0,100.0,100.0,100.0,90.75,89.85,102.2,1,0,3,9,0
99.5,91.11,91.97,100.0,100.0,85.46,89.82,77.5,0,0,3,12,0
91.4,97.21,99.44,96.55,100.0,91.28,93.44,104.8,0,1,2,6,0
62.32,72.22,73.78,86.17,86.25,91.24,86.36,54.9,4,2,6,13,2
68.35,68.75,63.3,66.34,91.26,89.1,78.36,69.8,2,0,1,3,1
34.72,14.47,21.43,28.33,37.88,41.93,14.46,5.0,4,6,4,13,2
76.09,81.1,80.26,100.0,100.0,92.32,76.96,80.1,1,1,3,6,1
62.94,66.99,70.89,66.37,81.74,53.34,58.47,49.3,3,0,5,5,2
72.35,82.67,79.35,73.03,88.77,72.99,68.26,40.4,4,3,3,10,2
57.26,46.93,50.28,74.58,71.77,58.12,50.44,41.3,5,2,3,11,2
54.42,40.84,55.72,47.92,62.72,37.53,25.29,46.2,4,2,4,8,2
51.29,47.15,58.96,57.68,75.85,61.58,47.08,36.5,4,0,3,8,2
84.76,84.03,80.97,88.26,96.6,88.42,100.0,78.6,3,1,6,6,2
77.02,73.12,77.36,83.86,74.27,75.57,74.72,78.9,2,2,2,10,1
71.76,73.8,75.35,93.01,85.91,90.21,94.38,73.1,1,4,4,7,2
56.5,58.38,56.4,57.21,59.5,53.8,53.59,43.3,6,3,7,2,2
58.14,48.74,51.28,60.75,71.78,44.28,67.56,42.3,6,4,7,10,2
84.94,81.78,79.79,98.39,96.58,90.41,95.94,106.8,1,0,7,8,2
90.93,89.9,83.73,94.56,96.88,83.97,93.45,91.5,3,1,5,5,2
43.79,24.19,40.1,45.68,48.86,32.77,31.91,13.2,4,7,3,3,2
99.5,100.0,97.94,80.01,100.0,79.22,79.99,46.7,5,0,0,3,0
66.29,63.25,72.08,68.9,63.45,59.67,51.06,33.4,3,1,8,8,2
73.47,80.6,78.65,85.51,87.36,70.15,74.48,77.9,3,1,4,10,2
99.17,94.31,97.28,97.62,100.0,82.05,91.01,96.7,2,0,1,12,0
99.5,100.0,100.0,96.52,90.68,86.51,85.93,66.5,4,0,0,10,0
98.98,100.0,99.35,100.0,93.45,88.22,91.21,77.9,2,1,3,5,0
99.5,96.98,96.57,100.0,100.0,100.0,100.0,86.0,0,0,1,9,0
64.17,63.09,66.97,61.22,63.14,80.5,61.72,50.0,3,3,8,4,2
82.11,86.69,81.89,76.35,88.35,73.4,85.14,55.5,1,1,4,8,1
87.02,96.06,91.36,100.0,100.0,100.0,100.0,110.0,0,0,4,5,0
65.03,54.12,62.53,62.41,77.67,57.16,47.78,59.9,6,2,3,11,2
69.11,65.29,68.09,72.93,71.8,63.59,64.24,32.2,6,0,4,12,2
88.61,79.54,86.87,98.82,99.0,85.17,94.43,88.6,2,0,1,4,0
67.17,72.65,70.96,85.28,83.13,83.8,82.2,88.5,2,2,11,6,2
83.49,89.9,86.83,71.62,85.89,70.53,70.44,76.8,2,1,3,11,1
82.78,79.48,79.57,60.75,76.75,66.64,60.58,38.9,5,1,4,2,2
97.29,100.0,94.32,98.5,83.44,97.24,100.0,78.5,2,0,10,10,2
46.58,44.19,42.85,98.18,81.86,84.84,78.12,67.9,4,2,12,10,2
82.64,80.84,79.39,97.95,84.82,86.99,84.9,66.5,2,0,3,2,1
37.88,29.76,37.55,58.41,66.66,53.44,38.95,5.0,4,1,3,12,2
85.13,99.65,97.67,51.48,74.07,61.81,70.39,55.5,2,0,2,2,1
55.27,48.67,52.86,58.35,73.4,66.99,56.82,10.7,6,2,3,3,2
82.7,100.0,94.31,100.0,100.0,99.18,100.0,94.5,1,1,4,8,0
91.48,99.99,92.02,100.0,100.0,100.0,100.0,106.5,1,0,3,13,0
66.51,59.0,63.19,70.86,83.11,58.77,62.77,31.9,4,3,4,13,2
83.34,98.46,88.52,71.52,70.59,74.84,77.68,57.2,1,1,5,10,2
56.0,58.47,59.42,76.38,79.2,73.97,67.51,73.1,3,2,9,13,2
71.21,69.19,68.09,70.63,82.1,79.51,78.43,59.1,1,0,8,6,2
46.07,46.73,49.39,49.51,62.02,51.85,45.81,11.8,4,2,3,2,2
73.03,87.01,79.85,70.47,93.03,93.42,97.67,94.5,3,4,4,7,2
22.51,8.0,17.76,31.78,42.29,19.34,13.04,5.0,13,5,2,13,2
83.44,99.84,87.5,100.0,98.34,100.0,100.0,118.8,2,1,3,6,0
95.23,94.38,88.36,73.61,89.73,79.87,76.27,65.2,2,2,0,9,1
80.77,70.89,75.31,74.27,74.79,72.47,61.71,44.5,4,0,3,12,2
83.31,81.93,85.87,84.87,94.17,67.73,84.24,73.0,2,2,3,9,1
61.73,53.43,51.59,69.34,77.3,79.96,80.09,51.9,4,2,10,4,2
46.47,43.89,39.27,71.11,72.5,63.15,58.26,32.7,2,3,4,3,2
54.78,50.08,51.91,51.87,76.74,50.4,50.78,16.6,4,1,8,6,2
33.12,36.53,31.11,58.06,53.1,58.47,36.42,54.8,11,4,6,4,2
59.23,60.64,72.67,46.35,74.69,56.65,34.52,28.2,4,1,7,4,2
87.32,87.31,88.32,86.36,95.99,82.46,77.32,62.4,1,0,0,9,0
43.95,42.89,41.97,75.24,78.72,67.1,76.77,64.6,3,3,1,4,2
95.11,97.39,100.0,100.0,100.0,100.0,100.0,114.1,1,0,0,12,0
38.3,31.03,35.31,42.7,65.9,44.66,46.67,5.0,7,2,6,13,2
77.41,75.2,76.26,75.19,77.8,62.53,63.77,61.3,2,1,5,8,2
98.52,96.21,100.0,66.63,98.95,61.58,59.67,41.9,4,1,2,6,1
99.5,100.0,91.39,100.0,98.01,99.14,95.32,69.8,0,0,0,13,0
88.7,100.0,89.17,79.96,93.55,99.47,99.9,63.9,1,0,1,11,0
69.83,69.49,71.85,100.0,96.36,96.73,85.02,70.2,2,0,5,6,2
84.59,89.94,82.83,72.65,80.32,69.93,74.91,44.1,4,3,7,11,2
97.45,100.0,94.57,100.0,100.0,100.0,100.0,88.0,0,0,3,7,0
99.5,98.66,100.0,90.87,98.68,90.77,80.4,70.7,4,0,4,13,1
94.2,100.0,93.73,89.39,96.99,90.19,78.83,89.3,2,0,2,12,0
70.84,59.34,67.97,75.25,90.73,69.29,72.71,41.5,3,3,3,5,2
98.82,100.0,98.28,99.68,100.0,90.06,97.55,109.3,3,0,1,12,0
47.84,38.08,45.56,46.23,55.48,30.28,14.43,20.5,7,2,4,11,2
99.5,96.26,97.9,82.95,100.0,100.0,100.0,79.4,2,0,0,4,0
96.33,93.19,98.51,70.97,90.39,77.22,66.16,44.2,5,0,0,8,1
96.09,100.0,100.0,99.07,89.87,100.0,100.0,106.3,1,0,3,7,0
78.61,94.78,81.98,53.19,79.75,64.15,53.68,28.0,3,3,4,7,2
66.01,58.86,56.86,78.77,76.52,66.79,55.05,26.4,1,4,1,12,2
75.82,74.8,74.9,70.63,80.39,67.2,63.74,26.3,5,1,4,12,2
99.5,100.0,97.37,100.0,100.0,94.66,100.0,88.9,2,0,3,13,0
79.14,80.58,76.84,87.11,89.32,69.65,69.35,50.6,2,1,6,6,2
94.73,100.0,89.8,89.1,99.08,93.99,92.38,43.0,1,2,4,13,1
92.37,94.54,91.57,100.0,96.41,97.33,86.68,105.2,4,0,2,5,0
98.62,93.92,97.01,78.78,96.61,76.43,72.14,92.5,5,2,3,4,1
77.35,74.79,74.01,74.22,78.06,84.28,83.93,52.0,5,1,6,11,2
80.33,82.76,81.05,83.65,89.4,83.63,93.92,113.6,1,0,5,4,2
82.19,93.75,89.18,92.37,99.27,92.82,99.69,88.8,1,2,0,6,0
91.28,99.46,100.0,100.0,100.0,95.9,100.0,109.0,0,0,3,6,0
75.04,81.81,83.75,77.6,84.92,91.37,71.22,72.3,0,3,4,5,1
73.48,83.71,74.77,87.67,82.99,78.15,93.0,66.6,3,3,9,10,2
91.76,91.49,88.66,79.37,100.0,80.9,75.56,51.3,3,1,2,7,1
59.23,58.63,53.48,82.37,73.58,67.69,77.21,56.6,5,1,4,9,2
65.74,66.9,69.45,63.71,79.31,68.58,73.98,20.2,3,3,6,3,2
53.04,45.9,51.07,65.12,70.6,67.96,53.27,15.3,2,1,3,4,2
99.5,100.0,100.0,92.79,96.71,93.77,80.72,66.9,3,0,0,10,0
97.73,100.0,99.32,100.0,100.0,100.0,100.0,106.9,0,0,6,9,2
40.39,37.42,37.03,61.51,68.13,59.49,53.57,32.7,8,2,5,4,2
97.46,100.0,98.23,91.17,95.2,99.82,98.91,74.3,1,0,1,5,0
90.26,81.7,86.14,82.73,92.9,71.85,57.34,53.3,4,2,0,9,1
61.23,54.73,55.88,46.25,60.45,28.98,26.89,13.5,9,4,5,11,2
93.47,100.0,96.29,100.0,94.99,100.0,93.59,74.1,5,0,2,10,0
90.19,95.6,88.75,95.77,88.72,80.74,90.61,62.9,3,1,3,12,1
92.34,95.83,99.23,95.98,88.51,97.71,100.0,87.5,1,0,2,9,0
86.99,75.04,75.56,77.99,84.36,64.38,66.62,47.9,2,3,0,5,1
99.5,100.0,100.0,100.0,94.04,89.77,100.0,59.7,0,1,2,11,0
85.98,76.6,80.4,90.56,78.67,80.4,85.93,65.0,5,1,3,13,2
95.73,87.59,81.02,89.71,86.83,86.63,72.23,63.1,4,0,1,6,1
99.5,100.0,92.49,89.86,92.94,99.45,86.49,77.7,0,1,0,10,0
90.87,91.14,90.71,96.98,89.13,88.05,98.49,46.4,6,1,0,4,1
63.59,62.98,61.67,60.63,90.86,59.45,58.76,56.0,6,1,5,7,2
84.34,79.81,84.25,90.89,100.0,90.73,100.0,86.3,1,0,0,2,0
67.06,71.75,67.14,69.38,76.88,79.05,83.17,84.4,4,0,8,6,2
68.32,76.4,73.7,81.17,89.49,87.47,84.51,74.1,2,0,5,11,2
99.5,88.95,95.53,77.49,89.52,64.99,75.62,77.7,3,0,1,5,1
84.27,92.42,89.97,96.49,98.54,99.59,85.86,89.5,3,0,3,12,1
77.4,87.7,84.78,87.86,88.43,88.04,92.82,55.5,5,3,5,12,2
99.5,96.79,100.0,96.06,100.0,100.0,97.32,108.3,2,0,1,2,0
71.49,69.03,69.37,66.88,83.13,56.75,57.25,30.8,2,0,2,12,1
33.74,29.66,37.88,57.47,61.77,51.83,60.5,36.4,4,4,9,4,2
82.21,88.23,84.23,86.42,86.82,92.65,87.58,62.5,1,0,5,7,2
67.48,64.8,63.55,64.19,78.53,73.79,58.18,56.9,2,4,8,7,2
73.96,59.76,66.86,56.39,80.69,69.23,52.83,17.5,0,2,3,9,2
62.07,57.98,62.06,65.21,84.01,67.5,49.84,62.9,7,2,5,13,2
99.5,100.0,100.0,100.0,99.92,95.21,91.55,88.6,0,0,3,7,0
75.18,77.81,78.85,100.0,82.2,82.66,85.21,82.0,2,0,4,11,1
51.84,52.24,54.67,44.84,64.54,41.27,33.18,5.0,3,1,3,7,2
63.27,54.59,58.5,90.85,87.84,93.87,81.95,67.6,4,1,5,7,2
43.47,46.89,49.11,67.61,69.24,46.79,51.92,41.6,7,2,10,7,2
35.57,44.52,39.0,48.24,73.95,59.03,52.58,37.7,3,4,9,5,2
83.94,98.95,87.47,92.47,92.65,82.5,73.03,71.4,5,2,7,3,2
41.5,49.12,36.76,55.69,66.05,49.9,38.64,13.3,4,1,7,9,2
99.5,100.0,100.0,92.51,95.55,92.45,75.1,67.3,0,0,1,3,0
98.03,100.0,96.43,94.27,100.0,100.0,100.0,88.2,1,1,3,5,0
70.59,59.01,61.85,85.44,75.53,89.13,85.41,44.7,2,0,4,2,1
60.7,59.94,55.29,84.17,68.88,80.29,90.69,50.5,4,3,3,13,2
99.5,100.0,100.0,100.0,100.0,100.0,94.5,87.4,1,0,1,9,0
49.17,34.36,44.23,52.14,60.87,60.81,44.55,24.0,2,2,2,5,2
85.65,85.2,87.53,86.59,100.0,100.0,86.79,87.7,2,1,1,3,0
71.63,80.11,73.98,100.0,100.0,100.0,97.69,102.4,0,3,5,4,2
22.67,8.0,17.25,64.32,69.65,58.4,46.21,31.5,7,4,10,5,2
99.5,100.0,99.52,98.4,100.0,99.78,97.59,89.3,0,0,1,6,0
52.66,52.92,48.11,66.05,71.45,45.57,49.11,43.8,0,4,6,5,2
84.61,92.93,91.03,93.9,96.75,100.0,98.46,71.5,3,1,5,9,2
66.62,69.38,64.24,56.5,71.89,58.72,61.25,25.7,5,2,6,5,2
67.9,61.16,63.17,62.99,67.38,60.53,57.26,16.7,4,3,4,4,2
87.65,89.96,90.01,64.6,85.26,76.88,93.73,63.0,5,0,5,12,2
82.47,81.07,86.08,99.94,93.52,100.0,94.33,94.8,2,0,2,7,0
87.27,74.46,79.92,81.47,100.0,91.18,100.0,86.2,1,1,0,5,0
38.53,35.99,40.61,59.05,64.52,55.45,68.04,66.4,4,4,6,6,2
71.0,80.18,75.8,63.03,81.64,71.44,66.56,29.8,2,0,3,11,1
83.28,99.06,88.39,93.13,89.21,89.4,87.05,73.6,1,0,1,10,0
77.18,83.76,79.34,92.03,97.14,100.0,100.0,107.1,0,0,3,3,0
56.08,48.88,52.96,61.61,68.81,38.58,62.56,21.9,5,1,5,11,2
89.16,81.32,87.09,98.83,95.38,93.87,100.0,84.6,0,0,1,10,0
75.79,83.49,83.33,76.65,79.43,61.37,70.51,65.6,1,0,3,9,1
73.72,73.02,74.62,59.99,79.46,63.49,51.74,43.5,4,1,3,5,2
91.59,92.96,91.02,86.41,89.78,83.67,79.9,92.9,2,1,4,4,1
60.23,43.65,52.13,59.13,82.48,69.86,64.84,68.1,1,2,8,10,2
99.5,93.32,97.72,100.0,100.0,100.0,93.02,103.4,2,0,1,10,0
99.5,100.0,97.79,90.05,97.43,84.96,69.59,63.0,3,0,3,4,0
62.53,44.51,48.57,77.17,70.03,41.79,38.71,64.4,8,3,4,7,2
78.58,86.32,86.1,99.05,80.25,76.18,82.24,60.0,1,1,11,8,2
72.82,72.56,72.21,57.09,81.68,53.06,44.42,27.5,6,0,2,13,2
52.13,46.62,49.32,85.51,77.84,93.98,90.78,91.4,1,1,6,4,2
99.5,100.0,100.0,88.44,99.6,87.71,89.23,73.9,1,3,1,7,0
63.91,61.02,60.76,91.34,85.34,96.5,91.75,81.6,3,2,4,6,2
45.61,46.79,47.76,56.16,63.82,51.82,50.3,28.1,6,3,3,3,2
85.13,100.0,90.77,73.06,83.2,91.63,73.76,72.6,1,1,5,6,2
79.05,80.15,80.84,71.9,93.84,79.02,80.76,50.8,3,2,4,5,2
85.69,100.0,88.74,95.86,89.75,100.0,99.89,91.8,3,0,3,8,0
66.11,73.6,72.57,71.69,74.06,74.21,61.32,56.2,2,2,2,10,2
83.79,85.44,91.52,84.32,98.32,87.47,81.25,78.3,2,1,5,8,2
12.91,15.57,10.18,63.32,71.22,74.65,65.85,48.2,3,5,5,5,2
88.19,84.66,89.89,100.0,98.46,76.95,93.38,73.6,1,0,3,10,0
99.5,100.0,100.0,72.47,85.74,90.9,77.74,71.7,3,0,1,4,0
85.94,82.83,86.23,78.59,80.63,73.8,73.39,31.5,4,1,4,5,2
71.87,81.8,77.5,74.5,77.26,68.24,62.23,60.8,3,3,7,10,2
78.56,78.95,73.7,93.62,100.0,92.31,99.81,118.7,1,1,2,2,0
62.52,57.2,57.33,86.96,94.96,90.21,87.38,61.1,2,0,7,5,2
89.69,84.58,86.78,83.98,92.79,82.29,66.32,56.2,1,0,1,2,0
64.25,72.27,72.19,79.9,82.45,76.43,69.8,66.5,2,1,5,4,2
69.95,62.47,65.89,52.52,63.28,47.07,49.5,16.1,7,1,0,12,2
99.5,91.08,98.17,88.44,100.0,85.78,100.0,82.6,2,0,2,8,0
73.27,77.59,75.14,65.59,79.74,51.98,57.56,27.6,4,1,2,2,2
92.79,89.24,91.71,100.0,96.32,100.0,100.0,83.0,2,0,6,2,2
99.5,99.83,100.0,100.0,94.82,75.46,88.39,39.3,5,0,3,9,1
63.63,59.71,58.88,74.11,80.23,66.99,66.0,25.7,7,0,8,2,2
71.6,61.79,67.26,74.64,78.42,60.32,56.57,48.2,4,0,3,2,2
99.5,95.18,96.22,93.36,100.0,100.0,100.0,115.1,2,0,2,12,0
40.3,41.91,40.69,57.85,70.21,58.59,47.43,37.8,3,5,7,6,2
84.09,93.04,84.78,86.67,93.44,96.63,75.53,86.9,5,0,3,13,1
82.12,85.02,90.49,74.73,76.41,74.65,75.0,78.8,3,4,4,9,2
61.2,67.76,56.86,97.7,95.87,96.37,83.5,67.1,2,3,5,6,2
62.06,42.66,47.99,39.14,66.65,34.9,33.18,5.0,2,3,4,11,2
70.56,81.49,76.42,96.91,88.46,100.0,100.0,91.8,0,0,3,4,0
76.33,78.9,80.6,61.73,84.65,60.83,65.08,29.3,5,0,4,5,2
80.96,84.68,88.8,76.52,81.33,74.0,62.74,59.7,2,1,3,4,1
89.33,95.37,90.58,94.39,95.01,87.55,91.35,68.5,5,1,2,3,1
99.5,100.0,99.71,84.71,89.65,91.22,81.12,108.3,3,0,2,13,0
16.3,10.12,15.96,52.11,60.79,46.67,34.62,42.4,6,4,7,3,2
85.07,87.23,91.5,88.01,90.4,85.43,89.34,71.2,2,1,3,10,1
64.13,53.59,54.89,82.78,73.8,71.67,63.05,43.7,5,2,5,6,2
81.43,88.58,84.92,83.76,86.98,81.48,85.84,45.7,4,1,5,10,2
76.17,70.95,76.75,66.55,90.93,75.13,82.27,82.4,4,0,3,13,1
99.5,98.66,97.84,87.56,100.0,81.93,73.0,73.4,4,1,2,3,1
43.29,40.55,43.98,74.27,74.08,80.86,64.68,62.0,2,1,3,13,2
65.6,60.41,61.18,82.59,91.46,91.53,81.96,59.9,6,2,9,13,2
91.37,91.17,96.18,69.02,78.83,73.89,82.24,81.8,2,0,6,12,2
60.84,61.22,53.93,58.99,75.16,51.52,49.44,9.5,7,1,5,10,2
63.86,56.48,60.02,77.21,85.41,79.11,76.2,54.6,1,0,4,10,1
94.74,99.31,98.75,81.05,100.0,100.0,95.0,86.5,4,0,1,13,0
99.5,100.0,98.54,93.01,91.99,100.0,79.59,88.0,2,0,3,13,0
62.94,43.87,59.11,85.94,77.49,81.01,73.18,47.5,5,0,1,9,2
74.66,85.93,79.22,67.9,82.74,55.11,57.02,41.1,5,1,5,2,2
85.13,86.56,86.88,87.42,96.14,100.0,96.59,73.2,1,1,6,6,2
65.77,55.88,64.27,79.85,74.2,79.85,52.82,37.6,6,2,3,9,2
95.45,96.7,95.72,78.23,92.41,70.19,73.01,65.7,2,1,3,5,1
98.99,100.0,92.75,100.0,100.0,100.0,90.53,110.5,4,0,3,12,0
81.86,79.32,87.9,65.62,79.96,69.94,62.93,45.4,2,1,3,8,1
99.5,100.0,100.0,100.0,100.0,100.0,100.0,88.3,3,1,2,8,0
99.5,100.0,100.0,100.0,100.0,100.0,100.0,125.3,1,0,3,12,0
63.93,89.05,72.02,88.2,91.49,92.76,92.49,93.0,1,3,5,4,2
99.5,100.0,100.0,100.0,100.0,100.0,97.42,114.2,1,0,1,3,0
81.86,87.72,77.18,91.75,89.67,98.92,97.6,105.0,3,2,5,7,2
68.21,59.59,58.68,67.84,71.08,44.04,41.46,51.9,6,1,4,3,2
56.08,63.04,68.36,62.32,69.51,68.42,60.72,34.8,2,4,6,7,2
57.39,46.66,48.35,64.54,59.16,53.31,42.55,24.8,8,1,4,7,2
80.02,86.8,81.38,98.08,83.65,90.24,74.38,60.0,1,0,9,13,2
56.83,48.62,54.28,63.72,68.39,57.24,57.97,30.1,5,2,5,12,2
96.98,90.84,96.03,93.35,93.0,100.0,84.88,77.1,4,0,2,4,0
43.65,40.18,42.33,60.98,64.23,67.64,62.26,20.0,4,0,3,6,2
81.36,79.56,79.19,87.41,91.27,99.32,100.0,84.6,1,2,3,9,1
99.5,100.0,99.28,76.94,100.0,95.61,80.78,68.5,2,0,4,3,0
47.67,40.51,49.5,67.52,75.03,71.01,49.22,61.9,7,3,4,10,2
58.62,57.27,60.66,76.69,81.0,73.28,72.09,76.3,2,3,2,7,2
67.2,63.06,68.35,71.86,75.98,74.95,78.19,75.2,1,2,6,9,2
93.27,83.47,81.79,77.94,89.62,72.47,49.41,48.7,2,0,2,5,1
85.08,96.72,91.61,99.49,96.5,100.0,85.79,103.0,2,2,3,9,1
63.72,62.27,63.68,73.12,71.29,74.46,71.39,45.2,3,1,3,8,2
75.66,90.05,78.59,68.11,68.4,54.33,54.71,25.2,1,0,3,3,1
96.26,100.0,100.0,89.69,99.76,79.99,92.43,63.8,1,0,2,2,0
93.91,94.65,88.32,68.44,77.2,78.34,71.53,71.6,4,1,0,5,1
99.5,100.0,99.55,97.68,100.0,80.85,84.84,95.5,4,0,2,8,0
82.22,82.39,87.02,82.93,75.26,78.23,77.31,58.2,2,2,1,7,1
73.24,64.73,70.63,65.07,84.3,69.08,67.21,60.0,1,2,9,11,2
75.63,68.53,65.09,88.36,91.92,86.31,83.83,67.1,3,3,4,9,2
68.93,65.3,73.32,93.39,94.72,95.54,83.19,91.2,2,1,8,5,2
92.54,100.0,88.57,83.96,99.62,92.73,96.74,56.8,1,0,3,13,0
72.55,82.49,71.54,100.0,100.0,100.0,100.0,116.3,2,0,4,12,1
54.95,60.36,60.87,73.34,80.37,84.94,83.15,80.0,2,2,7,11,2
83.36,89.97,82.01,90.51,89.6,71.25,67.16,50.1,5,3,3,7,2
72.42,73.19,71.69,91.11,89.9,80.73,71.6,87.3,3,3,2,11,2
70.01,60.51,62.5,52.32,72.73,51.56,37.05,5.0,6,0,4,2,2
48.89,56.63,52.12,40.34,60.53,38.72,36.39,9.1,1,2,2,3,2
63.03,62.66,67.67,60.4,74.38,63.36,51.58,43.6,4,4,4,6,2
94.72,86.07,85.12,80.7,89.39,86.96,83.24,75.0,2,0,3,2,1
98.04,86.7,94.7,81.68,96.62,81.58,85.97,41.2,2,0,0,8,0
83.92,97.25,82.1,100.0,100.0,100.0,100.0,100.7,3,0,2,10,0
76.11,72.08,82.98,88.44,87.51,77.55,81.04,58.2,4,1,4,10,2
86.73,88.46,83.7,93.08,100.0,85.52,74.59,88.9,3,1,0,2,0
96.47,83.36,93.73,94.41,100.0,98.43,90.47,49.1,4,0,2,3,0
85.24,88.91,87.81,100.0,90.77,100.0,98.21,94.7,2,0,3,5,0
96.84,100.0,98.58,100.0,100.0,100.0,84.4,77.9,0,0,2,10,0
85.46,80.18,81.7,72.25,77.76,74.03,72.53,49.2,3,2,7,4,2
82.51,75.71,74.45,78.82,91.13,87.47,68.26,50.5,4,1,3,3,1
74.24,73.39,79.81,65.86,90.86,63.04,64.13,58.4,2,4,6,5,2
46.69,48.02,43.42,80.98,72.48,77.57,63.21,53.1,3,0,7,3,2
98.83,100.0,98.8,98.96,100.0,100.0,100.0,93.7,1,0,1,6,0
87.27,75.16,81.28,75.73,84.19,78.38,59.76,55.3,2,0,1,3,1
94.72,100.0,100.0,81.34,96.0,100.0,96.24,96.6,2,1,4,8,1
78.08,78.84,87.46,86.67,94.83,93.53,90.61,85.1,3,1,2,9,1
75.23,76.05,72.81,68.79,86.97,72.2,70.02,50.3,9,1,2,10,2
77.06,74.73,76.73,100.0,100.0,90.65,100.0,99.8,2,2,3,13,1
52.9,59.03,59.53,58.52,66.22,68.43,66.01,25.3,7,4,6,6,2
98.81,100.0,100.0,88.49,100.0,77.35,87.68,85.9,1,1,4,7,0
83.88,85.62,83.92,93.2,83.22,83.48,100.0,75.4,6,0,1,7,1
71.73,72.3,71.48,74.97,63.9,77.15,59.98,76.3,5,4,5,3,2
65.97,78.41,75.83,71.51,77.75,74.41,61.21,44.6,3,1,0,5,1
57.77,64.54,52.96,54.51,76.23,62.57,50.21,29.2,6,3,7,2,2
42.53,48.06,48.28,43.03,55.36,56.18,48.74,21.0,5,1,11,12,2
99.5,100.0,96.49,100.0,100.0,95.72,94.56,95.4,0,0,3,12,0
65.37,57.7,63.05,72.88,73.18,60.33,57.29,37.2,5,1,6,10,2
24.87,22.12,24.08,41.64,55.03,48.61,44.67,15.1,5,3,8,4,2
63.94,78.61,67.09,88.68,88.67,82.53,80.17,64.5,5,2,5,12,2
93.67,100.0,97.32,99.39,92.66,81.9,100.0,113.6,2,0,2,3,0
40.41,32.77,36.07,69.1,79.73,65.48,64.27,65.7,2,3,2,10,2
75.98,83.2,82.77,93.38,92.89,95.81,96.23,93.1,5,1,1,11,1
98.58,100.0,96.05,96.92,90.56,100.0,100.0,80.5,2,0,3,9,0
31.0,20.39,22.78,34.75,46.66,31.12,22.11,5.0,9,7,8,10,2
43.91,44.76,44.68,45.65,60.7,51.67,40.95,34.1,3,4,6,7,2
30.03,23.49,27.26,62.92,71.69,54.33,43.04,21.1,4,2,10,13,2
56.2,51.06,60.29,61.68,67.22,59.16,67.45,54.5,3,6,5,9,2
87.12,100.0,91.91,100.0,100.0,100.0,100.0,126.5,0,0,1,10,0
46.85,36.9,43.06,43.72,52.43,23.3,21.14,5.0,11,2,2,13,2
92.63,91.03,87.19,83.29,97.08,89.28,73.5,62.5,3,0,1,12,0
71.15,48.97,63.49,42.71,72.46,55.5,45.17,16.2,4,3,4,9,2
91.62,69.82,78.77,71.12,84.35,75.53,74.32,61.6,2,2,3,12,1
74.85,76.39,74.68,85.61,85.3,98.72,75.94,91.8,0,1,2,3,1
70.45,70.65,66.86,74.87,78.85,58.35,63.58,12.7,3,4,6,10,2
29.61,17.85,27.2,35.71,54.78,23.63,35.52,5.0,9,4,9,2,2
87.39,91.18,88.39,81.79,93.12,90.47,86.19,50.4,5,0,5,9,2
99.5,100.0,100.0,95.3,93.2,87.1,91.13,73.1,0,1,0,10,0
93.31,97.42,90.86,100.0,100.0,100.0,100.0,92.7,0,1,4,7,0
65.8,71.38,68.07,88.46,85.99,77.51,74.77,90.3,7,1,3,2,2
60.24,67.08,63.34,48.83,74.78,50.04,46.72,25.0,8,3,7,6,2
88.16,85.99,86.72,100.0,100.0,97.4,100.0,97.2,2,2,3,7,1
98.56,100.0,100.0,92.38,100.0,94.86,96.77,69.7,1,0,3,11,0
83.4,90.87,85.91,75.96,85.84,73.49,67.57,59.6,2,2,3,2,1
94.87,99.77,92.51,100.0,100.0,100.0,100.0,98.0,1,0,1,5,0
71.61,41.97,61.9,33.12,58.34,22.86,17.43,23.2,6,4,0,3,2
93.06,100.0,100.0,99.05,93.36,94.76,88.44,78.0,3,0,1,11,0
96.17,100.0,94.85,85.16,100.0,77.1,81.1,77.7,1,0,3,11,0
87.81,92.72,89.34,100.0,100.0,100.0,100.0,127.7,0,1,3,8,0
84.36,100.0,91.07,100.0,98.72,95.27,100.0,85.5,0,0,3,3,0
69.35,55.92,67.95,58.76,70.13,84.15,60.33,29.4,2,0,2,10,1
99.5,100.0,100.0,83.68,100.0,89.38,85.45,57.1,2,0,0,5,0
75.27,77.88,76.7,98.21,88.41,92.96,100.0,86.0,2,0,4,4,1
70.59,60.76,65.13,93.66,80.08,69.43,58.78,51.4,4,1,6,13,2
75.99,66.7,70.53,54.96,64.27,48.64,38.59,15.5,9,3,2,3,2
63.03,63.63,65.14,91.76,79.91,66.92,74.87,51.9,3,4,3,4,2
94.92,97.77,93.11,100.0,100.0,100.0,100.0,118.7,0,0,3,4,0
32.25,31.41,26.37,63.35,54.91,48.27,44.97,5.0,6,2,11,6,2
92.9,97.48,93.7,100.0,100.0,100.0,100.0,119.0,0,1,3,6,0
92.46,96.56,91.92,100.0,97.96,100.0,100.0,102.4,1,0,0,12,0
36.0,43.01,37.11,46.29,72.87,53.56,63.95,55.5,2,5,4,13,2
49.42,42.0,48.71,58.66,73.62,59.46,56.56,25.9,5,2,4,3,2
76.45,58.24,69.89,68.66,67.8,80.38,65.87,75.9,2,0,3,7,1
37.21,31.62,34.13,68.11,68.93,57.33,58.57,28.2,3,2,7,4,2
81.13,81.12,76.36,77.91,82.64,66.92,56.26,21.9,4,0,5,2,2
57.97,50.63,53.55,48.43,67.37,53.28,52.26,39.9,5,2,9,13,2
81.38,91.36,78.68,79.49,94.91,85.59,73.47,90.7,2,0,5,13,2
99.5,100.0,96.57,100.0,100.0,100.0,100.0,92.7,2,0,3,13,0
94.08,92.09,90.09,82.22,99.23,86.68,77.77,54.0,2,0,2,8,0
84.87,97.98,89.88,100.0,99.32,100.0,96.46,60.8,1,0,6,2,2
35.75,36.28,36.17,62.87,76.61,56.33,59.42,18.9,2,6,5,10,2
75.76,81.27,76.83,82.97,83.06,70.62,81.46,55.4,5,0,3,13,1
95.48,99.88,92.58,100.0,93.34,98.97,79.8,96.5,1,0,2,13,0
78.17,80.24,72.05,82.01,83.73,68.32,55.01,58.6,2,0,3,11,1
82.65,81.91,87.75,67.03,82.06,55.83,61.69,48.4,3,1,4,10,2
99.5,99.74,96.2,82.74,92.91,76.59,65.92,62.4,3,0,2,3,0
55.77,58.35,55.59,77.73,78.1,78.06,61.41,48.6,5,0,5,12,2
58.48,67.48,59.96,96.26,94.64,92.85,97.89,91.7,2,1,9,8,2
45.07,45.27,48.59,67.42,64.56,58.59,56.1,40.5,3,1,3,8,2
99.5,100.0,100.0,91.87,93.32,89.05,79.96,77.2,4,0,1,4,0
99.5,88.59,92.49,98.44,100.0,100.0,92.89,102.4,1,0,1,2,0
64.21,71.71,69.12,80.14,88.18,72.47,76.89,41.7,3,1,3,13,2
87.43,80.83,79.51,65.11,90.25,75.8,67.61,43.0,1,0,7,12,2
72.95,78.2,74.54,59.63,68.83,67.08,42.04,48.6,2,0,0,13,1
99.5,100.0,87.68,100.0,100.0,100.0,100.0,108.0,0,0,1,4,0
46.42,56.32,51.44,75.83,77.33,67.82,64.68,39.7,1,2,3,9,2
38.93,16.6,28.75,51.61,70.48,47.94,32.81,10.9,3,4,4,8,2
60.66,59.47,59.3,54.48,79.7,53.58,61.84,26.5,7,2,2,8,2
30.24,19.73,31.08,51.09,56.96,48.68,29.99,5.0,6,5,2,3,2
72.72,72.92,69.79,50.02,70.8,58.54,71.75,58.5,7,1,4,9,2
83.66,98.02,86.29,84.77,83.57,82.96,72.69,64.2,6,0,2,3,1
80.34,83.39,75.54,81.18,85.8,81.2,85.63,66.7,2,0,2,9,1
48.41,47.0,48.07,41.92,73.11,14.53,32.86,5.0,6,1,2,10,2
61.53,69.25,64.19,68.98,65.88,57.43,41.41,22.0,0,3,7,10,2
46.03,37.51,45.71,67.58,66.95,58.08,54.7,21.7,3,2,8,7,2
46.19,44.83,45.53,65.93,62.45,41.87,41.11,37.8,5,3,4,13,2
99.5,100.0,100.0,100.0,100.0,90.45,84.02,77.4,0,0,2,4,0
34.93,31.03,35.53,47.24,48.59,44.87,47.5,24.9,5,7,3,13,2
49.03,41.36,47.56,59.8,62.8,57.01,58.49,12.8,4,2,8,2,2
71.78,73.79,72.02,69.42,72.09,72.08,56.42,29.7,3,2,3,4,2
44.4,45.16,46.84,88.25,68.23,83.45,68.41,32.5,4,2,5,11,2
61.77,69.91,67.45,80.92,85.73,88.16,86.37,78.2,0,1,4,3,1
21.39,8.36,20.45,37.83,49.44,30.13,25.01,5.0,5,5,6,11,2
80.41,90.03,93.19,100.0,100.0,100.0,99.52,95.3,0,1,4,5,0
70.15,66.94,64.93,71.26,73.73,71.72,59.18,21.8,2,1,4,6,2
99.19,98.84,100.0,80.76,90.59,88.02,82.47,51.0,1,0,4,12,0
82.05,93.17,86.21,81.42,90.22,86.36,73.38,51.5,2,0,1,2,0
88.72,86.58,88.71,94.5,94.93,88.19,79.21,86.0,4,2,4,5,1
99.5,95.25,100.0,72.73,85.92,83.79,85.61,41.6,2,0,3,5,0
79.29,75.49,78.73,89.33,90.22,95.04,100.0,79.4,1,1,3,7,1
45.19,43.01,40.1,70.44,69.17,59.84,68.36,50.7,4,2,6,9,2
62.29,60.15,59.39,78.62,73.04,70.95,70.03,50.9,10,7,5,10,2
31.84,31.03,33.82,53.67,58.96,43.94,38.73,7.9,4,1,8,4,2
86.03,80.85,80.96,98.13,96.71,100.0,80.03,62.6,1,0,3,2,0
99.5,92.29,92.35,100.0,98.5,100.0,92.58,85.0,2,0,4,10,0
67.8,49.38,59.59,50.92,73.98,54.08,52.14,44.4,3,2,3,7,2
69.62,73.84,65.44,78.02,80.71,76.65,68.7,52.9,3,1,5,4,2
90.21,96.29,89.47,55.59,73.13,57.58,50.17,49.5,3,0,3,13,1
71.94,80.27,82.86,84.19,87.64,75.86,84.76,60.4,1,0,5,6,2
53.34,46.88,48.7,80.66,67.04,76.03,56.87,61.2,7,1,6,11,2
72.16,71.91,73.59,67.21,77.58,71.4,73.5,32.4,3,0,2,8,1
46.38,23.14,34.25,49.51,66.18,46.46,40.78,33.6,4,6,6,4,2
77.53,93.5,86.12,85.65,92.82,92.84,94.69,60.8,0,1,3,8,0
64.84,70.29,65.86,74.15,69.23,58.61,59.42,31.8,7,2,5,8,2
89.85,100.0,96.87,100.0,100.0,95.81,100.0,98.9,1,0,2,3,0
72.49,72.28,71.12,98.69,100.0,100.0,100.0,103.4,2,1,5,10,2
99.5,99.9,97.78,78.26,89.02,98.42,82.52,54.0,1,0,1,5,0
57.89,52.47,55.22,58.86,54.77,42.7,52.37,32.5,4,4,8,2,2
79.49,94.56,85.23,77.35,89.71,79.01,93.92,82.7,2,2,2,4,1
77.78,87.5,82.39,83.71,89.34,68.39,77.53,74.9,6,2,4,11,2
77.4,69.49,71.62,52.27,72.56,43.72,44.9,5.0,3,2,4,4,2
88.33,97.39,88.18,87.76,100.0,92.91,94.75,77.2,2,2,3,4,1
91.07,88.33,84.37,88.84,100.0,95.17,93.53,84.0,0,2,1,13,0
70.58,59.09,63.86,78.69,89.83,61.76,63.6,44.9,2,2,1,13,2
89.73,94.16,84.64,90.37,90.6,89.1,100.0,65.9,0,0,2,4,0
77.61,71.37,70.12,95.8,96.29,87.91,80.51,69.2,1,1,3,11,1
53.35,39.64,47.17,75.79,66.12,72.88,51.82,76.6,2,1,5,3,2
90.32,96.58,95.04,100.0,86.05,97.27,97.09,89.4,5,0,1,12,0
50.87,50.79,49.48,86.56,75.83,66.66,81.2,41.3,3,1,6,12,2
51.12,28.47,50.48,10.0,42.75,10.4,5.0,5.0,6,2,5,5,2
49.68,39.6,47.06,55.66,63.71,45.55,38.99,28.5,5,0,5,13,2
78.87,81.4,80.65,83.05,81.31,73.42,69.68,59.3,4,1,4,2,2
77.87,77.19,73.09,83.67,86.03,67.52,83.25,65.7,2,1,4,3,1
51.66,47.72,52.49,47.34,66.0,45.54,51.43,34.0,3,2,6,5,2
97.21,98.98,100.0,90.75,94.35,92.37,96.21,95.0,1,0,0,2,0
95.88,100.0,93.65,96.72,98.4,100.0,95.02,104.7,1,0,1,2,0
48.87,58.39,52.65,79.31,76.36,77.49,62.69,48.5,4,3,6,9,2
99.5,100.0,100.0,84.62,100.0,75.51,80.2,58.3,2,0,0,9,0
69.4,57.22,65.82,50.51,68.12,46.44,48.69,26.8,2,2,5,2,2
97.01,99.94,100.0,100.0,94.8,97.5,100.0,66.1,2,0,3,9,0
60.47,41.39,51.87,42.46,66.31,37.57,26.11,31.1,5,2,2,8,2
77.03,71.42,67.88,86.4,84.98,83.34,65.13,52.7,3,1,3,8,1
70.73,75.63,74.52,79.01,80.39,78.56,67.03,39.4,5,0,2,7,2
42.0,32.36,37.7,49.53,73.44,56.29,28.67,25.4,6,6,3,9,2
99.5,98.33,100.0,64.24,86.69,69.81,77.86,47.4,2,0,2,2,0
35.19,35.7,35.57,53.96,59.38,36.97,28.64,36.0,6,6,0,9,2
99.5,100.0,96.55,84.2,88.58,89.95,83.31,81.1,3,0,4,5,1
63.43,60.25,62.48,53.88,69.69,63.74,54.79,38.5,8,1,4,10,2
63.17,62.05,60.2,71.82,72.18,73.07,79.46,63.8,2,1,7,9,2
71.09,68.55,66.0,68.95,78.51,75.89,70.23,40.8,3,1,2,4,2
69.23,73.59,74.02,55.06,76.94,65.6,56.22,39.1,5,2,7,2,2
82.99,91.48,82.83,100.0,97.94,94.66,100.0,93.9,2,1,6,2,2
85.21,86.11,84.96,78.02,94.46,76.07,86.02,78.5,6,0,5,7,2
32.68,16.83,23.1,54.83,58.53,60.32,55.2,5.0,4,4,7,12,2
67.92,71.29,74.98,78.49,75.68,70.18,77.56,42.9,3,1,3,7,2
32.96,28.13,33.09,55.62,62.06,43.67,34.93,5.0,1,1,11,10,2
45.07,31.23,35.83,71.74,76.69,77.07,61.68,35.3,2,2,2,6,2
49.85,44.26,47.75,63.72,71.52,58.69,52.2,32.7,7,1,5,5,2
99.5,100.0,99.79,95.33,100.0,100.0,89.14,112.8,1,0,1,9,0
57.58,55.79,57.33,70.9,68.92,75.1,46.42,65.1,2,5,6,3,2
43.65,55.68,45.75,68.93,72.34,76.96,64.14,34.8,1,3,5,9,2
84.63,100.0,87.78,100.0,100.0,100.0,100.0,80.9,3,0,4,2,0
99.5,97.62,100.0,100.0,100.0,100.0,100.0,109.4,1,0,0,12,0
74.76,70.29,69.48,64.18,75.38,49.91,57.43,35.3,4,1,1,6,2
78.01,83.02,75.74,71.52,80.8,62.0,58.04,38.9,6,1,4,4,2
43.95,40.39,35.29,51.42,59.89,52.82,66.71,56.8,2,2,5,8,2
79.14,91.29,82.74,94.01,87.66,100.0,90.74,103.0,1,0,4,12,0
80.82,77.92,74.56,84.7,92.54,73.88,93.7,52.3,3,2,3,10,1
90.14,80.3,95.19,83.61,90.72,77.04,71.27,57.8,4,1,5,6,2
78.63,90.25,77.6,100.0,100.0,96.99,100.0,114.7,1,1,0,4,0
63.47,54.31,56.91,52.52,65.32,47.16,41.51,22.6,4,2,2,8,2
99.5,100.0,100.0,100.0,96.95,100.0,95.32,118.2,0,0,1,3,0
75.49,78.86,81.09,57.94,68.38,64.87,50.55,18.4,4,3,3,10,2
96.41,89.88,86.62,90.71,88.82,72.99,68.31,69.6,3,0,2,8,1
89.95,100.0,93.81,98.27,100.0,100.0,100.0,107.7,0,1,3,6,0
29.94,20.44,27.28,40.24,48.72,34.94,39.4,21.9,3,1,8,11,2
60.18,67.18,58.89,87.82,87.75,74.25,68.59,89.9,1,0,7,9,2
81.89,75.43,81.89,76.54,79.36,76.88,49.24,43.6,4,3,2,13,2
99.5,100.0,93.99,89.7,100.0,91.57,92.66,89.2,0,1,0,5,0
42.31,40.82,34.9,39.53,55.16,35.31,18.2,5.0,6,4,8,13,2
53.88,59.01,59.62,79.35,75.18,63.67,71.43,58.4,3,2,1,6,2
98.7,100.0,100.0,91.03,98.77,100.0,87.22,56.4,3,2,4,8,1
67.45,93.1,84.54,85.82,70.52,94.1,87.29,40.5,1,5,3,12,1
87.21,87.4,86.82,87.34,96.26,86.33,71.84,79.6,1,2,5,6,2
59.13,70.83,69.78,69.03,74.01,68.05,63.44,44.6,4,2,6,13,2
75.57,82.12,75.78,92.27,92.61,94.08,100.0,83.1,0,0,3,3,0
69.94,64.74,72.52,70.15,77.92,55.21,65.32,37.6,5,1,4,10,2
74.45,70.37,80.33,52.04,69.98,61.19,57.28,47.6,2,2,3,9,2
99.5,100.0,95.99,82.27,99.28,82.26,86.35,72.8,2,1,4,2,1
79.9,82.61,73.73,97.79,100.0,100.0,89.93,79.1,2,2,2,2,1
84.96,74.68,81.9,98.38,97.63,91.54,85.71,77.7,2,1,2,11,1
92.14,100.0,95.88,100.0,100.0,95.18,90.18,67.6,1,0,2,5,0
99.5,100.0,99.02,100.0,100.0,100.0,100.0,135.3,1,1,2,7,0
88.37,89.07,92.47,93.64,89.03,85.41,100.0,77.1,1,3,1,10,1
47.39,33.04,37.4,48.29,70.25,54.4,53.65,36.1,2,2,1,4,2
83.5,88.55,84.89,83.07,83.16,87.07,66.3,70.0,6,0,2,12,1
45.94,51.85,45.06,50.31,65.01,48.89,48.18,33.4,5,3,4,6,2
83.06,77.45,87.41,68.87,85.16,81.2,80.59,64.0,2,0,3,4,1
69.16,67.94,71.76,58.89,76.53,64.72,57.59,5.5,3,1,5,3,2
99.5,100.0,96.82,100.0,100.0,100.0,100.0,114.2,2,0,0,4,0
48.84,43.64,47.01,21.68,56.53,13.42,9.79,5.0,6,4,11,12,2
82.38,90.98,84.92,100.0,100.0,100.0,98.55,113.0,1,0,1,3,0
94.54,100.0,91.31,100.0,100.0,100.0,88.14,101.2,3,1,1,6,0
89.9,85.02,94.37,79.48,82.91,57.85,75.96,46.0,5,1,1,10,1
74.64,77.82,74.1,97.9,79.46,81.02,83.33,86.2,4,2,1,9,1
47.15,43.75,58.18,81.48,73.09,68.49,76.69,79.4,3,1,2,8,2
80.98,83.46,82.04,89.41,90.8,90.99,90.85,68.2,0,0,5,6,2
99.5,100.0,100.0,93.31,100.0,100.0,100.0,83.8,1,0,1,5,0
31.73,13.15,24.77,44.15,63.46,47.73,39.53,5.0,6,3,6,13,2
59.59,61.99,61.72,89.74,88.52,87.18,81.69,72.7,5,3,3,9,2
75.28,93.12,80.38,62.8,77.5,73.06,48.29,44.4,2,2,1,2,1
87.68,85.39,79.61,98.52,100.0,100.0,98.79,86.8,0,1,3,2,0
80.7,95.07,92.83,89.84,88.88,98.45,67.98,66.0,4,2,2,9,1
73.91,75.6,72.09,54.7,66.62,47.23,31.9,46.8,5,3,2,2,2
71.5,69.29,76.51,41.28,68.2,53.25,37.53,17.9,4,0,3,11,2
99.5,100.0,100.0,88.55,100.0,78.7,85.47,77.8,3,0,2,9,0
34.46,39.76,33.84,57.83,66.08,70.19,60.28,48.8,4,1,6,8,2
75.42,97.02,80.24,100.0,90.39,100.0,100.0,100.8,0,0,1,3,0
88.19,98.11,89.62,77.39,89.05,80.9,80.98,32.6,0,3,1,3,1
99.5,100.0,92.04,97.66,95.37,93.18,89.03,74.4,0,2,3,2,0
70.44,71.39,72.18,76.4,78.4,78.92,60.24,49.6,3,3,2,7,2
92.86,97.24,99.7,100.0,100.0,100.0,98.36,120.3,0,0,1,6,0
62.34,65.67,59.82,83.02,83.43,85.42,72.75,61.0,4,0,4,9,2
59.49,61.43,62.1,62.96,71.8,62.06,51.33,62.6,3,1,9,5,2
96.94,100.0,97.19,97.98,99.86,100.0,85.33,107.6,1,0,2,2,0
56.52,46.05,51.66,34.38,50.87,23.55,35.37,14.8,11,2,2,9,2
89.92,94.82,91.7,84.13,87.59,100.0,92.2,70.4,7,1,2,10,1
99.5,100.0,100.0,64.84,81.53,56.55,60.92,39.6,1,1,1,8,1
87.69,85.2,84.18,59.93,80.02,59.98,46.85,56.4,3,2,2,8,2
87.8,90.13,88.73,83.13,86.71,82.07,72.16,33.5,3,0,2,8,1
99.5,84.74,91.48,86.24,86.69,88.2,79.91,77.0,2,0,2,3,0
53.42,54.97,54.52,44.25,59.19,42.84,49.64,34.6,5,0,10,12,2
50.8,54.17,48.4,47.42,68.7,61.86,67.83,43.1,4,1,7,13,2
52.09,55.62,57.06,63.14,68.93,76.08,62.17,51.7,1,2,6,2,2
49.65,55.76,50.57,81.04,75.79,79.95,62.08,78.3,1,2,4,8,2
99.5,97.69,93.81,100.0,95.6,90.21,80.27,104.1,1,0,1,2,0
76.78,79.04,76.78,90.4,100.0,84.18,81.95,53.4,5,3,4,13,2
64.47,81.02,70.46,79.84,85.1,80.6,82.05,85.6,1,3,4,3,2
85.2,79.81,81.19,94.03,82.79,93.51,79.55,63.2,0,0,5,4,2
64.36,55.93,54.71,62.16,88.75,93.29,71.34,69.0,1,1,5,2,2
99.5,94.17,96.95,94.83,99.84,86.78,99.52,59.8,3,0,3,4,0
99.5,100.0,100.0,90.65,100.0,70.56,89.13,49.3,2,0,3,7,0
99.5,100.0,100.0,86.45,98.06,92.0,85.69,111.0,3,0,0,13,0
88.0,94.69,94.59,97.37,100.0,86.09,86.76,89.0,0,0,2,5,0
95.51,100.0,99.22,94.63,93.76,81.4,89.73,37.4,3,0,2,5,0
73.97,60.02,69.98,80.92,89.11,67.76,82.32,41.5,5,1,2,2,2
89.69,88.88,91.66,96.57,100.0,100.0,93.3,69.0,2,3,4,10,1
99.5,100.0,97.42,87.09,100.0,100.0,100.0,101.2,2,0,3,11,0
90.12,100.0,97.6,89.27,94.07,89.51,90.09,58.9,4,1,2,11,1
57.29,47.62,53.3,38.98,59.59,35.83,17.49,5.0,5,4,5,3,2
82.8,81.25,81.45,67.72,84.09,64.34,56.74,35.3,4,1,3,5,2
50.03,52.89,46.13,84.08,85.61,71.31,79.72,55.7,4,1,3,13,2
70.95,63.73,69.98,53.36,83.32,47.03,53.51,6.7,2,0,5,10,2
70.87,85.62,77.82,72.7,75.69,69.38,60.98,62.3,2,2,1,2,1
58.64,68.6,65.4,58.7,65.34,54.58,40.48,8.8,3,1,5,2,2
84.51,98.97,84.47,94.73,87.29,96.18,89.05,91.6,0,0,3,7,0
51.06,55.65,55.68,56.38,62.7,58.86,39.11,38.9,3,4,5,10,2
53.75,48.25,50.95,64.93,66.12,60.74,45.67,33.9,3,4,5,9,2
87.95,100.0,88.94,100.0,100.0,100.0,98.39,97.4,0,0,2,3,0
80.5,68.18,73.97,85.97,87.0,84.22,76.69,79.3,4,0,3,9,1
88.03,92.31,86.39,95.29,96.94,100.0,95.11,80.9,3,0,2,12,0
82.42,73.92,80.51,93.16,88.55,73.16,75.2,82.9,1,1,1,13,1
69.96,73.07,69.4,72.83,74.3,60.3,61.69,46.9,3,2,3,2,2
82.15,87.99,84.04,100.0,94.07,89.22,100.0,105.0,0,3,2,11,1
91.63,100.0,92.94,89.88,87.69,97.5,89.9,56.2,0,1,4,6,0
85.96,98.66,90.28,93.33,100.0,95.87,99.97,91.9,1,0,2,10,0
98.65,100.0,94.61,86.73,94.84,92.58,96.68,73.4,2,3,2,2,1
48.89,46.49,39.94,81.23,78.33,84.68,75.06,91.9,0,3,3,3,2
39.02,13.25,39.87,18.89,44.78,9.64,12.05,5.0,6,3,5,2,2
99.5,100.0,99.84,78.94,91.35,86.11,79.26,67.9,1,0,0,9,0
99.47,98.63,100.0,86.61,100.0,100.0,65.71,52.8,2,0,3,13,0
52.84,48.97,51.07,61.95,58.67,56.2,48.64,17.8,3,3,4,10,2
74.48,81.57,77.05,67.87,79.9,78.39,61.64,51.2,5,2,1,9,2
66.4,61.25,63.27,71.6,79.31,55.07,49.57,43.2,1,4,1,3,2
74.06,66.79,73.54,77.78,78.73,80.32,81.18,80.9,3,4,4,3,2
99.5,100.0,100.0,92.53,88.97,91.81,92.15,83.1,1,0,3,10,0
60.43,50.84,51.39,50.11,62.46,49.3,46.99,5.0,4,2,6,13,2
90.33,100.0,89.76,93.83,91.69,93.09,73.92,79.1,1,2,5,2,2
52.72,51.05,47.2,46.56,66.16,49.07,56.09,32.6,7,3,5,3,2
53.21,61.45,56.74,62.64,75.25,76.83,72.86,48.1,3,1,7,5,2
99.5,100.0,100.0,89.64,98.03,85.35,96.95,81.4,4,0,2,8,0
84.79,81.48,83.93,73.47,85.81,71.24,74.39,51.4,2,2,2,6,1
60.52,59.24,57.12,54.97,61.48,52.77,25.62,25.9,12,4,2,12,2
65.7,79.83,66.18,70.05,77.95,76.71,53.95,26.9,10,2,5,5,2
83.56,96.91,93.14,98.18,84.4,91.72,72.73,75.6,0,3,4,5,1
99.5,100.0,100.0,100.0,100.0,100.0,100.0,103.1,0,0,1,4,0
53.97,53.5,56.05,35.23,70.44,55.11,49.22,5.0,5,0,7,6,2
95.68,95.04,99.2,63.51,97.6,76.77,64.61,52.1,3,0,3,3,1
99.5,98.87,91.0,81.59,100.0,91.45,94.0,74.4,1,0,2,6,0
55.43,62.81,58.42,55.78,58.62,44.24,38.5,16.4,7,4,11,10,2
78.37,76.17,81.94,81.84,80.62,67.92,69.76,62.6,3,1,5,7,2
70.81,65.47,63.77,78.21,79.55,74.67,62.04,40.3,2,2,4,3,2
63.91,66.67,60.37,77.44,81.01,71.23,85.04,44.0,2,0,1,8,1
97.09,90.58,89.94,83.33,99.06,87.6,89.95,71.5,2,0,3,4,0
52.33,44.17,43.04,54.0,61.67,50.26,37.01,32.2,5,2,9,13,2
43.97,35.27,42.89,53.87,70.24,49.73,46.67,36.5,4,4,4,8,2
77.49,70.58,75.53,85.52,100.0,97.37,77.75,100.3,4,3,4,9,2
58.39,47.74,49.24,74.4,67.07,80.64,61.96,50.1,3,5,5,12,2
80.01,89.94,76.34,100.0,94.24,100.0,100.0,128.9,3,0,6,4,2
91.9,100.0,91.44,87.99,87.83,77.7,73.76,43.2,2,0,5,11,2
99.5,100.0,100.0,84.07,97.48,88.34,90.54,79.0,3,0,1,2,0
99.5,98.25,94.18,100.0,100.0,100.0,100.0,73.6,2,0,0,2,0
42.47,32.42,31.49,53.57,66.06,35.53,48.43,10.7,6,2,3,5,2
98.72,100.0,98.39,100.0,96.18,90.29,91.9,100.2,2,0,1,2,0
56.51,63.53,54.03,71.94,68.97,68.69,59.55,16.6,3,2,7,10,2
99.5,100.0,100.0,84.18,94.38,79.0,82.63,80.2,7,0,1,5,1
82.16,88.97,84.97,99.12,98.58,93.21,89.9,85.2,2,0,5,13,2
83.86,99.44,87.86,92.99,92.45,91.5,73.0,83.3,1,1,1,13,0
91.76,92.0,89.99,94.22,100.0,90.42,76.93,69.5,2,0,1,8,0
63.55,50.2,55.68,59.27,66.6,48.89,43.12,44.7,3,3,2,10,2
28.93,22.95,24.26,55.68,56.0,58.83,43.92,31.4,5,3,5,12,2
81.25,98.34,96.98,99.19,100.0,97.21,94.37,101.3,3,1,4,7,1
40.93,43.43,45.3,67.38,56.54,52.39,70.48,6.8,0,1,8,10,2
76.74,86.41,79.11,74.22,93.45,72.52,75.5,42.6,1,1,2,6,1
68.24,69.37,69.1,80.98,92.53,79.8,83.91,54.5,2,5,4,6,2
99.5,100.0,96.26,99.94,100.0,84.75,75.52,92.8,4,0,1,9,0
78.22,83.25,83.7,93.98,82.64,90.59,100.0,69.1,2,0,5,11,2
57.68,49.71,40.7,70.18,71.01,56.76,50.82,16.9,2,2,7,12,2
65.95,69.4,64.38,85.08,85.13,84.67,92.95,68.5,0,6,3,4,2
97.77,100.0,93.71,93.01,99.81,90.32,88.0,69.4,3,1,4,13,1
67.75,66.48,70.19,87.04,89.69,72.96,67.39,66.0,5,2,3,2,2
99.5,100.0,98.95,93.44,100.0,94.44,100.0,87.9,1,0,3,8,0
56.07,58.62,49.29,69.89,89.78,70.73,62.22,66.2,2,0,6,7,2
95.7,100.0,96.09,100.0,100.0,100.0,100.0,77.3,1,0,0,13,0
57.06,43.24,50.92,36.99,59.36,31.79,21.71,5.0,2,2,5,2,2
83.71,85.01,89.25,98.25,91.46,89.69,100.0,68.7,2,0,1,3,0
69.99,64.11,67.99,98.46,100.0,100.0,91.19,103.5,2,1,3,7,1
72.25,66.99,69.18,71.2,77.8,87.13,80.92,54.0,3,1,7,13,2
81.05,87.35,82.75,77.56,85.04,87.9,75.29,58.0,8,2,5,6,2
43.64,45.67,34.33,69.67,74.19,52.01,52.88,11.4,5,0,4,4,2
79.44,87.12,78.15,75.94,88.28,83.81,73.51,70.4,2,0,1,3,1
74.64,83.32,69.11,64.34,85.55,69.93,64.33,52.4,6,2,4,8,2
99.5,100.0,100.0,100.0,100.0,100.0,100.0,104.3,1,0,1,2,0
57.03,53.57,52.85,67.5,71.65,48.68,48.15,18.2,4,3,4,12,2
74.63,82.79,79.39,77.53,89.72,85.65,75.09,58.2,1,2,7,12,2
40.65,24.62,29.52,27.93,61.58,18.37,13.33,5.0,11,2,7,7,2
80.13,72.08,74.55,77.88,89.41,90.52,86.45,80.3,2,0,2,6,1
43.39,32.55,36.98,42.34,54.01,35.89,27.91,5.0,5,4,4,6,2
77.09,70.91,75.88,58.46,62.94,53.78,43.41,42.1,5,0,1,4,2
55.12,55.03,53.5,75.26,73.52,66.74,61.82,41.6,2,4,5,4,2
95.43,95.35,91.79,97.82,100.0,100.0,85.35,66.2,0,0,1,13,0
82.17,79.5,71.93,80.12,91.52,72.77,73.65,83.6,5,1,4,13,2
47.34,51.84,56.97,68.81,71.12,69.4,52.36,31.3,4,8,6,12,2
24.72,9.44,15.81,53.18,64.74,44.66,47.33,5.0,5,1,8,13,2
99.5,100.0,97.11,70.63,90.24,86.55,62.77,53.0,3,1,1,8,1
56.07,56.06,52.73,91.66,80.73,80.83,81.05,91.1,1,2,2,7,2
70.4,61.03,71.43,73.11,90.7,82.91,94.3,80.0,3,0,5,10,2
99.5,100.0,96.02,100.0,100.0,100.0,91.45,95.7,1,1,1,3,0
88.25,85.36,84.19,99.42,89.66,85.79,77.8,76.0,3,1,2,3,1
68.44,69.63,68.7,84.6,94.09,77.92,82.59,77.6,1,1,1,9,1
82.75,86.57,88.05,86.62,96.4,79.04,85.97,70.9,2,2,5,3,2
85.35,77.51,81.3,100.0,100.0,99.84,89.97,102.2,2,1,3,8,1
77.86,93.25,82.89,100.0,95.91,100.0,100.0,86.3,2,1,3,5,1
30.64,48.84,36.08,54.72,56.54,52.12,34.03,12.6,4,3,1,7,2
87.73,79.54,81.72,63.03,80.67,58.43,73.69,52.9,5,3,3,13,2
68.71,65.8,73.99,81.22,82.76,80.96,68.2,42.6,4,0,2,2,1
92.9,90.68,87.8,96.38,89.93,83.53,59.79,70.7,4,2,3,2,1
76.49,73.78,76.05,93.27,92.06,100.0,100.0,69.4,2,1,7,12,2
85.82,100.0,87.95,100.0,99.53,94.54,100.0,77.3,2,0,4,4,0
41.23,42.1,42.95,91.44,76.14,76.26,73.69,75.3,5,3,10,9,2
77.77,81.67,78.02,72.37,74.73,60.73,50.82,45.1,2,0,2,9,1
81.65,95.06,86.72,89.42,91.97,92.24,76.7,91.3,1,0,3,11,0
77.93,90.11,81.91,86.95,88.85,91.15,76.58,67.6,2,1,7,5,2
35.32,40.82,31.99,73.18,63.17,66.33,56.39,39.4,4,6,5,2,2
56.52,47.45,51.82,69.12,75.84,86.0,75.1,42.2,4,3,5,12,2
81.26,90.14,76.36,83.51,85.54,82.31,56.05,64.0,0,2,4,2,1
49.66,44.98,47.76,68.53,66.39,57.8,55.51,22.5,5,5,5,3,2
70.08,78.56,70.27,60.0,76.27,59.53,50.53,16.2,6,1,4,7,2
99.5,98.01,97.02,84.07,95.65,91.7,78.26,83.0,2,0,1,12,0
79.96,72.55,76.24,78.64,86.45,76.5,79.26,34.2,5,1,4,12,2
99.5,100.0,99.27,95.17,98.17,98.66,79.39,104.4,3,0,2,5,0
68.5,74.12,60.38,83.3,78.61,68.25,65.77,57.5,2,1,2,11,1
85.54,74.48,78.82,84.63,92.25,76.29,84.16,58.0,5,1,3,2,2
34.41,21.49,29.54,46.7,41.83,22.22,22.22,5.0,5,7,5,10,2
68.44,56.37,69.14,69.32,79.14,44.0,42.03,38.7,5,2,3,4,2
95.58,100.0,100.0,94.64,100.0,99.21,97.43,113.1,2,1,3,2,0
91.38,98.82,100.0,100.0,100.0,100.0,100.0,96.5,0,0,6,8,2
90.43,100.0,90.14,89.77,100.0,96.62,97.87,72.4,3,1,2,13,0
66.93,65.56,67.62,98.46,82.14,92.84,74.7,90.4,1,2,7,2,2
46.91,46.58,50.32,55.75,71.08,73.88,65.28,34.0,2,0,4,3,2
91.66,86.22,91.34,100.0,87.26,85.55,96.99,84.4,4,1,1,2,1
81.62,85.39,82.01,86.35,99.81,100.0,100.0,49.6,4,1,4,13,1
77.64,65.95,73.5,58.32,69.0,65.1,47.89,38.2,1,2,0,11,1
99.5,100.0,100.0,95.96,100.0,97.36,96.22,84.9,0,0,6,11,2
66.73,73.74,66.21,65.77,72.9,60.01,52.61,46.4,1,0,6,8,2
84.95,86.95,86.07,84.88,86.16,76.48,80.54,56.2,2,3,3,6,1
89.44,100.0,87.82,98.0,100.0,100.0,100.0,89.2,0,1,2,5,0
99.5,100.0,100.0,100.0,100.0,100.0,100.0,81.9,3,0,2,5,0
52.79,57.33,52.47,77.91,77.86,66.19,76.02,69.8,2,1,5,13,2
93.38,95.82,96.01,78.1,85.22,89.12,79.39,64.2,1,0,2,12,0
99.5,100.0,100.0,89.34,89.89,90.6,89.05,106.3,3,0,1,4,0
74.95,78.81,76.48,78.07,83.29,87.94,79.74,83.6,3,2,3,2,2
28.0,20.56,27.19,44.98,61.11,35.69,36.44,13.6,8,4,7,5,2
90.07,79.77,90.23,92.69,91.0,89.03,81.95,70.1,1,0,2,4,0
99.5,100.0,99.69,92.63,99.02,92.2,83.65,81.1,4,0,2,4,0
64.52,77.07,72.16,71.86,87.76,54.22,64.3,40.9,7,0,4,10,2
99.26,100.0,100.0,92.08,93.25,92.73,92.31,75.5,0,0,2,11,0
83.1,78.05,75.68,89.06,89.86,67.87,56.63,85.4,7,2,8,8,2
92.74,98.56,94.73,95.45,92.23,87.11,100.0,80.6,3,0,2,4,0
81.02,71.59,76.23,75.4,81.5,70.45,58.87,78.6,4,1,4,3,2
72.84,72.8,74.96,88.8,95.67,82.56,85.79,65.5,2,1,3,10,1
67.31,69.16,70.49,80.35,85.24,70.87,64.32,31.3,1,2,6,7,2
99.5,100.0,99.88,100.0,100.0,100.0,94.17,86.3,3,0,1,10,0
91.07,97.04,94.59,95.6,81.27,81.35,79.47,68.9,2,0,1,13,0
79.93,88.85,83.66,53.2,76.16,55.58,50.98,35.3,2,1,1,12,1
61.41,56.65,57.04,71.87,77.27,69.43,77.16,57.0,2,1,5,13,2
98.46,91.62,100.0,90.72,100.0,90.36,70.56,72.0,2,0,2,6,0
69.3,67.04,70.56,82.27,75.26,72.52,61.22,28.9,2,2,3,11,2
72.91,69.4,79.0,86.43,81.88,75.09,70.89,64.1,1,3,2,9,1
99.5,100.0,98.76,100.0,100.0,100.0,100.0,112.7,1,0,1,6,0
20.16,8.0,13.04,31.94,44.34,15.25,16.16,5.0,7,6,6,11,2
57.14,49.55,45.64,48.81,53.27,38.61,33.03,5.6,8,3,6,11,2
99.5,100.0,100.0,100.0,100.0,100.0,89.72,102.6,2,0,2,4,0
78.61,88.47,84.34,86.96,88.66,72.19,72.45,78.6,5,1,3,6,2
99.5,100.0,100.0,88.13,99.53,92.02,76.31,79.1,2,0,1,2,0
97.67,100.0,100.0,100.0,100.0,98.08,86.9,103.7,3,0,0,4,0
63.87,77.53,69.56,83.82,82.25,64.34,74.16,61.9,1,3,2,9,2
62.02,50.97,54.92,79.11,77.85,87.74,70.71,46.0,2,3,5,11,2
32.46,29.18,34.77,53.51,69.09,40.94,39.92,17.8,3,4,5,13,2
99.02,98.14,97.71,81.9,88.74,77.16,54.92,48.1,5,0,2,8,1
99.18,100.0,92.16,80.13,94.03,75.47,72.76,90.7,4,0,1,2,0
95.64,100.0,100.0,100.0,93.78,88.48,89.2,86.3,3,0,0,10,0
63.55,54.67,55.73,66.62,80.3,60.78,39.81,21.2,9,0,6,11,2
98.87,100.0,96.28,100.0,100.0,100.0,100.0,116.1,2,0,5,3,2
71.39,77.07,76.61,80.16,85.3,80.01,60.2,44.3,2,4,1,2,2
19.91,13.87,10.0,60.01,55.24,58.15,38.66,56.3,9,6,7,6,2
99.5,95.91,98.44,85.3,93.04,84.1,81.43,76.8,4,0,0,9,0
55.49,56.79,56.92,52.83,58.07,53.7,50.72,5.0,7,4,3,3,2
72.08,79.88,79.25,87.76,88.38,88.73,66.6,65.6,1,0,4,2,1
68.61,72.97,72.61,87.67,79.25,77.27,74.26,66.8,1,3,4,10,2
96.43,100.0,100.0,100.0,99.95,100.0,100.0,98.5,1,0,5,12,2
99.5,100.0,100.0,86.78,97.41,78.65,66.28,78.9,3,0,0,10,0
59.13,59.48,65.06,78.61,84.9,75.11,78.7,64.7,4,2,2,9,2
75.16,72.93,72.4,52.84,67.71,51.09,52.1,42.8,5,0,6,3,2
62.53,54.59,55.46,70.75,66.08,71.73,67.93,65.0,5,1,4,3,2
66.64,71.88,64.79,89.4,89.55,96.38,94.24,95.9,0,1,1,2,0
77.56,82.05,81.69,56.19,88.0,62.52,66.51,19.4,7,1,3,6,2
27.15,36.9,29.63,46.5,56.7,46.66,29.48,17.9,4,1,5,4,2
71.51,78.67,71.74,100.0,92.43,90.33,85.6,95.1,1,0,6,5,2
93.99,93.99,98.21,100.0,100.0,99.25,100.0,95.9,2,0,3,7,0
84.07,74.1,82.49,39.47,63.0,34.31,26.59,17.8,2,1,3,4,2
99.5,95.28,100.0,95.22,96.53,93.0,97.55,67.4,1,0,1,2,0
53.45,57.73,56.11,70.52,76.9,79.35,57.44,51.8,2,1,4,4,2
59.22,53.87,59.32,50.09,67.23,46.01,37.77,13.8,7,2,7,6,2
99.5,97.61,97.1,88.2,90.62,85.79,89.08,89.5,0,2,1,4,0
35.44,36.48,27.31,66.28,77.64,84.57,64.85,80.5,5,2,5,7,2
70.2,76.05,70.23,68.78,75.02,70.98,81.12,66.3,6,1,6,7,2
70.17,74.46,68.81,81.93,92.73,88.45,86.83,70.6,3,1,2,6,1
99.5,98.38,93.63,97.45,95.96,81.91,80.31,63.1,3,2,1,10,1
97.82,100.0,99.31,99.64,100.0,88.89,75.92,75.3,0,0,1,5,0
73.32,79.38,79.27,74.22,84.13,91.71,66.58,69.7,2,1,3,13,1
42.63,30.59,36.16,55.45,62.51,50.82,46.61,29.1,4,3,4,8,2
41.33,35.65,40.72,60.33,57.1,55.05,41.16,32.4,7,1,2,11,2
58.65,40.94,49.6,61.7,80.13,61.58,40.7,51.5,5,1,3,6,2
95.67,100.0,96.68,76.59,82.46,82.8,86.66,66.9,2,0,2,2,0
66.17,85.46,71.07,79.23,82.0,64.54,61.52,55.3,1,2,3,5,1
56.81,61.98,59.96,61.32,78.3,58.27,68.82,40.9,4,1,4,12,2
71.46,70.3,73.34,83.54,81.06,70.24,87.85,31.4,3,1,2,12,1
86.53,88.14,93.98,73.82,93.01,63.95,69.13,35.9,3,0,1,4,1
50.31,50.97,48.26,71.55,64.53,70.15,65.57,16.8,7,0,4,7,2
80.79,86.75,82.19,82.7,94.09,79.22,77.95,51.4,3,1,2,9,1
90.21,93.6,96.0,87.93,99.7,78.58,87.59,87.1,3,0,1,11,0
45.03,22.63,35.15,47.87,61.94,46.39,33.67,36.3,5,4,2,7,2
84.65,81.88,85.6,69.67,93.07,77.13,72.75,47.8,4,1,4,7,2
83.92,77.98,79.65,67.33,83.12,82.21,62.4,43.0,6,2,3,12,2
63.2,59.34,63.31,62.02,69.4,59.95,53.28,27.2,3,2,4,11,2
65.56,57.61,64.92,68.03,79.5,67.46,62.17,42.2,0,2,5,5,2
71.26,74.99,77.89,68.41,79.04,71.26,61.68,39.0,1,1,4,4,1
73.47,91.37,77.22,96.82,81.57,79.45,68.04,71.4,1,1,4,7,1
81.07,92.16,87.24,99.98,95.16,90.27,76.45,90.5,2,1,4,4,1
99.5,100.0,99.12,92.83,100.0,88.92,84.74,73.9,3,0,3,4,0
99.5,100.0,93.13,100.0,97.49,83.16,83.48,68.2,0,0,1,7,0
88.58,100.0,90.42,100.0,100.0,100.0,100.0,96.7,1,0,5,6,2
83.94,87.55,82.32,65.25,77.78,65.77,58.04,36.8,7,1,3,9,2
93.67,98.33,97.16,100.0,100.0,100.0,100.0,106.7,2,0,2,11,0
76.09,78.5,73.51,87.33,95.84,92.77,87.58,84.7,4,1,4,3,1
65.85,69.83,67.73,83.03,79.74,58.74,73.23,34.6,2,2,3,10,2
81.04,96.78,87.08,66.73,83.57,64.35,48.18,31.6,2,4,1,9,2
65.75,73.02,71.11,51.19,62.46,66.6,55.55,23.3,3,1,2,5,2
71.17,76.35,71.23,77.09,87.2,71.05,82.95,62.7,3,1,3,5,1
99.5,100.0,93.77,77.71,90.8,75.3,81.25,74.0,1,0,2,6,0
42.47,46.58,47.74,62.55,68.46,53.54,56.63,67.4,5,3,4,4,2
52.86,55.19,51.5,66.83,76.91,72.8,67.43,52.2,3,3,5,2,2
90.92,100.0,98.77,75.95,86.03,75.62,85.21,57.4,4,0,2,4,1
97.86,97.91,97.8,100.0,100.0,99.03,100.0,83.2,1,0,4,8,0
80.41,86.51,83.01,95.17,93.76,91.24,75.57,85.6,4,1,6,3,2
93.05,100.0,98.13,89.22,93.9,80.3,88.64,74.0,4,1,6,9,2
47.22,54.55,52.58,57.07,69.06,70.53,55.45,31.7,4,1,6,13,2
76.87,94.33,83.2,81.19,90.75,88.28,75.1,64.7,3,2,3,12,1
94.66,86.93,89.99,92.68,97.07,88.5,93.63,75.3,1,0,3,4,0
60.07,57.65,58.97,93.87,86.83,87.71,69.84,71.2,3,2,7,7,2
47.31,43.24,38.54,73.38,77.96,65.94,56.93,54.2,5,1,2,7,2
99.5,95.4,100.0,94.38,97.32,100.0,95.49,74.1,2,0,0,11,0
78.42,92.2,80.22,87.11,86.59,78.52,71.06,65.5,5,1,1,2,1
59.84,61.83,58.55,76.2,94.3,74.42,75.72,53.7,8,0,8,2,2
85.07,99.63,89.01,99.46,93.82,100.0,100.0,79.8,0,0,1,13,0
67.7,69.67,69.95,87.56,83.25,81.97,82.3,71.7,3,3,4,2,2
74.64,76.62,74.87,82.38,77.73,74.35,62.14,65.0,4,1,3,10,2
73.52,62.62,72.04,67.41,90.29,62.12,63.4,61.1,6,2,2,8,2
45.0,29.86,41.31,41.22,61.54,43.78,27.77,5.0,3,2,3,8,2
69.09,63.34,63.64,82.42,90.38,80.45,77.74,67.4,0,1,2,13,1
75.2,64.49,67.89,68.9,86.95,79.37,67.91,40.3,0,0,4,3,1
89.1,100.0,92.16,86.96,89.07,86.99,79.81,65.2,3,1,1,11,1
57.04,58.18,60.33,61.89,74.61,74.37,78.04,73.9,7,0,3,9,2
48.52,45.59,49.55,26.9,51.7,14.2,20.58,5.0,7,1,5,5,2
65.84,57.02,65.03,44.02,68.38,44.08,21.46,5.0,7,1,2,11,2
56.3,57.1,55.57,33.69,58.87,37.84,32.76,36.0,7,5,6,8,2
82.64,95.93,91.7,99.39,99.58,97.09,100.0,93.1,0,1,3,11,0
84.84,84.64,86.15,61.74,71.55,85.64,65.6,71.5,3,2,4,6,2
42.93,40.4,39.6,58.49,62.98,53.65,54.63,47.5,6,6,6,5,2
84.34,88.1,84.71,83.69,83.19,79.16,67.22,57.8,3,1,4,12,1
72.29,79.78,78.38,79.12,82.29,62.99,75.28,60.9,2,2,0,7,1
78.97,75.33,83.6,72.07,85.41,72.34,52.48,32.7,6,0,2,2,2
56.82,54.78,49.13,50.2,73.21,48.02,54.77,24.4,7,2,5,3,2
91.39,86.36,90.54,94.38,95.07,90.29,99.1,92.0,1,0,8,2,2
88.42,84.88,80.66,81.1,85.14,67.68,95.45,83.1,4,0,2,3,1
48.05,34.65,39.96,50.25,60.27,43.0,41.9,6.3,7,2,9,6,2
47.22,40.92,46.7,37.07,54.28,32.38,25.61,5.1,5,3,6,2,2
39.6,25.26,34.61,39.78,53.87,32.47,26.44,5.0,4,4,4,3,2
99.5,99.41,96.21,70.26,82.54,66.54,55.1,52.9,2,0,2,2,1
99.5,100.0,97.93,93.55,100.0,86.25,75.7,49.6,2,0,2,13,0
99.5,100.0,100.0,71.02,87.55,85.97,64.75,59.3,4,0,2,13,1
63.83,66.65,65.22,65.8,62.87,51.97,40.81,11.6,6,4,4,5,2
84.17,87.14,85.29,83.2,94.4,77.84,70.68,76.5,4,1,3,9,1
53.64,49.12,56.0,71.57,72.22,48.2,50.8,35.4,3,3,2,3,2
94.41,100.0,99.64,90.46,100.0,96.14,95.74,78.2,3,0,2,8,0
73.81,86.2,76.98,75.69,84.57,72.92,75.91,57.1,4,3,4,3,2
78.19,79.9,81.29,86.97,89.53,81.2,63.79,54.2,0,3,4,11,1
99.5,93.87,96.34,81.41,100.0,91.7,71.66,69.0,1,0,1,3,0
54.67,37.53,48.54,56.87,67.57,45.17,32.95,12.1,7,3,3,10,2
87.95,82.86,79.15,62.84,70.66,56.78,59.23,24.1,1,2,4,5,2
75.09,69.17,70.57,91.49,82.28,80.67,65.44,45.8,0,1,4,13,1
99.5,82.25,93.56,84.31,90.54,80.54,90.06,51.6,5,0,1,2,1
32.45,23.35,24.51,48.54,49.74,41.41,42.56,8.8,5,3,6,4,2
60.82,63.48,60.51,75.5,72.33,76.98,67.24,28.4,2,1,4,3,2
50.81,60.92,48.22,65.53,83.33,73.82,59.12,58.7,5,2,2,11,2
94.67,97.87,98.7,76.14,99.04,92.56,91.19,69.9,0,0,2,7,0
99.5,100.0,100.0,100.0,100.0,98.25,98.52,106.7,0,0,0,4,0
70.0,75.93,68.22,92.04,84.21,79.61,66.13,66.5,3,2,3,10,2
36.75,34.02,29.39,62.02,59.01,59.93,51.36,31.9,3,5,9,2,2
95.72,93.71,97.12,72.86,92.31,81.47,86.7,72.3,2,1,5,11,2
67.38,80.94,73.52,62.35,80.25,59.87,60.36,17.3,3,0,6,12,2
99.5,100.0,100.0,100.0,100.0,100.0,100.0,108.7,0,0,2,5,0
95.79,100.0,100.0,90.04,100.0,94.22,84.69,90.3,1,1,4,5,0
90.89,90.26,91.2,88.67,100.0,97.5,88.06,114.8,0,0,3,8,0
40.63,36.55,44.54,52.23,62.49,53.64,46.68,16.4,3,2,3,13,2
84.53,91.96,93.27,82.09,88.32,85.26,84.13,87.7,1,1,2,13,1
98.41,100.0,100.0,100.0,100.0,91.44,95.67,78.6,2,0,2,3,0
70.94,62.86,76.12,91.57,86.44,73.25,68.08,69.0,0,3,7,4,2
99.5,100.0,96.83,96.86,99.34,100.0,94.86,99.1,2,0,2,7,0
43.13,48.82,49.57,65.93,65.36,53.14,58.21,20.0,4,1,6,6,2
49.86,37.25,45.83,66.7,79.84,61.05,66.56,48.2,4,3,5,7,2
99.5,100.0,92.05,100.0,100.0,100.0,93.63,98.5,0,0,4,3,0
99.5,99.6,100.0,76.48,83.09,64.63,66.16,50.3,4,0,1,2,1
27.28,26.58,24.15,54.34,50.9,44.25,52.3,5.0,9,1,7,9,2
98.82,97.52,98.32,100.0,100.0,96.78,100.0,91.6,1,2,2,12,0
79.93,84.43,77.07,93.77,98.68,85.11,100.0,83.2,0,0,3,12,0
34.46,21.05,34.58,44.13,64.31,38.67,31.18,7.3,9,4,4,5,2
58.76,59.27,55.37,52.25,63.1,56.62,60.19,54.0,5,2,1,8,2
65.88,49.36,56.65,45.43,62.7,52.39,39.28,5.0,6,2,6,7,2
62.52,62.54,67.09,79.17,86.9,90.08,93.68,83.4,5,4,5,8,2
52.13,61.04,56.61,42.1,55.07,43.76,40.71,19.6,6,1,2,8,2
69.26,72.48,77.66,78.73,76.96,61.22,49.72,30.0,5,2,6,13,2
77.7,83.16,83.33,94.94,89.99,85.11,84.2,44.2,4,2,4,13,2
40.07,34.53,42.36,37.57,63.48,41.09,35.23,7.3,6,3,8,12,2
27.56,36.02,26.61,78.57,76.61,51.83,55.54,38.0,4,4,4,6,2
74.66,70.79,74.59,69.97,70.29,63.58,62.73,30.6,6,1,1,4,2
99.5,100.0,100.0,95.89,100.0,94.11,95.37,83.4,3,1,1,2,0
59.71,39.87,47.82,59.74,74.17,55.01,51.3,47.5,1,1,4,9,2
74.04,73.4,73.84,89.72,75.88,77.58,75.29,47.9,3,5,4,8,2
94.47,100.0,96.17,100.0,100.0,100.0,100.0,122.5,2,1,2,2,0
94.66,99.79,97.71,100.0,100.0,100.0,100.0,96.2,3,0,2,2,0
62.6,68.17,67.76,59.86,83.17,70.33,75.75,80.1,1,3,1,4,2
99.44,100.0,100.0,93.46,100.0,93.61,94.25,102.8,0,1,4,8,0
98.63,100.0,100.0,87.57,91.12,78.03,79.12,70.8,3,0,3,13,1
65.06,60.15,53.78,78.19,86.38,92.13,76.64,40.2,9,1,2,2,2
85.39,88.76,75.92,100.0,99.94,88.81,99.91,72.8,0,1,3,2,0
78.6,64.54,72.26,72.29,82.81,83.74,65.48,63.9,7,3,3,4,2
74.15,79.77,81.39,100.0,100.0,100.0,100.0,96.4,2,0,2,13,0
89.37,77.43,84.21,78.28,80.67,78.56,65.81,37.3,7,0,0,6,1
68.73,78.33,70.7,59.23,83.01,73.03,52.98,50.9,10,4,1,8,2
99.5,100.0,92.09,100.0,100.0,96.01,100.0,95.0,0,0,0,12,0
85.81,96.21,88.54,89.38,94.43,84.22,79.48,60.0,3,2,5,11,2
43.39,31.11,36.61,63.12,69.16,69.7,61.1,36.3,3,4,3,10,2
71.29,77.19,72.85,59.19,80.16,72.16,62.11,49.6,2,0,2,9,1
66.63,58.59,63.01,67.67,73.34,54.7,54.06,46.2,2,1,2,11,2
73.66,75.3,77.05,69.65,81.87,66.9,65.96,52.5,5,0,3,11,2
45.84,39.58,41.72,54.87,59.42,67.63,48.92,28.2,5,4,2,4,2
95.0,83.94,87.39,83.05,80.92,70.51,52.48,66.4,1,0,1,13,0
81.3,77.43,79.91,90.63,86.59,90.19,91.21,53.6,4,1,6,5,2
87.54,88.05,87.66,60.82,73.6,59.66,58.18,54.6,1,1,2,7,1
97.61,100.0,93.61,100.0,96.19,88.78,82.36,65.2,2,0,0,10,0
40.15,20.84,34.31,42.93,49.38,46.07,40.86,5.0,7,3,6,12,2
88.2,100.0,87.63,96.08,96.25,88.13,100.0,88.8,3,1,1,11,0
47.87,44.88,49.34,84.39,77.55,82.24,49.09,44.3,4,0,5,5,2
57.58,45.0,50.69,65.22,70.97,64.86,44.66,64.4,4,3,6,13,2
60.41,54.53,53.63,65.67,77.65,71.75,75.2,31.7,1,5,3,5,2
72.16,65.28,80.64,82.2,94.26,84.02,79.69,62.9,3,0,2,4,1
44.21,34.58,40.97,58.11,69.18,51.88,42.64,30.2,5,3,3,5,2
98.15,100.0,100.0,100.0,95.96,100.0,100.0,114.2,2,1,5,9,2
78.84,84.05,80.53,77.19,91.85,97.62,67.8,78.1,4,2,2,8,1
90.93,100.0,99.62,100.0,100.0,100.0,100.0,108.0,1,0,3,11,0
73.3,83.07,79.96,76.96,86.9,89.96,90.75,47.5,3,0,7,9,2
99.5,100.0,98.59,95.13,97.14,85.92,67.14,43.8,0,0,1,10,0
75.23,57.89,72.53,54.73,77.91,57.02,57.69,24.1,5,1,3,2,2
74.35,65.48,75.73,76.61,96.57,94.2,69.26,38.3,4,1,6,4,2
90.8,100.0,92.63,99.65,100.0,100.0,100.0,79.2,0,0,1,7,0
65.84,63.39,64.85,70.45,88.93,82.8,75.18,33.8,2,1,4,11,2
84.74,83.79,92.74,80.02,83.54,75.43,74.56,60.5,5,0,4,10,2
64.01,64.03,64.8,62.79,70.83,57.4,46.43,10.7,3,1,2,12,2
51.35,54.11,56.85,54.25,60.63,42.19,49.64,30.0,6,4,5,8,2
93.91,100.0,99.53,100.0,90.62,98.28,83.59,86.9,2,1,2,11,0
82.9,76.77,84.94,66.81,88.22,69.24,78.47,56.1,2,3,7,11,2
74.98,67.41,76.1,83.83,90.68,92.22,89.82,73.1,3,2,4,11,2
52.77,43.19,38.22,79.77,59.29,69.65,73.58,40.3,1,3,6,12,2
85.03,99.53,88.42,93.82,95.04,95.98,100.0,85.8,1,1,3,13,0
46.62,52.75,47.74,82.31,77.4,76.57,64.1,40.2,8,2,7,11,2
41.44,32.41,39.18,39.25,54.36,39.11,31.73,16.3,10,1,9,7,2
95.22,91.18,90.16,100.0,100.0,97.85,100.0,110.9,1,0,0,5,0
62.17,68.88,64.29,67.59,79.92,66.28,80.47,48.5,5,3,4,13,2
86.64,96.41,85.32,100.0,100.0,100.0,100.0,119.7,1,1,5,2,2
48.09,37.18,35.87,65.38,76.22,57.94,50.89,25.2,2,2,2,5,2
74.16,75.76,85.51,79.19,79.3,80.75,67.06,76.1,5,2,3,3,2
59.31,53.4,55.34,52.36,58.03,25.69,10.48,5.0,4,6,5,9,2
99.5,100.0,100.0,96.45,98.32,98.91,100.0,83.6,0,0,3,5,0
99.5,92.22,100.0,87.31,88.2,86.98,68.75,50.7,2,0,2,5,0
51.37,53.92,50.68,80.37,86.48,78.3,82.14,69.0,8,2,8,8,2
38.88,32.25,42.46,27.43,57.72,27.38,30.37,5.0,6,2,4,6,2
87.39,77.01,79.88,85.47,93.04,84.43,84.66,79.3,2,1,1,6,1
84.65,82.27,83.44,63.94,82.48,62.74,53.55,58.7,1,2,1,6,1
98.43,92.57,98.65,72.92,85.88,75.9,60.61,43.0,3,0,2,12,1
93.79,93.16,93.68,51.21,83.3,59.66,71.03,42.2,3,0,1,11,1
79.16,69.05,74.69,79.2,92.49,90.18,79.67,85.7,0,1,0,3,0
82.96,78.78,73.56,100.0,93.49,95.76,95.28,73.1,0,2,3,13,1
46.75,27.03,42.33,86.25,68.39,58.95,72.42,39.0,3,2,6,13,2
64.81,65.91,68.89,69.78,78.02,54.52,72.24,33.3,3,0,7,3,2
97.29,94.91,94.47,100.0,100.0,100.0,100.0,106.4,2,0,4,12,0
99.5,98.92,100.0,94.27,100.0,100.0,100.0,91.7,0,0,1,9,0
43.4,42.04,43.88,87.29,69.57,82.24,63.58,63.1,2,0,6,6,2
69.46,71.54,74.67,95.9,91.34,94.91,82.65,64.1,5,0,7,11,2
93.86,100.0,99.33,92.15,94.94,100.0,94.18,68.1,1,0,2,2,0
89.06,100.0,92.03,100.0,98.93,100.0,100.0,99.5,3,0,3,7,0
72.86,87.69,86.89,96.84,98.01,100.0,100.0,75.9,0,1,4,11,0
89.45,100.0,89.9,82.14,82.79,81.87,81.61,75.4,2,3,2,6,1
32.38,35.44,21.45,55.12,67.67,59.34,43.43,43.6,6,2,3,13,2
81.83,88.78,73.99,98.95,91.27,82.27,84.2,91.9,3,1,5,3,2
65.78,65.52,67.46,71.37,86.53,64.4,70.37,58.6,3,4,4,2,2
63.84,65.56,55.43,63.44,85.68,55.49,57.85,34.7,3,2,5,4,2
67.93,54.61,60.33,87.53,91.29,91.13,91.16,64.3,1,2,8,3,2
96.69,97.96,100.0,82.95,89.28,86.64,82.62,74.9,1,1,3,10,0
75.81,55.73,58.13,60.47,63.62,48.85,50.26,15.0,5,3,0,12,2
72.59,65.04,68.76,60.89,76.18,63.22,69.88,51.4,2,0,4,12,2
76.88,63.98,71.67,66.53,84.45,70.87,60.94,25.8,6,1,2,13,2
68.64,70.54,63.2,77.7,82.38,79.53,66.9,48.3,2,3,6,4,2
67.67,76.8,72.15,98.59,88.85,100.0,85.18,97.1,2,0,8,2,2
46.44,52.62,48.01,60.11,55.38,78.38,51.93,33.6,3,3,8,8,2
84.13,80.82,85.33,84.88,96.03,83.88,86.3,77.3,1,0,2,11,0
74.55,73.8,74.06,95.5,83.34,87.57,92.22,109.3,1,4,5,13,2
66.55,73.73,67.33,82.47,80.3,75.0,62.88,40.9,5,3,4,4,2
99.5,99.34,100.0,96.28,96.75,89.5,85.81,74.0,0,0,1,12,0
32.18,18.2,31.94,35.11,50.15,39.93,25.06,5.0,7,5,5,10,2
90.58,99.24,99.39,83.87,100.0,78.11,91.19,79.0,4,1,0,11,0
99.5,100.0,100.0,83.3,97.75,95.71,79.95,86.0,1,0,1,4,0
40.11,43.99,44.87,73.39,72.17,56.95,65.66,44.7,4,4,6,4,2
87.13,93.88,87.07,87.48,99.02,89.86,78.53,96.3,1,0,4,8,0
89.36,87.53,87.61,78.14,82.42,77.48,79.38,69.0,2,0,5,6,2
94.41,100.0,98.41,100.0,100.0,94.65,97.99,91.1,0,0,6,2,2
78.29,84.28,81.55,76.92,73.27,82.37,64.24,61.9,6,2,6,13,2
99.5,100.0,100.0,94.79,100.0,100.0,93.21,80.1,0,0,1,9,0
81.44,92.31,91.34,93.99,89.1,91.58,93.46,87.1,1,1,3,9,1
69.27,67.74,68.23,71.26,77.67,61.47,56.22,87.0,2,3,3,3,2
77.62,68.88,68.38,80.71,77.73,71.33,58.69,73.6,2,2,5,8,2
55.31,51.84,50.43,59.9,65.51,58.97,68.79,53.6,1,2,3,10,2
86.82,100.0,92.66,76.67,87.43,65.67,83.83,57.2,5,1,2,4,1
99.5,100.0,98.2,100.0,100.0,100.0,100.0,95.6,1,0,1,6,0
46.57,41.58,39.76,40.85,56.71,39.19,33.32,5.0,4,2,4,5,2
61.8,58.45,60.35,92.06,99.96,90.91,92.42,106.0,3,2,7,6,2
88.56,84.96,84.24,89.63,91.68,99.53,87.93,81.7,3,0,2,4,0
83.62,84.89,86.45,90.13,83.91,82.7,97.11,89.4,4,0,3,10,1
80.04,75.46,84.38,74.23,91.85,76.84,85.42,42.7,3,1,2,6,1
83.83,86.49,89.51,89.9,97.49,94.06,89.3,75.2,5,0,6,10,2
65.89,67.15,62.66,62.79,87.15,79.0,70.53,64.5,2,2,2,13,2
90.0,83.71,85.12,100.0,100.0,92.47,81.94,70.6,0,1,1,3,0
80.01,75.14,72.0,69.81,94.01,80.3,66.91,45.5,0,3,1,3,1
99.5,100.0,100.0,100.0,97.96,100.0,100.0,78.2,1,0,0,2,0
46.79,45.64,46.9,59.71,64.56,65.07,53.45,43.2,2,2,5,7,2
80.69,87.82,89.8,93.19,96.49,82.09,93.87,95.0,1,1,4,11,1
73.76,66.21,73.33,76.48,77.21,78.15,75.19,47.4,6,0,5,2,2
90.94,83.97,86.51,84.99,88.91,81.62,96.07,56.9,4,0,1,7,1
87.36,77.13,76.37,57.4,86.59,52.72,61.63,23.4,3,2,4,9,2
96.86,100.0,99.28,82.3,79.11,81.54,65.47,74.7,2,1,4,9,1
78.89,72.95,85.06,70.05,79.03,67.61,55.34,33.8,4,1,2,12,2
79.95,85.05,85.3,95.31,95.29,88.21,100.0,58.1,2,1,5,7,2
40.88,33.66,37.63,47.16,56.78,28.88,26.54,5.0,10,4,4,7,2
84.3,99.79,93.56,90.08,92.81,100.0,100.0,80.0,2,0,3,6,0
99.5,90.51,99.01,77.2,91.78,72.05,60.47,75.3,2,0,1,11,0
87.49,100.0,97.32,80.46,82.18,86.55,82.53,88.3,2,3,4,11,1
85.11,90.2,83.63,87.05,83.95,69.82,89.76,62.9,4,3,2,12,2
57.63,71.72,64.72,87.12,80.83,84.32,83.05,83.9,0,4,7,9,2
74.59,90.11,74.54,93.27,95.58,85.48,98.7,85.8,3,3,4,3,1
99.5,100.0,92.2,100.0,100.0,84.97,85.99,78.0,1,0,0,2,0
53.01,40.77,51.16,54.35,58.5,44.66,33.6,6.4,4,2,2,3,2
88.54,96.51,96.56,77.04,96.43,82.56,81.64,66.9,5,0,3,6,1
95.39,89.63,93.22,90.62,100.0,76.21,84.79,48.9,1,0,3,4,0
67.42,60.14,64.3,36.16,57.64,29.41,25.33,23.9,7,2,2,3,2
70.82,66.86,70.71,83.26,75.68,69.96,76.02,55.0,2,1,2,10,1
88.53,88.94,93.31,91.04,88.9,84.34,81.5,46.1,3,0,4,5,1
92.59,80.87,91.72,93.96,100.0,84.94,76.73,95.6,1,1,3,10,1
55.9,54.24,56.59,71.62,82.61,61.56,70.73,47.7,2,2,8,13,2
92.22,100.0,97.93,100.0,98.69,100.0,93.97,69.9,1,1,2,4,0
99.5,100.0,100.0,100.0,100.0,100.0,100.0,77.5,0,0,0,11,0
88.88,89.41,84.79,78.6,91.62,79.49,70.13,44.1,8,0,2,8,1
69.67,56.73,66.9,46.64,74.9,66.36,37.85,5.6,1,1,6,3,2
67.6,73.23,64.59,75.36,84.33,68.86,58.11,48.4,1,3,2,3,2
85.15,89.08,90.95,95.09,100.0,70.32,74.17,87.7,0,0,3,12,0
99.5,100.0,100.0,79.69,90.08,72.13,52.51,47.3,6,0,1,9,1
66.17,63.3,65.32,45.85,69.51,44.35,43.42,5.0,1,2,0,10,2
77.11,81.31,77.97,84.21,86.14,84.19,83.41,53.4,4,2,5,9,2
86.62,86.9,91.32,95.27,94.8,83.88,66.29,81.8,1,1,6,3,2
95.07,100.0,98.04,90.33,100.0,93.25,81.87,77.4,0,0,4,12,0
77.98,68.9,75.56,65.31,61.22,46.9,61.33,28.0,3,4,3,7,2
61.01,67.57,64.84,45.79,61.0,43.91,37.9,20.7,2,3,4,7,2
68.17,80.33,74.43,86.58,81.98,59.81,71.62,36.4,4,0,6,12,2
92.39,94.44,97.85,99.37,100.0,94.98,100.0,70.4,0,0,5,6,2
60.4,57.33,52.8,77.61,83.57,62.19,59.97,46.9,3,2,3,4,2
81.37,84.5,82.1,100.0,89.64,100.0,100.0,93.4,1,0,3,6,0
99.5,88.81,87.35,62.74,95.2,84.42,75.41,53.8,1,0,2,12,0
90.26,93.72,93.18,80.06,88.13,78.7,87.57,76.8,1,1,1,9,0
22.06,16.81,17.5,60.45,51.09,62.78,34.1,40.4,4,5,9,4,2
99.5,100.0,100.0,89.87,98.02,81.75,99.72,63.1,2,0,2,10,0
51.52,41.44,44.6,37.15,47.67,34.36,12.47,5.0,2,3,2,13,2
61.68,61.76,58.44,52.0,67.86,44.13,49.32,5.0,8,1,6,11,2
66.71,68.6,65.69,73.92,84.84,78.57,88.76,76.3,0,3,5,4,2
92.49,90.83,92.19,73.25,83.39,59.73,71.66,58.5,2,3,2,13,1
91.87,93.9,95.39,82.7,100.0,82.55,75.17,81.6,6,1,1,11,1
99.13,100.0,96.51,90.24,100.0,99.21,100.0,73.9,2,1,0,13,0
99.5,100.0,100.0,100.0,100.0,99.51,92.5,82.7,1,1,1,12,0
99.5,100.0,100.0,80.35,91.43,66.67,75.64,53.0,2,0,0,9,0
64.55,63.63,62.24,78.61,91.69,87.03,85.02,87.5,1,3,5,12,2
61.77,65.0,64.52,93.62,90.84,94.28,100.0,91.8,1,1,8,2,2
86.96,73.88,76.8,74.63,93.65,85.15,74.14,43.7,3,1,1,9,1
92.44,97.92,90.91,100.0,100.0,99.34,100.0,75.0,2,0,2,10,0
60.19,47.15,59.47,69.18,69.95,58.78,31.49,25.9,5,2,4,3,2
85.48,94.46,79.96,98.68,91.99,100.0,87.46,65.4,0,1,4,2,0
99.12,100.0,98.09,82.8,99.52,83.74,74.24,63.2,0,1,1,9,0
81.65,91.62,85.72,75.92,87.73,79.07,66.47,65.0,1,0,3,6,1
99.27,100.0,100.0,93.99,88.92,94.84,99.51,67.3,1,2,3,8,0
57.5,57.27,58.54,75.67,95.26,69.37,66.21,45.5,4,3,7,10,2
96.06,98.51,96.11,100.0,100.0,100.0,100.0,97.4,2,0,1,7,0
78.6,84.24,79.22,87.63,88.14,76.97,96.6,101.3,1,1,3,6,1
56.16,50.11,50.46,49.63,61.15,66.74,55.41,28.8,1,3,9,12,2
92.44,90.95,98.06,91.19,98.35,92.59,72.12,79.9,3,1,1,11,1
72.32,68.51,73.95,51.36,67.4,58.68,62.81,14.6,4,1,4,6,2
40.28,29.62,37.4,55.82,71.41,44.62,38.71,39.9,4,3,2,7,2
92.52,100.0,95.08,91.75,80.3,86.73,78.21,64.3,2,0,1,8,0
93.09,99.64,93.19,100.0,100.0,100.0,96.4,103.4,2,0,3,12,0
99.5,98.27,98.83,67.09,96.11,52.59,76.95,39.6,1,0,2,11,0
99.5,100.0,95.82,100.0,100.0,100.0,100.0,93.1,1,0,1,7,0
77.43,94.9,89.55,77.77,85.56,75.35,80.89,83.9,4,3,2,4,2
82.23,83.89,79.34,83.28,92.0,80.46,96.44,63.2,4,0,5,7,2
96.1,85.27,86.98,83.14,85.69,95.7,88.08,67.6,2,0,2,11,0
90.23,93.71,100.0,100.0,94.33,80.89,80.2,79.5,0,0,1,10,0
90.68,81.2,86.51,85.12,95.25,90.03,76.49,73.8,5,0,2,3,1
43.07,26.15,33.18,29.94,51.1,19.19,12.37,5.0,8,5,5,13,2
62.09,68.19,67.47,61.04,71.11,44.84,48.05,24.5,6,2,8,8,2
98.35,97.25,92.59,100.0,94.61,94.34,91.0,98.1,0,0,2,11,0
67.67,57.93,61.19,82.32,79.87,58.61,45.35,53.9,3,3,4,9,2
99.5,100.0,100.0,71.36,98.69,83.67,82.33,60.8,3,0,0,3,0
80.24,80.67,88.98,93.98,77.65,82.68,67.7,68.8,3,0,6,6,2
59.94,61.45,64.61,48.24,55.97,30.04,43.63,23.4,8,1,2,9,2
41.74,40.49,44.17,72.05,82.13,65.06,63.6,60.3,2,1,4,10,2
99.5,100.0,100.0,100.0,100.0,100.0,100.0,74.1,1,0,4,12,0
95.77,91.47,92.99,97.32,100.0,100.0,100.0,114.6,1,1,2,12,0
24.25,13.34,14.24,70.25,76.09,53.38,45.76,11.3,6,2,8,11,2
90.44,90.6,87.7,79.21,96.3,78.04,80.57,92.1,3,1,3,3,1
96.34,99.4,100.0,100.0,98.88,96.32,100.0,87.0,3,0,3,2,0
82.47,100.0,84.38,96.11,91.2,96.45,89.84,99.1,1,0,1,6,0
87.28,96.8,90.34,74.77,88.8,78.92,69.9,58.1,1,0,3,13,0
48.08,47.37,48.0,35.23,59.8,30.12,30.58,19.2,6,3,4,12,2
74.72,74.09,76.18,79.64,91.69,73.29,69.73,40.2,4,1,3,2,2
48.75,31.85,44.76,48.05,53.41,41.31,35.37,21.6,4,1,2,13,2
90.49,100.0,96.72,93.06,96.25,86.19,70.51,59.3,2,0,1,2,0
72.39,57.9,78.73,65.5,81.85,72.83,74.9,46.7,4,1,4,12,2
68.04,65.45,70.13,75.76,92.22,71.02,70.85,90.9,3,0,4,9,2
58.94,57.79,64.3,57.73,72.42,43.58,32.24,36.2,5,2,10,7,2
92.73,100.0,95.74,78.17,86.62,96.31,78.98,88.3,1,0,4,11,0
89.68,100.0,100.0,98.79,95.02,100.0,100.0,102.1,0,0,3,6,0
67.61,71.38,65.95,65.29,82.11,76.97,40.08,37.1,4,1,2,4,2
99.5,100.0,100.0,68.33,100.0,90.18,86.67,99.2,2,0,2,3,0
87.72,90.81,88.5,100.0,100.0,100.0,100.0,69.4,5,0,3,6,1
20.28,16.85,22.95,44.16,56.22,53.02,41.66,36.4,6,1,6,4,2
61.05,75.27,68.68,90.07,79.83,93.4,74.32,80.8,3,0,6,5,2
83.96,78.95,87.22,100.0,92.76,92.82,100.0,80.6,2,2,2,8,1
79.18,85.72,83.71,98.99,86.34,100.0,83.82,86.0,2,0,2,11,0
90.18,98.76,93.28,100.0,94.62,87.22,100.0,88.4,2,1,4,9,1
73.62,76.39,78.73,63.61,80.14,72.43,51.43,55.1,4,0,5,4,2
61.02,52.59,54.56,67.35,80.13,69.4,59.8,45.2,5,2,5,4,2
99.5,100.0,92.64,82.58,100.0,100.0,82.93,63.0,2,0,2,8,0
97.48,100.0,89.69,73.62,89.74,82.44,64.53,46.5,0,1,2,9,0
92.82,91.28,99.54,96.07,88.82,89.38,85.44,77.6,3,1,4,2,1
90.9,98.13,94.71,83.31,86.94,83.72,85.56,56.9,1,1,1,12,0
81.42,95.04,88.55,96.22,100.0,83.6,91.37,79.6,2,1,1,4,0
64.39,61.91,62.07,77.27,84.22,80.64,82.35,54.7,3,0,5,9,2
78.41,90.08,84.16,100.0,100.0,100.0,100.0,85.3,5,2,6,5,2
99.5,100.0,96.9,100.0,98.84,100.0,100.0,79.7,0,0,0,4,0
99.5,100.0,99.64,70.13,79.2,74.35,64.12,83.1,3,1,1,13,1
96.99,99.32,90.71,87.73,92.57,83.84,86.93,67.4,3,0,1,13,0
82.76,95.7,80.19,100.0,95.76,96.18,90.33,68.2,3,0,4,7,1
84.75,89.22,81.25,100.0,95.18,100.0,83.78,109.6,4,0,5,5,2
80.8,89.4,80.7,89.05,84.4,87.1,98.44,94.8,4,2,2,13,1
87.26,82.57,90.98,78.94,81.2,74.35,76.71,38.1,3,0,4,6,1
62.38,49.46,67.64,71.02,72.78,67.71,55.16,34.5,2,2,6,9,2
97.07,100.0,100.0,83.74,95.17,91.74,84.29,107.6,1,0,2,7,0
61.24,67.26,50.83,86.97,88.13,82.09,71.54,49.8,4,2,4,8,2
87.37,92.49,96.42,66.31,90.72,66.97,71.26,62.2,5,0,2,9,1
93.59,93.27,91.96,100.0,98.44,99.29,94.21,85.1,4,0,3,4,1
78.42,64.77,67.0,81.12,86.77,99.63,100.0,89.2,1,1,3,9,1
99.5,100.0,100.0,80.99,88.49,74.91,75.4,63.6,3,0,3,2,1
99.5,100.0,98.1,100.0,100.0,100.0,100.0,100.5,0,0,0,12,0
95.94,81.02,86.44,68.22,98.53,76.69,75.18,39.3,7,1,4,9,2
94.77,96.46,93.28,80.59,94.99,92.91,94.79,77.8,0,0,0,6,0
53.11,49.07,50.29,81.55,75.01,90.8,80.54,71.6,3,4,6,6,2
65.14,64.48,67.35,64.74,77.5,71.74,48.57,53.1,2,3,8,8,2
52.31,59.34,55.83,65.8,79.48,60.76,39.06,35.4,2,4,4,8,2
81.66,76.23,77.03,61.14,80.44,70.4,53.94,22.0,6,0,3,2,2
57.7,46.98,45.86,50.55,64.47,55.09,41.43,5.0,4,1,0,2,2
34.33,33.78,31.0,65.1,60.69,58.74,48.65,31.9,1,6,3,4,2
50.04,29.34,43.18,62.56,63.17,58.24,49.85,6.0,2,1,5,12,2
85.36,96.43,86.66,90.94,98.5,95.94,98.86,91.6,0,0,1,2,0
72.61,82.98,77.14,87.61,82.71,74.06,72.18,76.0,2,2,3,12,1
96.07,100.0,97.59,95.48,100.0,100.0,96.11,123.4,5,0,1,3,0
88.9,91.42,94.45,86.85,94.35,92.18,82.48,67.3,2,0,0,6,0
84.95,86.79,86.8,87.75,99.04,96.32,83.48,71.5,1,0,3,8,0
95.82,98.86,100.0,100.0,97.35,95.13,97.3,72.6,2,0,2,6,0
75.12,71.49,72.86,63.74,74.09,52.81,52.18,51.8,8,1,1,6,2
59.77,46.85,61.44,77.26,78.05,75.92,63.56,59.9,4,1,6,10,2
99.5,100.0,97.88,88.42,96.91,82.86,65.07,63.7,7,1,0,13,1
52.18,53.6,49.36,89.68,91.01,86.89,99.24,82.5,0,0,8,4,2
99.5,100.0,100.0,100.0,100.0,96.47,100.0,112.5,2,0,0,3,0
65.3,60.03,60.79,75.95,78.08,70.86,57.6,45.9,5,3,5,4,2
92.81,96.71,89.94,87.61,84.01,79.96,75.63,69.4,3,0,2,11,1
98.85,100.0,94.82,100.0,100.0,100.0,100.0,98.0,3,0,1,4,0
68.81,65.61,65.61,59.67,78.77,39.49,64.89,17.1,4,2,7,5,2
99.5,94.27,96.45,100.0,100.0,100.0,100.0,82.4,0,0,0,4,0
84.75,88.48,87.84,86.63,89.1,88.17,95.47,65.6,1,2,5,13,2
59.07,59.78,62.43,75.04,80.04,74.22,65.55,68.4,5,2,4,8,2
96.09,100.0,97.7,93.21,97.99,91.48,89.34,89.0,0,0,2,3,0
57.52,48.22,57.78,63.47,61.75,64.3,56.72,53.5,6,0,5,5,2
57.51,54.14,59.5,69.42,66.72,52.69,53.39,28.4,5,1,5,5,2
71.23,73.98,68.58,64.86,68.49,50.58,63.06,57.8,5,1,3,9,2
68.76,71.11,65.76,92.96,84.04,96.85,87.79,68.8,2,0,3,10,1
69.57,77.66,70.87,79.31,72.43,72.93,63.5,19.6,2,2,6,7,2
99.5,98.67,90.59,94.2,100.0,93.7,77.38,43.1,0,0,2,2,0
53.31,42.09,49.38,58.4,65.64,53.01,47.03,30.8,2,3,4,11,2
52.35,41.27,47.24,40.71,51.18,42.98,23.81,5.0,7,3,3,9,2
99.5,88.0,100.0,90.41,99.84,90.23,89.69,65.5,4,1,2,7,1
69.32,79.78,77.7,100.0,100.0,100.0,100.0,84.3,1,2,4,11,1
79.43,79.69,78.34,83.47,96.54,88.53,72.16,82.6,3,2,1,6,1
84.77,90.91,91.02,79.07,86.6,78.06,69.68,61.9,1,0,3,7,1
96.92,87.33,92.63,91.87,100.0,81.32,86.55,80.8,3,1,3,2,1
83.95,92.47,89.08,78.76,89.52,88.24,84.82,89.8,2,1,3,10,1
66.88,66.23,58.91,73.24,74.81,60.5,73.92,19.8,7,1,7,11,2
99.5,100.0,97.46,100.0,100.0,100.0,100.0,111.5,1,0,1,9,0
91.54,90.79,91.92,70.46,87.41,75.87,73.32,62.8,3,0,2,6,1
73.61,75.81,73.39,78.33,83.59,72.31,69.06,67.3,3,4,3,9,2
99.5,100.0,100.0,88.55,93.24,90.87,87.99,87.5,3,0,3,9,0
99.5,89.02,96.96,98.24,100.0,86.95,100.0,79.5,1,1,1,7,0
74.2,82.49,79.81,83.68,90.19,72.4,76.34,98.5,2,2,4,7,1
58.69,52.65,57.27,69.64,63.12,58.35,58.51,44.9,4,2,7,2,2
84.52,75.82,81.3,79.84,89.78,75.58,82.13,54.9,4,0,4,7,1
74.79,81.97,81.21,100.0,100.0,82.18,100.0,88.0,1,1,5,3,2
79.94,94.94,92.8,98.87,100.0,100.0,82.58,72.6,0,1,5,4,2
40.59,30.91,28.56,46.61,52.56,48.68,35.49,7.5,7,3,2,5,2
67.96,68.95,64.3,73.07,83.81,78.12,71.61,60.8,3,0,3,2,1
85.71,72.14,80.79,81.72,81.94,83.3,80.86,58.0,0,0,2,5,0
53.43,45.7,55.89,60.43,74.09,65.8,70.37,63.1,4,2,6,10,2
99.5,100.0,100.0,100.0,100.0,100.0,100.0,121.7,3,0,1,12,0
98.17,100.0,95.61,98.39,97.1,99.43,73.2,92.9,2,0,1,9,0
90.53,97.83,91.74,100.0,97.01,98.16,94.66,84.2,2,1,1,13,0
64.42,64.6,67.5,54.16,75.69,54.15,49.45,50.1,5,1,2,8,2
99.5,100.0,97.3,100.0,96.67,86.68,77.47,77.4,1,0,1,13,0
46.76,44.95,47.21,75.31,69.18,66.5,63.61,72.6,3,1,4,5,2
90.42,89.07,87.19,94.59,100.0,100.0,100.0,67.7,2,0,0,9,0
24.57,8.58,20.45,21.71,47.58,18.33,9.24,5.0,9,6,7,13,2
82.3,82.57,84.95,80.36,89.8,76.14,79.29,65.6,5,0,1,6,1
63.81,55.64,49.94,93.74,82.95,79.12,73.02,100.9,4,1,5,5,2
55.17,72.67,69.01,79.94,78.36,75.93,61.09,49.2,4,3,5,10,2
87.52,79.94,92.27,63.02,82.2,66.16,66.91,53.5,2,0,3,11,1
66.76,63.56,57.41,74.76,80.41,55.07,54.61,5.0,1,0,1,7,1
87.42,84.97,85.57,94.65,96.09,100.0,100.0,92.3,2,1,4,2,1
69.95,41.77,52.71,63.42,71.49,60.66,49.47,35.3,3,2,4,7,2
42.15,48.12,35.9,37.86,56.97,41.81,39.22,23.3,7,0,6,11,2
39.59,36.41,41.63,56.98,62.75,49.13,48.3,31.4,3,1,2,9,2
85.45,73.97,88.33,100.0,99.17,91.39,89.35,68.2,4,1,4,8,1
66.96,59.67,64.1,89.95,77.27,67.7,86.32,56.9,2,3,6,7,2
61.31,79.81,74.59,95.34,91.4,67.17,98.34,73.4,3,1,6,10,2
67.14,66.81,64.37,59.99,67.0,69.24,50.17,33.5,1,2,5,7,2
87.1,74.65,76.57,94.3,99.93,98.93,100.0,122.7,2,0,4,13,1
66.88,59.91,62.67,73.16,75.34,68.05,77.7,26.2,3,2,4,3,2
85.71,86.25,82.78,82.16,88.73,84.33,67.77,81.9,4,0,5,12,2
99.5,100.0,100.0,100.0,100.0,100.0,100.0,105.6,0,0,0,11,0
87.96,93.99,94.6,100.0,92.34,93.76,89.01,84.1,1,0,4,12,0
90.67,81.82,82.69,95.69,98.95,100.0,100.0,89.5,1,1,0,9,0
94.12,94.19,88.73,88.81,100.0,87.4,83.29,104.6,0,1,2,13,0
99.5,97.9,100.0,90.69,92.63,97.0,90.65,64.1,1,0,4,7,0
89.07,95.34,90.05,82.9,75.2,73.91,75.58,91.2,4,1,2,3,1
86.16,81.58,87.54,75.38,85.31,79.29,67.33,79.4,4,2,3,6,2
92.84,90.57,88.69,96.63,92.14,85.38,69.69,81.0,3,0,3,13,1
64.43,60.22,60.2,71.97,81.01,51.71,53.87,38.6,2,1,4,13,2
60.5,51.0,60.99,68.42,73.43,59.54,51.3,29.7,1,4,4,2,2
45.18,50.89,50.64,65.84,67.34,59.17,35.89,58.8,9,3,6,13,2
21.21,16.57,25.01,22.21,52.12,14.19,17.8,5.0,5,5,4,9,2
45.02,50.54,46.28,67.6,65.09,58.09,60.2,55.3,7,4,5,4,2
71.97,58.38,71.99,53.87,77.76,55.55,47.72,62.2,4,1,4,12,2
54.21,56.9,57.01,82.79,87.31,71.4,67.91,78.9,3,4,2,8,2
42.32,39.79,42.98,55.37,57.88,46.57,29.16,5.4,5,5,7,8,2
99.5,94.99,94.37,89.83,95.1,83.19,73.03,62.7,3,0,1,7,0
33.01,17.22,29.65,37.99,55.86,45.0,39.35,5.8,4,3,7,3,2
75.94,68.93,72.26,85.08,77.31,80.95,75.74,55.7,2,2,5,12,2
64.54,55.03,68.37,92.5,64.85,82.06,65.17,47.4,5,1,2,11,2
61.07,66.25,63.03,61.01,78.56,68.31,51.84,43.5,5,5,6,13,2
93.65,100.0,95.34,91.32,96.54,93.21,100.0,64.5,1,0,0,5,0
72.25,72.9,77.61,94.95,89.01,83.84,89.07,92.6,6,1,7,13,2
56.35,56.84,56.87,73.63,73.5,79.11,74.26,85.3,10,0,7,2,2
79.77,74.24,74.26,66.99,81.66,71.5,68.85,61.9,3,3,0,5,2
20.49,35.27,19.98,60.27,72.18,63.63,57.2,49.7,5,2,9,12,2
70.2,65.27,64.74,66.95,70.93,67.34,70.77,59.7,6,0,3,12,2
66.81,59.17,56.6,67.69,83.37,60.75,48.77,22.0,4,2,2,8,2
80.48,77.57,79.0,70.1,76.71,66.95,57.07,33.5,1,0,3,12,1
86.49,76.84,86.26,83.88,86.45,78.6,68.53,63.5,1,0,2,7,1
27.28,18.42,21.64,39.14,54.86,26.16,24.78,5.0,9,1,3,7,2
91.79,100.0,100.0,100.0,100.0,99.89,100.0,87.9,1,2,2,10,0
49.95,49.09,43.95,85.44,84.19,73.58,57.68,74.4,3,2,9,6,2
91.53,100.0,96.87,93.54,100.0,100.0,98.27,81.2,2,0,2,9,0
43.44,28.95,39.67,74.82,81.46,82.82,62.85,69.9,5,2,5,7,2
98.89,98.94,97.22,100.0,100.0,100.0,100.0,102.4,1,0,1,13,0
99.5,100.0,99.07,100.0,100.0,97.86,86.83,85.6,1,0,4,4,0
75.85,57.55,75.54,55.86,68.77,49.63,62.47,19.2,1,3,6,9,2
55.99,57.04,60.68,68.44,77.95,50.69,67.89,47.1,3,1,5,7,2
95.94,100.0,100.0,100.0,100.0,94.56,100.0,89.6,2,0,3,13,0
65.41,68.23,62.74,76.1,81.92,77.16,72.33,61.3,5,3,2,4,2
99.5,100.0,100.0,100.0,100.0,100.0,96.58,89.3,3,0,1,11,0
93.6,96.84,98.1,91.91,93.42,89.0,93.36,72.5,1,1,2,9,0
57.98,36.87,53.42,80.78,71.92,64.62,62.44,44.8,3,2,7,13,2
73.8,64.88,64.83,81.72,76.36,75.41,66.49,56.3,0,3,4,6,2
64.72,62.14,65.1,48.08,75.57,34.04,52.84,39.6,4,1,0,9,2
60.81,47.77,57.18,72.51,76.54,68.86,51.57,53.0,5,1,5,6,2
64.09,54.11,64.78,56.7,73.7,70.62,62.66,25.7,4,2,1,5,2
74.63,72.53,72.77,81.12,84.51,89.89,84.32,68.2,2,1,2,4,1
72.34,77.05,69.52,100.0,97.09,100.0,99.26,109.2,1,0,4,3,1
50.75,48.94,46.27,36.99,60.94,44.07,53.04,32.7,12,1,10,7,2
99.5,100.0,100.0,92.04,100.0,100.0,89.69,95.5,0,0,1,12,0
88.0,84.83,91.44,91.3,93.9,87.38,75.11,105.7,5,0,4,11,1
84.8,73.08,78.88,80.14,91.9,85.5,68.78,68.0,1,0,4,8,1
66.37,89.2,76.22,76.77,79.98,74.12,54.42,49.7,5,0,3,3,2
67.21,63.4,57.57,58.43,66.12,53.51,58.73,12.4,5,0,8,3,2
99.5,100.0,91.17,89.49,90.61,73.67,86.54,75.1,2,1,1,12,0
40.39,19.21,34.25,52.95,61.73,62.77,60.37,30.7,4,2,4,6,2
38.95,30.36,37.52,59.88,54.65,52.37,52.18,5.0,2,5,7,11,2
99.5,100.0,100.0,100.0,100.0,100.0,100.0,115.5,0,0,2,8,0
99.5,100.0,91.33,91.14,88.54,96.49,82.29,112.8,1,0,2,10,0
89.2,96.42,97.76,74.5,91.04,95.29,71.79,60.7,4,0,2,12,1
81.28,81.66,79.18,87.73,96.83,93.2,80.34,61.1,2,3,2,3,1
35.56,28.12,30.31,64.53,75.86,69.48,48.08,20.2,3,2,6,7,2
71.0,69.92,73.26,63.3,71.74,75.18,72.02,80.0,1,1,3,5,1
98.79,100.0,99.58,89.65,96.04,100.0,70.99,73.1,1,0,3,5,0
86.3,82.96,91.8,100.0,94.19,93.83,100.0,88.1,0,0,3,5,0
90.96,100.0,97.27,100.0,100.0,100.0,86.84,93.1,2,0,1,6,0
81.14,78.5,86.31,81.31,82.74,84.19,85.65,42.4,1,0,3,7,1
99.5,100.0,98.02,96.39,100.0,100.0,92.44,72.1,5,0,0,5,0
53.81,64.57,62.8,76.46,72.19,72.74,60.85,50.0,3,1,1,3,2
77.05,100.0,76.89,63.25,86.31,74.31,76.58,56.9,2,2,1,7,1
64.58,62.13,63.31,48.1,72.32,45.58,45.63,17.6,4,1,4,10,2
72.77,62.27,63.4,85.42,90.89,95.11,100.0,102.5,3,0,6,5,2
68.64,69.71,69.57,100.0,86.69,81.64,78.56,95.7,3,0,1,11,1
94.34,100.0,97.23,100.0,95.48,100.0,100.0,73.2,1,0,6,8,2
86.27,88.94,91.11,100.0,94.77,91.04,83.37,76.3,2,0,4,6,1
48.8,48.02,49.53,47.98,52.89,51.75,44.05,33.6,7,3,7,3,2
74.57,84.38,75.38,93.11,89.98,79.93,78.69,72.6,1,0,2,6,0
94.32,91.2,91.31,77.49,94.79,79.22,82.49,53.6,2,0,1,12,0
86.52,100.0,92.47,69.86,85.14,68.93,67.65,77.8,4,1,3,6,1
74.87,77.58,73.33,66.16,78.85,68.16,68.78,55.6,1,0,2,10,1
40.07,33.52,42.36,48.75,53.71,52.63,35.09,5.0,7,6,7,12,2
99.5,100.0,98.21,90.28,100.0,79.3,89.25,68.4,2,0,1,6,0
92.33,89.68,95.43,94.81,100.0,93.63,88.3,85.7,5,0,3,8,1
71.37,63.91,65.84,53.55,71.74,62.32,80.37,36.9,3,1,5,10,2
86.68,84.32,88.29,100.0,92.61,94.28,93.23,71.0,2,2,2,12,1
89.04,100.0,92.37,80.82,95.33,83.18,66.34,81.6,2,1,2,3,1
61.92,69.36,69.42,74.37,69.64,73.41,80.52,44.1,2,2,4,7,2
72.94,64.14,77.26,65.54,74.13,73.74,59.16,23.8,3,3,3,7,2
99.5,100.0,100.0,100.0,100.0,88.47,100.0,102.3,3,0,1,9,0
63.58,66.92,72.46,36.85,70.73,47.66,34.49,19.0,5,1,3,2,2
83.55,82.04,82.37,94.22,91.97,86.38,72.54,66.0,1,2,3,2,1
67.39,72.9,70.28,77.86,82.6,82.28,73.38,75.4,3,1,4,13,2
85.04,85.91,84.94,95.56,100.0,96.64,97.59,89.2,0,1,4,4,0
99.5,100.0,95.68,100.0,99.14,100.0,90.96,102.0,0,0,4,3,0
80.87,90.76,90.48,98.18,92.29,98.3,97.94,89.9,2,3,3,6,1
77.4,77.89,78.22,98.77,100.0,98.57,86.39,78.5,3,1,3,10,1
72.16,62.48,66.8,78.11,80.33,82.32,58.88,55.0,3,2,2,9,2
99.5,100.0,96.83,100.0,100.0,92.44,78.65,91.5,2,0,3,7,0
89.3,98.17,100.0,98.27,99.63,98.77,92.79,72.6,0,1,3,4,0
99.5,100.0,99.12,90.79,100.0,93.89,98.93,78.2,3,0,2,7,0
37.54,32.83,35.13,38.4,49.36,36.03,25.8,9.1,4,3,5,6,2
64.35,63.68,68.2,34.94,68.11,28.67,41.24,5.0,3,2,5,5,2
97.75,88.08,100.0,73.02,69.76,37.93,50.78,36.4,2,0,0,10,1
39.16,16.29,28.41,43.6,59.68,41.15,36.18,7.4,4,3,8,4,2
84.36,77.79,84.37,85.82,100.0,100.0,100.0,99.3,3,0,3,9,1
93.85,93.4,96.17,74.45,96.18,84.0,77.76,66.5,0,0,1,13,0
69.36,66.06,67.41,73.54,88.69,88.3,84.2,79.5,3,1,4,8,2
97.11,100.0,96.68,93.28,100.0,100.0,82.99,104.8,1,0,1,8,0
99.5,100.0,97.26,100.0,100.0,100.0,100.0,86.2,1,0,2,11,0
99.5,100.0,100.0,74.07,100.0,95.5,74.39,82.8,3,0,3,9,0
77.62,58.62,71.41,78.88,91.86,65.24,66.74,68.8,3,2,1,9,2
53.37,75.19,61.98,79.97,79.04,90.13,74.66,70.5,3,0,5,4,2
99.5,100.0,96.84,94.22,100.0,95.4,99.32,91.6,0,0,1,5,0
94.98,100.0,100.0,90.97,95.74,92.0,81.57,77.7,1,1,2,6,0
99.5,100.0,100.0,88.95,100.0,100.0,89.74,97.6,1,0,2,12,0
72.97,70.6,68.6,78.98,67.85,73.98,75.28,57.0,4,1,5,12,2
98.98,100.0,97.98,82.37,90.63,96.17,90.32,102.3,2,1,3,5,0
16.14,8.0,16.1,63.99,56.73,56.03,41.74,29.7,3,4,13,3,2
50.51,48.24,42.61,50.2,73.14,38.85,51.09,7.3,6,5,2,4,2
92.93,100.0,95.48,85.48,90.26,88.49,87.82,77.5,4,1,0,7,0
79.27,80.27,82.99,68.6,77.73,73.01,59.64,47.6,2,1,4,3,2
90.93,96.54,94.05,89.34,87.77,71.9,72.3,64.7,4,0,1,10,1
79.27,77.36,81.49,99.82,100.0,100.0,100.0,84.2,2,0,1,4,0
53.86,65.51,49.94,100.0,95.77,99.08,84.47,65.2,2,3,3,5,2
99.5,100.0,94.49,100.0,100.0,95.07,100.0,92.5,1,0,2,12,0
72.05,68.11,74.14,53.14,72.98,62.24,55.38,63.8,7,1,2,3,2
65.7,65.45,67.22,40.22,54.78,45.08,45.58,5.0,6,3,3,12,2
75.4,72.17,73.11,93.42,91.27,91.63,100.0,70.5,2,0,2,13,1
87.35,100.0,93.27,100.0,96.22,99.27,100.0,94.1,1,0,3,11,0
39.58,57.1,48.65,57.61,65.54,61.57,39.59,52.9,4,1,4,9,2
87.51,84.79,84.53,79.86,96.29,90.5,76.2,67.4,3,0,4,10,1
79.47,92.77,81.75,96.88,92.75,96.61,91.5,58.5,0,0,5,12,2
41.09,36.5,34.01,64.19,60.91,55.82,61.09,20.0,7,6,4,3,2
75.83,68.71,78.95,71.85,86.93,86.13,69.51,54.5,4,0,2,10,1
51.82,55.05,53.34,45.28,61.07,51.72,34.05,17.6,6,0,5,8,2
87.08,90.59,94.5,100.0,98.72,97.04,83.93,100.1,4,0,3,13,1
99.5,100.0,94.33,100.0,100.0,100.0,100.0,115.9,0,0,0,9,0
99.5,100.0,100.0,100.0,100.0,100.0,100.0,111.0,0,0,3,12,0
70.87,75.2,67.76,67.64,73.81,73.58,64.47,62.1,2,3,5,12,2
97.31,100.0,100.0,100.0,100.0,96.16,94.91,93.0,1,1,8,11,2
96.79,92.02,100.0,84.37,86.65,80.37,64.01,94.1,2,2,3,8,1
99.5,93.29,100.0,78.77,92.32,89.2,71.33,74.3,2,0,3,8,0
40.02,39.67,35.41,84.66,70.86,85.37,78.66,37.2,4,1,7,4,2
73.0,74.15,68.82,83.05,85.54,93.17,92.64,109.0,3,1,4,4,1
77.69,81.11,78.6,77.07,85.55,73.56,73.44,55.3,4,1,1,12,1
81.41,75.0,79.53,84.07,90.94,80.52,85.58,78.9,2,1,6,12,2
80.62,71.42,79.2,70.48,83.73,66.5,56.75,41.2,4,1,1,13,2
83.99,84.97,86.26,81.33,94.57,82.9,69.08,62.7,3,1,5,8,2
87.23,84.22,86.15,70.07,67.63,59.97,49.66,41.1,2,1,1,10,1
81.07,83.9,81.23,64.58,92.84,79.93,76.79,73.3,0,1,2,5,1
48.0,47.95,44.69,71.0,81.74,67.37,86.34,39.4,0,2,2,7,2
87.41,87.74,90.25,92.43,92.56,95.57,100.0,99.6,2,1,4,7,1
60.49,63.64,52.17,65.41,73.21,69.11,56.67,44.1,2,1,5,9,2
79.66,92.98,85.12,99.89,89.11,88.1,100.0,86.1,3,2,3,2,1
86.71,92.58,89.85,75.08,96.57,100.0,84.26,98.4,4,0,0,13,0
62.86,55.51,59.18,70.11,78.69,67.29,51.9,18.5,1,2,5,13,2
83.29,67.5,80.55,69.69,81.14,70.3,59.15,11.9,6,1,1,9,2
84.29,96.53,92.88,66.57,74.69,73.78,57.56,47.6,6,1,2,13,2
89.0,88.77,89.73,91.62,86.07,80.41,68.58,51.2,5,1,3,7,1
99.5,100.0,100.0,92.92,93.42,100.0,100.0,91.7,3,0,2,12,0
81.88,99.85,85.93,100.0,100.0,97.9,100.0,106.7,1,1,1,4,0
87.54,92.68,87.64,81.14,88.58,66.53,67.76,41.1,1,0,3,12,1
91.34,96.54,91.66,54.69,88.51,62.84,71.08,48.1,5,0,1,2,1
92.38,100.0,99.79,83.97,89.29,84.11,85.75,75.8,2,0,3,3,0
92.24,88.77,92.38,77.85,89.88,60.77,66.05,57.4,3,0,3,9,1
55.14,41.82,42.38,58.59,70.34,59.6,54.5,40.2,4,2,3,9,2
69.35,78.24,71.41,90.97,86.84,91.12,95.88,89.7,2,1,9,5,2
59.91,41.18,50.4,48.22,63.66,48.92,44.45,5.0,5,4,4,3,2
74.43,73.79,80.96,89.53,75.69,76.34,68.84,83.4,4,2,0,8,1
54.07,44.46,47.18,48.58,68.69,60.54,59.68,30.5,4,1,4,13,2
78.79,88.53,82.42,100.0,93.09,94.32,92.32,76.2,0,1,1,9,0
56.92,57.41,50.81,69.39,73.62,66.28,59.44,45.8,5,0,7,6,2
99.5,98.86,99.89,89.7,92.96,85.41,67.27,82.3,2,1,1,2,0
99.5,100.0,100.0,83.96,98.22,85.1,77.49,84.8,2,0,2,2,0
80.73,100.0,84.72,87.77,93.28,93.32,99.71,94.1,1,1,8,5,2
99.5,98.29,100.0,92.1,100.0,87.87,85.56,96.0,3,0,3,4,0
41.36,32.24,37.07,54.5,55.74,38.42,27.59,34.1,3,4,6,12,2
63.76,66.5,64.72,70.63,60.79,73.09,65.04,56.4,6,4,2,12,2
50.66,52.54,53.85,73.66,76.54,85.23,75.98,59.6,4,2,4,13,2
72.65,78.18,69.73,77.75,83.02,83.45,71.48,52.5,4,0,3,3,1
52.75,63.77,53.87,83.93,82.66,82.44,65.89,70.2,4,4,4,12,2
63.08,72.67,63.1,64.98,87.15,65.53,59.96,60.7,4,4,2,8,2
64.2,56.42,68.01,47.42,58.99,46.6,24.01,26.5,8,4,3,3,2
56.63,58.13,61.42,62.7,66.05,57.69,66.08,40.3,4,2,5,10,2
71.86,69.61,74.96,56.02,78.42,44.5,47.91,17.8,3,1,6,6,2
99.5,98.82,100.0,90.63,100.0,91.13,89.99,86.2,2,0,1,2,0
63.34,63.85,66.77,66.43,81.09,71.86,82.25,53.3,4,2,6,9,2
81.48,71.05,71.03,93.43,75.6,81.75,72.05,55.3,5,2,3,6,2
95.51,99.21,94.53,73.79,87.87,69.49,77.73,48.7,3,0,1,5,0
53.49,34.42,45.38,60.3,72.68,62.05,41.28,19.1,7,1,7,7,2
88.0,86.15,87.83,100.0,94.9,100.0,95.65,76.3,0,0,3,11,0
94.72,100.0,92.66,100.0,100.0,100.0,100.0,95.4,1,1,4,3,0
85.37,94.54,83.31,93.42,91.59,100.0,88.14,82.4,1,0,1,13,0
99.5,100.0,95.48,100.0,100.0,95.2,89.21,87.3,2,0,0,8,0
40.33,35.21,35.35,61.89,68.21,72.61,62.02,42.9,5,3,4,4,2
48.13,37.25,42.53,63.45,68.27,72.13,54.6,10.5,2,1,6,11,2
90.57,89.65,91.93,87.65,90.63,82.52,89.69,67.1,2,0,3,9,1
44.44,43.18,43.34,54.15,60.98,38.08,45.48,28.7,9,4,4,8,2
59.91,55.88,63.25,71.55,84.08,72.59,61.66,46.3,8,0,11,11,2
38.08,12.25,30.75,36.2,49.2,30.0,19.04,5.0,7,6,7,3,2
99.5,95.09,96.58,97.44,100.0,87.45,79.94,95.1,1,0,0,7,0
56.19,50.63,55.87,82.9,85.68,75.53,88.71,45.3,2,2,9,12,2
99.5,100.0,99.28,84.2,97.03,90.67,96.24,73.2,1,0,1,2,0
89.19,92.44,88.07,90.04,100.0,89.82,85.03,108.2,2,0,3,8,0
76.41,65.54,72.51,70.62,75.05,65.98,70.72,10.5,4,2,2,5,2
99.5,100.0,100.0,100.0,100.0,100.0,100.0,109.4,0,0,0,3,0
69.7,55.29,68.24,69.22,86.13,66.15,71.63,83.1,4,1,3,8,2
71.24,69.54,79.42,100.0,100.0,90.68,84.41,94.2,2,1,2,4,1
99.5,100.0,100.0,79.38,99.71,78.71,83.56,107.6,3,0,1,2,0
99.5,100.0,95.7,100.0,100.0,100.0,100.0,125.5,0,0,2,11,0
61.47,57.61,53.62,71.36,71.53,64.83,58.64,49.5,7,2,6,8,2
67.9,69.92,73.84,59.57,72.13,49.26,54.77,42.1,6,1,6,2,2
83.91,86.66,84.46,74.93,89.82,85.53,65.49,40.4,1,0,4,5,1
38.14,37.48,35.07,68.51,66.34,61.69,58.88,48.4,1,2,6,6,2
59.89,63.25,67.69,86.19,63.6,76.42,61.28,39.4,7,0,5,9,2
77.23,75.83,75.95,49.35,65.15,55.65,48.85,14.8,5,0,5,4,2
79.64,94.94,85.01,90.83,90.54,100.0,75.96,73.0,1,0,4,2,0
78.14,74.34,74.14,60.75,76.11,66.88,64.37,52.3,5,0,4,12,2
51.48,44.89,40.84,55.99,65.92,56.11,45.21,20.6,8,4,5,10,2
66.71,69.15,63.95,72.68,83.99,80.47,91.47,63.7,4,1,3,6,2
35.43,33.83,32.28,77.71,64.05,75.92,48.53,46.4,6,3,5,9,2
66.24,77.42,63.93,76.17,78.05,64.77,52.38,45.3,6,2,2,12,2
66.23,73.67,69.37,88.54,83.01,80.57,72.28,94.8,1,1,7,2,2
99.5,93.83,98.41,67.41,84.35,74.49,70.59,40.5,4,0,4,3,1
90.35,76.48,88.72,78.04,80.16,69.85,65.3,44.8,4,0,1,13,1
86.71,96.31,87.33,61.88,76.65,72.51,70.91,55.3,4,0,1,11,1
47.52,46.94,39.81,85.52,86.77,81.01,88.32,59.9,3,3,10,2,2
80.47,88.05,82.04,97.39,92.79,91.63,87.73,105.0,2,1,0,11,0
99.5,100.0,94.69,95.0,100.0,95.77,100.0,82.0,1,0,0,5,0
97.99,100.0,98.65,89.0,100.0,97.92,81.33,97.7,2,1,1,3,0
62.05,46.97,59.79,46.89,53.22,33.21,32.62,5.4,10,1,3,3,2
84.19,92.0,85.03,100.0,100.0,100.0,99.21,88.7,4,1,7,6,2
42.89,34.11,39.27,61.07,62.74,50.33,60.95,55.5,6,4,1,8,2
90.71,100.0,86.04,92.88,100.0,88.37,82.65,56.2,3,2,5,12,2
86.82,79.79,82.59,73.18,78.95,67.19,67.52,52.6,7,0,3,6,2
12.0,8.0,16.9,49.16,43.05,33.72,26.76,5.0,4,7,5,13,2
57.28,74.58,66.09,63.88,76.22,56.75,54.05,32.9,4,2,2,2,2
99.5,100.0,96.56,97.23,100.0,91.68,100.0,82.5,2,1,3,8,0
76.21,80.39,73.31,100.0,96.99,97.03,86.68,69.5,1,3,4,9,1
95.52,99.7,97.01,82.5,91.7,92.74,77.9,78.0,2,2,1,11,0
92.49,89.52,93.4,84.67,86.25,91.62,82.26,75.6,1,0,3,13,0
80.0,97.97,83.76,100.0,97.94,96.6,89.74,92.2,3,3,3,12,1
65.82,66.66,65.36,90.68,95.92,90.37,84.42,66.1,0,4,4,10,2
99.5,100.0,91.97,80.32,98.01,79.99,93.99,51.9,3,0,1,2,0
94.79,93.49,97.55,92.23,95.79,87.23,78.3,95.7,1,0,0,11,0
87.59,92.77,86.13,100.0,98.95,100.0,92.31,113.2,1,1,5,8,2
99.5,100.0,100.0,100.0,100.0,100.0,100.0,108.3,1,0,0,3,0
74.52,82.63,79.0,75.37,75.66,89.38,73.83,70.8,6,0,5,8,2
99.41,100.0,100.0,100.0,100.0,100.0,94.66,129.1,0,0,3,2,0
92.44,100.0,94.28,98.21,100.0,93.93,99.05,102.1,0,0,1,2,0
86.24,74.11,88.21,95.13,97.26,100.0,99.4,88.7,2,1,7,4,2
41.02,44.09,39.59,53.57,60.42,47.19,49.12,5.8,3,4,6,11,2
58.86,43.82,59.78,57.77,61.41,53.8,51.08,11.4,2,4,6,2,2
32.77,36.57,35.23,57.59,73.63,64.91,71.47,55.1,2,4,8,11,2
49.54,19.16,38.49,52.25,57.06,39.05,45.61,8.0,2,4,2,12,2
56.28,59.4,56.54,92.54,89.67,87.61,93.79,81.1,3,2,5,11,2
54.51,57.58,56.13,63.19,73.87,63.19,48.04,19.5,5,0,3,6,2
73.28,71.93,72.81,83.5,86.97,86.38,98.07,102.1,0,1,2,3,1
50.86,45.25,55.7,55.45,59.53,52.51,40.49,15.4,3,2,6,12,2
62.1,63.5,57.77,51.42,66.3,53.52,45.17,9.2,3,3,7,4,2
47.38,48.56,47.05,59.76,64.08,50.76,27.8,32.7,3,1,0,13,2
96.38,87.83,89.34,91.25,92.05,87.35,81.3,61.2,2,1,1,13,0
85.18,91.44,85.26,69.41,86.64,59.41,66.54,36.5,2,1,2,9,1
99.5,100.0,99.76,91.54,100.0,87.91,83.73,83.5,4,0,1,9,0
80.53,92.94,91.27,91.75,93.33,91.02,88.72,66.9,2,3,4,10,1
78.83,76.25,79.78,100.0,100.0,100.0,100.0,104.4,1,2,4,2,1
54.24,40.09,45.04,50.52,74.09,51.56,37.79,28.6,2,1,2,12,2
81.82,82.57,80.93,83.5,83.23,81.78,83.09,55.5,3,2,4,6,2
85.94,93.74,93.51,99.09,98.35,83.99,71.53,72.7,3,0,2,5,0
85.61,97.39,87.75,95.76,83.71,100.0,95.63,77.1,3,0,1,4,0
99.5,95.16,98.39,78.62,88.3,78.52,54.93,55.8,1,0,0,9,0
59.9,57.62,60.67,66.54,79.59,61.57,73.77,49.8,6,1,4,9,2
60.46,55.8,57.81,87.1,80.26,76.8,70.84,73.5,4,3,9,2,2
64.64,56.78,58.0,75.44,77.81,65.37,82.04,62.8,4,2,2,8,2
99.5,100.0,100.0,100.0,100.0,100.0,90.02,120.4,2,0,0,2,0
67.69,66.7,76.53,69.14,67.69,64.96,82.91,54.1,3,2,3,13,2
75.43,78.02,74.55,75.6,74.88,76.25,65.16,74.5,3,2,3,3,2
93.87,92.95,91.38,93.04,94.11,90.68,80.92,74.9,7,0,3,10,1
77.81,90.08,85.44,100.0,100.0,100.0,99.3,100.2,2,1,1,2,0
74.95,68.81,82.15,86.68,90.04,82.28,91.21,103.8,4,0,5,12,2
98.81,97.56,94.93,87.69,91.67,69.59,66.4,82.2,3,2,2,10,1
85.34,84.94,80.46,100.0,100.0,100.0,100.0,103.0,1,2,1,9,0
75.23,79.89,80.19,79.43,84.48,85.2,88.98,80.7,4,0,5,11,2
92.99,100.0,98.93,70.73,93.61,70.89,69.31,59.6,1,0,2,7,0
96.82,100.0,94.12,78.43,87.84,85.21,73.06,92.2,1,0,2,2,0
99.5,100.0,98.5,100.0,100.0,99.68,98.38,88.4,0,3,2,9,0
84.64,87.35,81.03,88.62,90.34,95.38,84.98,61.6,4,0,3,12,1
81.86,76.48,78.35,70.09,81.89,64.96,56.76,48.8,5,3,2,10,2
83.12,97.75,87.52,100.0,99.14,100.0,100.0,84.9,0,1,3,3,0
68.83,74.02,74.61,73.78,87.47,90.79,84.91,61.5,5,0,7,10,2
66.65,55.48,67.3,75.68,75.96,75.58,74.49,45.4,4,3,7,12,2
94.67,100.0,96.31,79.35,93.11,89.31,77.08,83.0,5,0,1,2,1
79.24,75.22,83.72,94.24,86.11,86.27,84.74,79.4,1,1,3,2,1
93.96,95.14,98.25,99.67,100.0,93.39,97.74,116.7,1,0,2,13,0
89.52,94.7,86.21,85.76,87.93,84.18,72.21,74.9,3,0,5,2,2
99.5,100.0,100.0,99.99,95.62,100.0,88.31,114.5,1,0,3,2,0
99.5,100.0,100.0,87.93,94.72,79.95,86.22,77.6,4,0,0,13,0
77.57,72.23,83.23,44.46,80.62,54.62,50.25,28.7,2,2,3,12,2
57.0,59.47,59.0,67.64,72.69,66.18,50.06,31.0,3,1,4,7,2
99.5,93.69,100.0,93.14,99.24,90.04,100.0,104.2,2,1,1,6,0
76.93,73.93,68.86,70.74,73.35,70.46,66.07,75.6,1,3,3,8,2
80.77,80.3,78.82,79.94,81.32,82.9,65.89,67.5,4,1,4,7,2
59.37,62.78,52.74,53.89,72.29,69.97,59.44,24.8,6,2,7,12,2
62.97,53.76,58.23,72.23,82.73,73.55,72.01,73.1,4,2,7,9,2
99.5,100.0,100.0,100.0,85.48,99.88,83.14,87.7,4,1,0,6,0
86.33,93.94,89.12,100.0,100.0,98.65,98.39,92.5,1,0,1,11,0
91.49,100.0,98.45,100.0,100.0,100.0,100.0,107.6,0,0,4,12,0
71.27,64.0,78.42,70.83,75.32,63.87,77.42,50.2,3,3,2,3,2
75.09,68.92,71.31,79.59,79.89,87.65,89.18,77.8,1,0,4,13,1
36.95,14.73,33.59,48.15,66.54,51.92,38.56,24.8,7,1,4,11,2
74.6,79.26,79.21,86.44,87.26,89.04,75.57,67.8,6,1,4,10,2
75.11,78.22,77.78,75.15,70.23,71.38,63.49,32.4,4,2,4,11,2
86.59,86.73,90.07,90.52,96.82,81.69,91.02,94.7,4,2,4,7,1
89.47,84.11,86.07,100.0,100.0,100.0,100.0,72.2,2,4,3,5,1
53.57,47.02,55.31,61.25,81.61,67.68,50.72,24.3,4,2,4,9,2
72.02,78.38,68.67,89.89,93.68,80.85,94.32,82.8,1,0,3,9,1
52.39,54.62,53.88,67.95,89.07,70.58,71.1,58.3,3,7,12,7,2
74.62,77.54,74.51,55.71,86.78,50.97,50.75,50.3,4,1,5,11,2
50.65,36.65,55.29,80.65,68.85,65.64,74.34,43.9,3,5,4,5,2
61.89,58.77,56.4,76.35,86.06,72.64,80.03,34.5,5,3,7,13,2
31.94,24.23,30.98,53.82,52.12,51.01,30.36,5.0,3,1,4,7,2
42.27,48.12,49.55,84.47,70.51,89.9,80.43,37.4,4,4,1,12,2
85.64,86.23,83.63,95.06,93.24,99.2,100.0,115.8,2,1,3,10,1
37.79,38.91,38.37,74.2,77.76,50.28,65.45,23.9,2,5,6,8,2
59.89,45.76,52.49,48.25,65.43,48.68,34.37,9.7,6,3,4,10,2
99.5,100.0,97.96,78.19,100.0,90.11,81.88,96.0,5,0,0,13,0
85.89,81.84,91.11,70.07,86.43,67.51,58.1,58.5,1,0,3,4,1
99.5,100.0,92.15,98.58,92.38,100.0,83.83,68.2,7,0,2,5,0
95.01,100.0,98.02,68.67,85.99,72.04,51.03,51.2,3,0,1,3,1
80.29,82.34,72.74,91.16,94.62,84.14,93.11,79.2,1,0,1,8,0
74.74,70.88,77.09,81.02,82.7,71.0,56.72,41.9,0,0,1,3,1
84.01,80.41,81.11,100.0,100.0,94.02,98.13,104.2,1,0,2,7,0
76.25,89.03,74.21,95.29,85.58,96.03,100.0,125.9,2,2,3,6,1
87.21,84.72,85.69,76.47,86.26,81.11,84.16,57.7,3,1,2,9,1
62.98,62.38,57.94,74.43,78.86,61.3,74.12,44.5,3,3,6,12,2
64.84,57.34,65.98,73.11,72.27,64.9,72.32,58.8,3,1,2,10,2
67.95,73.66,74.3,90.87,82.62,91.44,88.45,34.5,3,1,4,8,1
89.89,100.0,89.18,89.44,95.5,99.5,95.37,79.5,2,1,4,12,1
80.82,91.54,87.09,90.17,77.17,86.15,72.15,47.2,3,1,4,3,1
94.8,98.8,93.76,95.99,89.08,100.0,89.56,104.7,5,1,2,11,1
35.35,27.55,31.25,60.64,61.06,61.67,41.58,24.0,5,4,8,4,2
99.5,98.27,100.0,86.06,100.0,79.25,84.48,75.0,1,0,4,6,0
69.7,65.16,66.49,52.08,77.24,59.55,36.44,26.9,7,0,6,11,2
99.5,100.0,100.0,100.0,96.37,100.0,93.81,100.5,0,0,4,7,0
92.63,100.0,100.0,91.82,92.43,78.07,100.0,91.2,2,0,4,13,0
81.88,79.76,79.84,71.94,98.75,94.1,80.22,85.5,6,0,2,12,1
94.36,98.39,97.06,84.62,100.0,85.95,86.12,56.8,7,0,3,7,1
89.23,85.16,85.83,98.01,89.34,89.58,71.3,78.5,2,0,2,5,0
97.59,100.0,98.62,100.0,100.0,100.0,100.0,120.2,1,0,0,12,0
80.31,90.71,86.95,66.13,79.77,68.36,81.28,45.2,5,0,4,4,2
83.73,84.55,83.76,82.08,93.97,85.8,68.44,63.5,3,2,1,6,1
49.87,39.78,47.67,66.77,68.61,57.75,63.77,45.3,4,0,6,8,2
64.19,64.95,61.76,67.01,74.88,64.46,55.97,28.4,6,1,5,12,2
99.5,100.0,96.17,85.79,90.86,85.95,80.23,87.4,3,0,2,5,0
36.1,26.89,31.2,66.82,71.7,51.69,51.65,43.7,3,5,9,12,2
99.5,91.84,97.23,93.36,97.47,79.85,80.01,52.1,1,0,2,5,0
91.69,91.2,96.74,100.0,99.39,100.0,100.0,93.3,1,0,3,11,0
83.4,84.2,83.04,92.77,91.4,95.61,85.71,75.9,0,0,4,2,0
97.64,100.0,100.0,93.38,97.19,83.49,95.9,75.3,0,0,2,8,0
99.5,93.54,93.54,96.21,100.0,93.22,91.88,91.5,5,0,1,12,0
17.36,8.0,17.31,66.37,54.91,49.94,43.52,16.2,5,4,8,12,2
91.64,96.76,92.1,94.76,97.53,100.0,75.16,75.0,1,2,1,9,0
76.11,74.65,74.74,89.99,96.42,85.34,94.34,80.8,1,2,2,11,1
67.88,58.37,64.58,61.26,72.29,59.23,79.93,50.4,3,1,1,2,2
69.03,77.87,70.29,92.59,92.58,85.14,84.78,96.1,3,1,3,11,1
71.49,70.38,66.7,68.93,68.02,74.84,54.33,52.4,5,3,3,2,2
77.43,85.67,82.46,81.66,85.78,65.37,72.01,61.5,4,1,2,3,1
99.5,100.0,100.0,86.16,95.88,86.76,99.47,73.6,3,0,3,13,0
79.04,69.37,70.1,68.95,83.95,71.94,63.66,62.3,7,2,2,4,2
97.85,87.66,95.05,91.11,96.18,87.19,72.84,76.2,3,1,1,7,1
70.71,78.27,74.59,73.99,82.66,74.12,63.69,37.7,3,1,5,13,2
84.62,89.28,85.02,88.86,100.0,82.35,93.45,83.2,3,0,4,10,1
95.74,100.0,95.96,100.0,100.0,100.0,100.0,85.0,0,0,5,4,2
19.79,9.46,20.22,10.0,30.0,8.0,5.0,5.0,7,4,7,7,2
46.84,48.23,56.11,44.73,61.55,31.27,37.06,5.0,10,2,7,7,2
49.8,44.09,52.9,77.62,74.04,71.9,77.0,69.5,2,2,4,11,2
60.11,55.99,60.78,64.47,66.98,63.85,40.19,31.9,7,2,6,7,2
49.38,54.62,56.16,81.86,73.47,78.12,48.06,53.9,4,6,2,9,2
99.5,100.0,100.0,100.0,100.0,100.0,100.0,119.9,1,0,1,13,0
77.89,81.38,76.53,98.34,87.62,84.93,82.98,80.5,1,2,8,9,2
62.29,65.98,65.2,79.61,76.53,75.8,84.41,66.6,6,3,5,10,2
97.33,97.58,92.1,100.0,98.4,100.0,100.0,71.8,1,0,2,11,0
56.09,46.34,49.46,52.27,62.85,72.68,54.01,51.2,3,2,7,9,2
53.93,51.11,56.67,72.65,79.27,68.53,58.77,61.1,6,6,6,3,2
36.02,23.96,30.72,54.77,56.14,35.48,19.36,25.0,2,3,4,9,2
59.26,48.73,51.98,52.36,64.04,56.73,61.97,19.9,6,6,6,4,2
65.25,60.67,61.13,56.21,66.39,59.5,50.03,26.9,2,1,3,8,2
63.22,53.31,54.59,74.41,76.16,57.19,67.97,40.6,6,2,0,7,2
64.02,69.57,67.45,73.52,77.98,62.35,75.07,24.7,3,2,4,7,2
86.62,100.0,90.02,100.0,100.0,100.0,100.0,119.6,0,1,4,10,0
99.5,100.0,98.72,100.0,100.0,100.0,99.46,82.2,2,0,0,2,0
87.0,77.92,85.22,51.03,83.52,59.62,53.43,48.6,5,0,0,12,1
99.5,93.66,98.66,73.9,91.06,74.67,66.75,43.5,5,0,1,9,1
92.79,100.0,90.79,73.81,83.49,80.41,56.69,30.1,4,0,1,11,1
86.45,88.84,82.75,86.57,86.66,96.29,88.34,70.8,1,1,2,4,0
53.36,55.19,53.78,69.17,71.46,69.74,62.47,47.4,5,0,9,11,2
99.5,97.44,100.0,100.0,100.0,93.62,100.0,67.1,0,0,2,4,0
91.53,96.17,90.62,85.95,100.0,92.18,100.0,85.3,1,0,1,9,0
81.92,94.28,84.5,86.74,98.42,78.72,94.12,53.1,2,2,1,7,1
84.16,91.04,87.34,92.3,100.0,95.4,94.38,97.7,0,0,6,12,2
36.59,31.01,34.96,62.69,64.24,54.98,55.85,34.1,2,3,5,12,2
62.22,69.48,64.77,92.09,87.89,89.02,89.44,72.2,2,1,4,12,1
99.5,100.0,100.0,96.72,100.0,100.0,97.11,100.1,2,0,1,9,0
93.57,100.0,92.39,92.86,100.0,94.63,100.0,89.9,1,2,3,7,0
41.32,39.22,46.58,76.08,69.14,69.25,52.57,47.7,2,7,4,6,2
73.31,77.35,73.65,67.4,75.81,77.89,67.69,73.0,2,2,4,11,2
96.06,96.74,100.0,78.72,89.51,98.48,92.41,65.0,3,0,2,2,0
99.5,99.99,90.98,92.71,97.01,100.0,98.12,74.3,0,0,1,10,0
50.73,56.69,46.22,90.33,93.08,85.69,75.07,77.0,5,1,8,4,2
40.21,23.32,33.46,53.71,61.99,47.71,42.4,10.2,12,4,10,5,2
79.51,93.89,88.98,100.0,100.0,100.0,100.0,88.2,2,0,2,12,0
84.03,76.37,82.05,78.74,85.88,97.59,62.17,57.9,0,0,0,4,0
98.69,98.84,98.32,100.0,100.0,100.0,88.12,95.8,2,0,1,8,0
98.32,97.54,99.16,100.0,99.61,100.0,100.0,89.1,1,0,3,10,0
50.17,49.25,49.74,38.78,56.07,39.65,58.4,21.2,2,3,4,10,2
45.48,25.41,45.7,34.74,43.38,27.52,24.35,5.0,6,3,5,2,2
30.98,26.72,27.3,35.06,59.24,33.24,41.56,6.4,7,5,3,8,2
43.54,38.96,46.9,80.94,88.0,84.76,70.63,60.0,5,4,2,9,2
89.89,95.61,89.1,100.0,100.0,99.85,98.02,108.8,0,3,4,9,1
54.57,47.44,50.68,56.96,75.15,49.02,54.46,56.7,2,3,6,4,2
78.66,100.0,82.88,100.0,100.0,100.0,100.0,130.0,1,0,4,13,0
92.01,83.75,92.28,92.99,92.64,87.23,79.29,98.8,6,0,3,10,1
73.54,78.5,80.27,80.79,88.75,78.86,78.23,41.3,1,2,3,10,1
74.46,79.55,75.7,86.04,88.98,93.77,83.99,73.4,1,2,7,10,2
26.31,19.36,25.85,67.84,69.24,66.51,61.11,57.7,2,1,4,13,2
35.04,25.22,31.82,22.01,41.15,31.38,14.58,5.0,9,3,4,3,2
56.09,47.97,55.38,70.93,81.51,66.65,55.28,47.2,4,1,1,8,2
65.3,55.13,66.17,80.24,65.64,60.65,72.6,54.7,2,0,5,8,2
91.84,80.24,82.86,65.68,75.14,61.51,51.3,24.0,4,0,3,13,2
90.58,98.51,89.37,96.29,100.0,100.0,100.0,106.1,0,0,6,13,2
99.23,93.78,94.96,74.25,91.35,71.09,69.51,63.9,2,0,1,10,0
90.73,85.96,87.16,80.76,90.39,74.7,87.91,41.8,4,1,4,10,1
76.93,74.29,76.76,66.24,73.61,52.99,56.63,27.3,4,2,4,3,2
92.27,100.0,95.25,99.68,100.0,91.5,100.0,98.0,1,0,1,10,0
99.5,96.84,97.69,100.0,100.0,100.0,97.87,85.7,2,0,0,5,0
89.83,93.99,91.12,90.15,90.29,78.03,72.27,46.0,0,1,2,6,0
53.92,53.72,54.73,54.37,72.15,53.27,42.37,35.4,7,4,2,2,2
59.81,70.96,60.98,73.74,80.05,80.69,81.58,71.2,3,1,5,7,2
39.76,26.96,26.43,37.48,54.06,22.74,17.87,5.0,4,2,5,11,2
99.5,100.0,96.07,100.0,93.44,100.0,89.18,87.9,4,0,1,2,0
94.82,99.65,100.0,68.43,87.37,78.23,58.68,63.8,3,3,8,2,2
99.5,92.46,86.47,88.87,100.0,100.0,100.0,73.8,2,0,2,2,0
76.03,80.74,82.36,87.6,88.8,84.87,60.56,87.3,2,0,4,6,1
99.5,100.0,97.42,100.0,100.0,100.0,100.0,126.2,1,0,2,2,0
59.36,65.46,65.08,74.92,83.5,67.68,72.29,49.3,4,0,3,2,2
99.5,100.0,95.6,100.0,100.0,94.66,87.4,104.8,1,0,1,12,0
84.61,76.9,71.65,75.11,79.6,89.64,65.78,65.2,7,0,2,9,1
78.4,84.04,77.11,70.53,86.17,69.03,65.69,84.2,1,0,1,6,1
32.59,26.44,29.73,61.33,67.13,45.17,47.28,5.0,7,3,3,5,2
55.95,56.49,57.71,98.97,96.81,96.65,92.88,96.9,3,2,7,13,2
78.35,91.36,77.64,73.66,89.08,74.44,77.92,31.7,4,1,5,10,2
89.29,85.4,89.32,76.44,88.51,57.7,79.21,39.9,5,0,1,12,1
80.32,85.04,82.22,97.57,90.09,93.19,99.25,79.1,1,0,4,12,0
35.52,28.91,30.54,46.64,67.22,55.16,51.88,15.9,7,2,6,4,2
70.42,73.93,72.22,86.62,82.18,75.66,76.07,69.7,4,2,6,12,2
80.64,91.08,84.97,75.85,95.36,76.93,65.44,82.9,6,1,8,8,2
65.73,80.57,73.48,94.01,80.91,91.24,75.67,76.7,3,2,4,5,2
99.5,100.0,100.0,89.1,100.0,93.02,91.96,120.7,1,0,1,8,0
98.37,89.76,95.52,97.25,98.39,74.92,87.01,61.1,0,1,2,3,0
57.3,60.84,66.55,57.56,54.78,46.11,32.29,5.0,4,3,8,12,2
99.5,100.0,91.91,100.0,100.0,100.0,100.0,84.8,3,0,2,2,0
73.15,78.05,69.8,65.39,82.65,63.14,60.71,51.0,1,0,3,13,1
30.46,26.37,33.27,67.39,65.33,69.37,51.86,62.5,3,2,5,8,2
84.25,88.91,80.15,86.87,94.29,93.99,98.9,60.2,2,2,3,3,1
54.02,59.34,59.63,69.92,71.44,67.36,62.72,33.1,3,3,5,2,2
99.5,100.0,100.0,98.02,100.0,100.0,100.0,87.6,2,0,0,13,0
32.66,32.14,27.23,66.68,59.93,63.43,70.72,35.7,2,3,5,11,2
49.13,33.59,47.18,44.33,52.19,52.74,49.76,11.6,4,3,2,2,2
46.19,45.59,50.72,62.67,70.42,67.38,52.72,22.5,5,0,5,3,2
90.73,94.98,92.47,94.53,100.0,99.02,100.0,73.2,3,0,1,4,0
66.09,54.24,61.19,58.98,76.36,59.83,49.65,47.4,0,2,5,7,2
47.08,40.59,49.81,47.79,66.97,59.39,53.72,47.3,4,5,4,3,2
45.03,42.44,37.25,60.11,69.75,55.38,34.75,5.0,4,6,6,13,2
76.33,80.24,80.59,51.68,75.65,56.47,49.02,37.1,3,0,4,5,2
99.5,100.0,93.92,91.58,100.0,92.34,86.63,103.6,3,0,2,8,0
68.57,57.16,66.56,46.19,74.03,33.86,45.34,5.0,5,4,6,10,2
87.53,88.58,87.41,79.41,92.89,82.99,76.59,41.7,2,1,1,13,1
93.44,100.0,95.8,98.61,96.29,91.46,86.46,79.3,3,0,1,3,0
30.18,31.84,37.4,54.91,53.46,33.46,34.33,5.0,5,3,10,7,2
44.96,42.26,37.67,58.64,54.72,47.08,40.16,10.4,6,3,7,6,2
50.06,44.52,50.83,46.66,64.52,29.76,11.75,10.2,6,2,6,6,2
84.45,85.95,84.73,84.29,88.19,98.76,89.26,93.2,2,1,3,11,1
99.5,100.0,100.0,100.0,100.0,94.61,100.0,126.3,1,0,2,11,0
57.51,49.92,58.06,72.29,80.64,73.5,71.57,59.8,3,4,5,4,2
86.11,94.66,92.59,86.84,88.76,92.48,88.3,81.7,0,1,1,13,0
50.6,28.1,44.54,52.25,60.23,40.97,36.54,5.0,4,0,5,12,2
85.59,76.61,78.69,85.6,91.63,89.8,85.51,80.8,4,1,2,6,1
99.5,87.55,97.43,84.63,91.34,68.71,86.31,72.2,3,0,0,8,0
97.97,100.0,100.0,93.34,91.86,87.88,86.73,71.7,5,0,4,5,1
96.94,100.0,100.0,100.0,100.0,100.0,97.96,106.3,2,0,2,8,0
31.66,15.33,27.98,50.36,66.89,53.63,42.31,5.0,6,0,5,9,2
82.42,100.0,89.48,86.41,92.19,87.44,88.1,40.5,2,1,3,5,1
87.81,81.59,80.8,80.9,77.21,75.71,69.79,68.6,4,2,2,8,2
99.5,100.0,98.07,94.5,100.0,100.0,84.52,61.8,2,0,1,5,0
99.5,100.0,97.82,94.02,100.0,100.0,100.0,78.5,0,0,2,8,0
91.09,100.0,94.59,94.76,93.16,100.0,89.7,72.1,2,0,1,9,0
32.61,27.56,29.1,54.97,55.5,52.24,48.1,33.1,3,1,5,6,2
65.19,55.62,68.78,60.01,71.99,52.48,54.57,66.4,3,1,1,5,2
83.22,82.87,84.91,100.0,100.0,100.0,100.0,108.5,0,1,5,13,2
59.18,50.97,55.83,59.92,76.57,65.75,53.56,29.1,4,0,3,2,2
99.5,98.79,100.0,100.0,100.0,100.0,100.0,112.4,0,0,3,8,0
80.49,72.58,79.18,90.13,82.87,93.18,89.0,69.5,0,0,0,5,0
60.99,63.18,70.5,65.05,83.6,56.9,55.28,47.2,3,2,3,10,2
99.29,100.0,100.0,90.93,95.99,89.82,68.63,77.5,2,0,4,2,0
87.87,88.13,86.37,100.0,100.0,100.0,100.0,75.5,2,0,5,8,2
34.21,14.65,22.69,62.77,69.55,71.91,49.7,32.4,7,6,10,7,2
66.62,63.16,66.23,53.15,66.6,51.59,36.23,25.7,5,3,2,2,2
82.96,90.25,93.94,82.3,89.65,96.21,85.82,82.6,0,1,5,13,2
49.72,33.97,43.11,49.68,58.73,33.28,32.31,7.4,3,3,3,2,2
99.5,100.0,95.96,100.0,81.01,100.0,99.7,84.2,2,0,2,9,0
71.73,50.04,67.46,66.71,89.08,72.18,71.52,59.6,2,3,1,12,2
99.5,100.0,100.0,78.32,92.1,81.32,78.04,44.7,0,0,2,9,0
60.19,60.95,53.95,75.59,85.11,78.53,73.46,65.8,3,2,7,4,2
85.27,96.18,90.25,83.9,79.54,87.8,85.26,51.2,2,1,2,9,1
31.63,25.34,33.81,36.97,61.22,37.8,27.06,28.9,6,3,7,10,2
50.16,46.83,40.5,59.88,66.75,65.14,53.63,32.7,1,1,4,11,2
99.5,100.0,100.0,83.68,100.0,99.07,89.83,79.9,0,0,2,3,0
52.27,45.06,44.53,74.13,82.57,66.92,77.01,68.9,5,1,4,13,2
99.5,88.46,94.49,73.64,82.37,86.15,69.63,40.1,3,0,0,6,0
64.71,67.25,63.78,61.14,71.37,55.93,70.07,33.0,5,3,3,2,2
99.5,100.0,100.0,81.23,92.44,83.51,85.24,65.1,1,0,3,3,0
72.42,78.0,78.53,61.75,72.91,73.06,49.02,69.5,6,2,4,13,2
74.19,69.41,66.96,60.45,80.37,66.63,64.86,25.9,2,0,2,8,1
93.04,94.24,85.53,94.9,100.0,98.76,100.0,93.0,2,1,1,5,0
55.67,44.86,45.51,64.05,78.54,73.34,65.23,46.0,1,1,4,4,2
49.17,44.33,49.03,73.92,80.59,88.9,84.93,64.9,5,3,9,3,2
98.68,94.81,88.08,100.0,100.0,100.0,100.0,116.0,0,0,2,12,0
99.5,100.0,97.11,95.08,97.2,89.39,94.98,89.7,3,0,0,11,0
83.97,95.37,92.03,69.06,88.32,71.72,52.97,50.7,2,0,3,8,1
60.77,58.09,62.15,86.62,85.62,73.1,68.56,73.6,4,1,5,9,2
99.5,100.0,92.9,100.0,100.0,100.0,100.0,108.5,0,0,1,6,0
74.1,86.16,79.48,100.0,99.39,100.0,100.0,80.6,1,2,4,3,1
93.52,90.07,88.38,74.64,84.27,76.27,60.27,55.4,5,0,4,6,1
67.47,64.91,63.91,78.27,84.45,81.02,80.9,96.5,3,2,4,9,2
59.07,65.98,59.41,61.13,72.63,53.77,55.32,51.3,2,2,8,7,2
85.63,92.59,86.46,88.06,98.11,100.0,100.0,73.3,2,1,4,6,1
74.81,79.96,76.42,80.53,77.05,59.77,53.17,11.6,3,0,4,8,2
71.35,86.7,74.23,68.68,81.12,65.74,64.36,29.0,6,2,6,2,2
93.68,91.09,89.91,91.18,95.13,100.0,100.0,65.1,1,1,0,2,0
80.87,82.99,85.24,90.78,92.3,85.24,90.89,76.1,1,2,3,4,1
57.68,62.22,59.42,100.0,100.0,96.65,99.2,110.3,0,1,5,2,2
31.46,20.54,22.95,47.12,59.91,48.46,46.48,5.0,10,5,11,2,2
85.09,85.72,85.74,91.01,72.16,90.86,96.04,71.7,1,1,4,2,1
65.23,71.48,61.66,60.2,65.94,46.28,54.81,43.1,7,3,4,9,2
99.5,100.0,100.0,88.6,93.48,90.89,79.9,59.9,1,0,0,4,0
89.31,100.0,95.62,99.77,100.0,100.0,100.0,99.3,2,0,4,2,0
51.65,39.66,50.32,31.17,63.82,42.9,29.66,5.0,8,5,2,4,2
54.13,64.06,59.59,58.42,68.16,65.59,57.5,44.2,8,2,6,2,2
87.13,100.0,87.69,100.0,94.48,90.23,100.0,89.0,1,0,4,8,0
68.43,56.51,61.64,34.82,59.43,26.15,20.46,5.0,7,1,3,8,2
73.62,77.92,79.81,77.26,82.14,79.67,67.24,39.8,1,1,3,6,1
79.35,89.59,81.98,84.21,91.98,97.1,90.05,75.3,4,1,7,12,2
92.44,90.69,91.43,97.43,89.07,81.45,67.39,75.6,4,0,2,9,1
45.57,55.12,51.91,66.46,71.65,68.37,61.92,31.5,2,4,9,13,2
90.37,91.55,96.85,100.0,100.0,96.08,100.0,102.9,2,0,8,7,2
16.7,8.0,13.09,54.88,53.04,42.24,23.4,26.6,3,2,10,13,2
89.39,86.51,86.74,82.58,86.82,79.65,74.73,64.5,1,0,2,8,0
76.21,76.77,84.01,68.59,81.51,62.33,57.59,42.9,0,1,4,3,1
98.57,100.0,100.0,88.35,95.64,99.61,87.76,58.3,0,1,1,2,0
81.06,80.6,81.03,96.9,100.0,90.84,86.51,88.4,0,0,6,9,2
97.44,98.16,97.79,88.15,90.94,76.01,69.71,75.2,2,0,0,12,0
54.06,38.85,51.91,57.36,67.81,38.77,43.78,44.2,6,2,2,4,2
84.8,98.89,91.9,90.78,93.47,88.84,81.74,63.7,1,0,4,9,0
75.37,79.47,77.05,73.06,77.32,74.23,58.32,69.2,5,1,1,11,2
92.02,92.92,95.31,83.68,88.77,83.77,86.06,91.7,5,0,1,3,1
61.34,60.0,58.24,75.55,80.38,76.92,70.12,59.6,2,4,4,3,2
46.08,38.74,47.75,65.19,62.48,61.51,55.6,58.2,4,3,5,3,2
84.79,76.44,84.27,70.67,83.22,74.38,56.89,49.5,3,0,1,7,1
61.66,53.54,60.39,82.4,87.31,76.51,62.72,58.3,4,1,2,12,2
44.81,31.73,39.41,46.73,66.59,52.98,47.88,6.4,4,2,4,9,2
94.36,100.0,94.02,100.0,100.0,100.0,100.0,107.4,0,1,3,8,0
62.69,66.83,57.2,70.96,82.07,56.11,61.7,42.6,7,1,4,11,2
52.03,40.27,40.51,59.04,69.62,68.92,52.07,45.7,1,3,8,10,2
75.08,84.9,72.12,95.57,99.99,94.64,95.15,70.3,4,2,2,4,1
78.46,71.08,80.55,74.58,83.42,84.26,77.62,61.5,2,2,2,6,1
49.42,52.08,47.8,66.75,73.13,58.58,54.04,38.2,3,0,7,4,2
83.06,89.14,80.53,86.67,93.91,100.0,95.01,103.1,0,1,3,2,0
99.5,98.59,98.79,95.43,97.26,100.0,84.93,87.5,2,0,1,7,0
75.81,77.31,72.58,77.37,86.19,66.0,62.15,42.0,4,0,3,3,1
96.81,100.0,96.45,94.62,98.28,98.5,85.97,81.8,3,0,2,13,0
90.06,78.72,87.97,87.46,100.0,79.37,76.49,81.4,2,0,1,8,0
95.54,100.0,95.92,74.64,89.52,72.13,81.25,56.6,1,1,4,13,1
40.72,29.25,35.05,51.07,57.57,44.72,46.45,33.8,0,3,4,3,2
99.5,100.0,99.61,94.23,100.0,87.23,86.04,102.3,2,0,2,10,0
68.91,76.46,66.19,68.88,78.96,70.77,81.64,83.3,2,0,7,12,2
63.05,55.79,61.45,91.67,70.18,74.77,75.37,50.0,2,3,5,12,2
77.73,72.44,81.42,73.29,71.6,63.83,68.98,53.0,0,1,4,11,1
99.12,100.0,97.99,100.0,100.0,97.74,100.0,94.9,0,0,2,5,0
75.12,87.12,80.07,93.18,90.64,88.19,94.06,60.8,2,2,2,9,1
69.81,70.6,66.76,60.37,72.46,55.89,54.44,47.0,4,2,6,7,2
40.44,37.75,36.53,55.17,61.7,65.61,31.12,23.3,2,4,9,7,2
51.1,48.9,54.2,92.34,91.48,79.59,71.81,66.8,4,2,5,12,2
90.63,96.04,93.33,90.68,100.0,92.04,81.93,84.5,1,0,0,11,0
77.1,77.88,80.04,82.69,90.58,82.19,63.36,58.5,4,1,1,2,1
82.26,69.31,78.41,65.25,83.09,58.49,61.91,37.9,2,1,6,7,2
64.63,63.4,63.54,46.62,68.91,47.68,34.95,45.5,7,1,3,8,2
69.44,66.13,73.03,71.2,74.76,64.31,66.15,51.5,3,5,6,13,2
72.41,77.5,67.2,56.86,62.5,51.07,46.66,42.1,4,1,2,7,2
68.9,77.25,68.84,74.26,82.99,72.96,70.02,62.3,5,2,1,8,2
72.37,72.51,70.91,69.09,77.42,72.92,68.73,58.4,4,3,5,10,2
85.24,96.57,89.73,88.08,98.76,89.62,86.06,52.5,2,0,2,8,0
67.12,74.22,68.63,80.71,85.56,95.11,85.72,69.1,5,1,6,7,2
85.82,87.51,87.3,86.37,94.95,82.21,71.39,77.3,2,0,4,6,1
59.8,48.8,61.1,71.22,88.88,72.62,63.59,71.2,4,1,4,11,2
70.84,68.9,65.49,78.71,90.85,64.94,90.29,51.6,6,3,5,12,2
47.42,40.96,51.06,51.05,68.85,57.37,59.86,17.6,3,3,2,7,2
82.08,87.44,83.25,99.93,100.0,95.09,100.0,109.1,4,0,0,11,0
46.92,47.89,48.06,89.41,74.3,77.42,69.17,59.7,3,0,8,9,2
74.87,82.47,77.86,81.96,74.47,83.01,76.51,27.8,4,0,4,11,1
87.89,100.0,93.61,86.2,92.33,81.49,71.2,76.7,3,1,3,6,1
89.68,84.77,92.62,79.22,88.11,80.67,50.62,47.3,1,0,1,6,0
99.5,96.09,93.61,100.0,98.21,100.0,100.0,108.8,1,0,0,4,0
53.16,44.66,47.06,83.19,71.45,68.31,77.09,63.4,2,0,5,12,2
39.79,47.63,45.28,59.86,64.94,58.92,53.62,40.0,6,0,7,9,2
73.88,82.38,73.91,82.39,90.49,78.45,66.25,48.3,7,1,4,7,2
84.02,82.84,76.09,100.0,100.0,98.52,98.0,92.0,2,1,3,10,1
73.93,65.96,73.48,88.38,90.69,97.21,63.21,74.9,3,1,2,12,1
57.52,50.89,51.92,73.48,77.78,68.89,61.84,52.2,3,1,5,7,2
33.13,42.22,40.11,68.85,67.18,62.25,54.97,25.4,3,2,6,9,2
99.5,100.0,97.9,100.0,100.0,100.0,100.0,111.5,2,0,2,6,0
83.3,91.75,91.07,100.0,100.0,100.0,96.27,104.1,0,0,7,13,2
58.96,55.03,58.48,61.73,73.95,65.32,50.68,61.8,3,6,2,2,2
72.42,64.69,66.69,100.0,87.04,98.38,100.0,95.6,3,1,3,9,1
84.02,88.73,80.91,95.28,100.0,100.0,100.0,76.6,0,2,3,3,0
66.9,77.49,70.0,81.85,86.2,75.71,75.19,53.5,0,4,4,8,2
92.03,94.74,93.28,100.0,98.71,100.0,93.96,76.4,1,1,2,7,0
99.5,100.0,97.12,100.0,100.0,98.57,99.05,91.5,0,0,2,2,0
72.9,74.03,68.15,66.41,77.82,64.86,70.78,32.0,4,2,3,10,2
38.89,25.37,32.84,66.47,62.39,50.78,53.53,21.9,5,2,11,10,2
85.06,90.77,93.38,96.49,77.66,84.89,73.09,67.1,1,1,8,11,2
96.25,91.86,95.58,85.66,92.63,76.64,75.66,69.6,4,0,2,6,1
70.11,64.95,65.56,63.88,78.31,54.59,59.99,41.3,5,2,4,4,2
98.27,95.09,97.65,70.46,89.36,73.42,77.5,65.7,3,0,3,8,1
86.8,84.44,88.42,72.86,84.56,71.2,80.74,52.9,1,1,4,8,1
72.49,71.05,68.24,65.6,76.32,61.92,53.84,26.7,3,2,4,6,2
86.44,88.82,86.31,96.48,93.04,90.45,87.02,39.2,2,0,1,13,0
79.61,77.69,78.29,75.63,71.79,66.83,72.87,55.4,0,3,7,12,2
44.5,44.09,42.74,74.99,70.11,67.97,63.35,41.2,3,5,4,3,2
99.5,100.0,94.76,100.0,100.0,100.0,100.0,78.0,1,0,1,10,0
72.07,53.13,67.52,75.86,70.01,73.25,68.66,40.2,3,0,3,10,2
42.86,37.31,32.33,43.89,63.68,56.38,41.76,14.1,5,5,8,6,2
69.29,64.36,64.78,50.1,77.23,74.68,80.69,72.0,6,2,7,12,2
93.01,98.85,92.32,84.55,86.86,84.52,89.42,58.0,2,0,3,7,0
63.46,56.9,58.73,66.3,78.96,52.71,61.26,64.1,1,2,2,4,2
90.89,82.19,93.42,96.29,88.93,92.93,87.75,84.9,1,0,8,9,2
60.28,60.61,59.17,75.41,78.18,88.94,79.46,65.7,4,0,3,8,2
89.2,95.67,95.92,61.06,74.27,64.19,66.05,56.0,5,0,1,10,1
86.63,94.8,90.27,96.96,94.55,97.47,82.25,95.4,1,1,6,12,2
92.53,86.8,92.14,91.7,84.77,83.64,96.4,85.1,2,0,0,9,0
55.79,48.57,51.86,67.62,71.05,66.48,53.54,23.1,2,0,5,13,2
99.5,96.51,100.0,83.21,96.35,76.16,77.17,97.2,1,0,0,11,0
31.51,24.47,26.37,62.28,59.93,43.01,55.98,7.5,6,1,9,13,2
81.22,78.18,78.28,86.53,89.34,70.81,61.22,46.0,3,1,1,12,1
69.44,57.68,62.89,80.8,81.37,93.15,67.6,68.3,1,2,3,7,2
99.5,100.0,95.51,98.52,96.99,92.49,83.05,97.9,5,1,5,8,2
79.93,93.76,85.1,79.14,92.89,82.4,75.63,57.1,1,2,3,5,1
98.7,100.0,100.0,100.0,100.0,100.0,100.0,125.0,2,0,2,3,0
63.73,60.66,61.21,100.0,86.34,86.76,94.02,74.0,3,5,6,12,2
30.44,32.86,28.16,51.53,45.21,49.05,21.15,21.2,5,2,6,4,2
78.85,86.84,89.69,40.99,64.11,43.66,28.49,23.9,4,2,4,3,2
93.69,98.01,93.77,98.79,98.83,100.0,82.66,128.5,3,0,1,5,0
74.7,79.67,79.51,100.0,83.72,81.66,88.78,80.6,1,0,4,8,1
94.45,100.0,96.58,100.0,100.0,100.0,100.0,112.9,1,0,2,3,0
60.7,67.7,67.66,64.0,77.64,70.54,61.02,61.7,5,3,6,10,2
99.5,96.32,98.08,91.82,96.7,94.43,86.65,100.7,2,0,0,2,0
87.34,86.77,86.93,70.95,84.34,65.45,68.06,43.3,3,3,5,2,2
89.67,81.05,86.17,82.02,82.67,72.58,63.06,50.0,3,2,0,10,1
76.97,79.61,76.95,81.97,90.72,71.14,76.89,61.6,5,2,3,5,2
99.5,100.0,99.94,87.82,86.24,91.48,90.13,98.9,2,0,1,7,0
45.26,48.7,43.49,79.0,81.88,75.3,71.39,67.2,3,6,1,9,2
99.5,100.0,100.0,100.0,100.0,100.0,98.92,87.0,0,0,2,12,0
81.25,90.71,95.7,88.61,81.73,80.86,87.08,78.6,4,1,4,4,1
99.5,98.98,95.56,88.8,94.89,95.1,93.12,85.6,2,0,4,12,0
99.5,100.0,100.0,79.97,90.2,75.2,55.61,63.0,3,1,2,11,1
66.46,57.31,63.05,73.39,79.23,65.02,62.02,43.1,3,1,3,3,2
69.7,62.3,62.36,84.7,87.68,80.59,85.32,64.8,2,1,3,7,1
77.24,73.91,79.1,85.98,79.03,81.32,83.87,76.5,3,2,3,5,2
99.5,80.18,90.38,83.86,91.52,77.77,79.59,42.4,1,0,2,2,0
85.81,78.14,80.15,73.74,90.87,61.96,73.93,74.4,6,0,2,7,1
49.01,62.91,59.76,61.6,82.26,66.82,72.25,73.7,7,2,7,4,2
76.76,57.57,68.1,86.19,82.77,76.95,76.61,90.1,4,1,3,11,2
12.0,8.0,15.15,42.93,56.28,30.11,5.0,5.0,5,5,5,9,2
66.53,78.99,73.42,73.15,79.6,76.77,71.03,63.1,4,3,1,8,2
37.68,32.51,36.1,79.25,69.59,82.15,86.52,81.3,1,1,9,4,2
70.63,68.48,72.36,76.06,92.56,74.05,73.7,70.7,4,1,2,6,2
88.04,87.2,90.87,75.07,79.04,72.19,61.76,43.9,3,0,2,9,1
71.18,54.46,64.13,51.17,76.72,51.39,58.73,26.3,3,0,0,3,2
47.45,48.26,46.28,56.68,55.1,44.12,40.99,5.0,2,1,6,11,2
56.71,51.47,58.15,70.5,76.2,49.4,34.84,22.5,2,7,5,13,2
95.3,93.09,100.0,75.18,93.13,90.62,78.28,98.3,3,0,2,9,0
49.2,50.63,43.26,58.44,61.94,42.26,34.97,25.4,5,1,7,8,2
47.66,27.89,35.69,44.35,49.51,35.45,27.3,5.0,4,2,5,9,2
47.67,42.96,42.03,63.1,59.84,40.07,40.42,37.2,2,1,4,8,2
99.5,100.0,98.39,98.75,100.0,100.0,100.0,132.2,2,0,3,13,0
92.8,87.53,86.9,89.51,87.33,93.74,72.36,86.6,1,0,2,4,0
98.13,100.0,100.0,96.38,95.8,94.41,100.0,93.6,1,0,0,12,0
83.41,91.61,80.73,100.0,100.0,100.0,100.0,61.2,2,2,4,2,1
44.96,49.22,44.87,56.56,67.96,61.86,51.72,30.0,2,2,4,2,2
76.52,73.83,73.52,92.65,88.3,76.29,69.63,68.5,0,1,5,4,2
72.04,62.94,72.56,73.81,75.71,68.97,69.3,72.7,1,0,1,4,1
72.09,48.58,62.96,68.35,88.47,81.71,79.49,54.6,4,2,1,8,2
74.59,79.13,70.96,98.42,100.0,100.0,93.1,107.7,0,3,5,9,2
72.14,61.66,69.34,93.27,81.88,74.62,74.51,73.4,6,0,5,6,2
52.68,52.53,48.91,72.03,72.56,64.24,78.63,49.4,4,2,4,8,2
63.06,53.0,54.47,83.58,72.57,66.64,73.69,43.2,3,2,7,2,2
62.01,63.8,67.12,74.22,71.97,63.73,61.07,48.2,5,2,0,2,2
92.78,100.0,93.8,90.65,100.0,100.0,95.99,122.1,1,0,4,5,0
72.78,95.33,83.31,74.23,83.35,83.67,90.01,33.2,2,1,2,13,1
62.73,67.64,62.69,77.31,81.61,87.39,78.77,66.8,3,1,6,10,2
80.97,81.23,82.06,80.56,80.47,54.63,64.68,54.2,2,1,4,11,1
99.5,100.0,100.0,100.0,100.0,100.0,99.24,85.1,2,0,3,12,0
99.5,100.0,100.0,100.0,100.0,100.0,100.0,118.4,0,0,1,2,0
41.53,32.23,36.56,66.07,72.93,67.69,51.31,51.4,2,3,4,3,2
84.4,95.77,83.45,80.7,88.11,82.22,72.55,56.6,4,1,4,7,1
49.46,44.79,51.25,68.9,72.04,56.68,61.97,45.9,5,4,5,6,2
51.37,61.08,56.98,48.94,61.16,45.29,44.85,26.7,7,2,3,6,2
82.3,78.6,82.19,89.77,96.78,92.63,93.9,88.3,1,2,2,7,1
86.27,88.92,86.95,95.39,97.85,91.79,88.57,97.5,1,0,2,6,0
99.5,92.79,100.0,83.08,95.7,92.79,89.1,72.6,6,0,3,6,1
47.65,48.93,46.38,58.69,65.22,69.96,52.25,19.8,6,2,4,9,2
72.63,67.58,72.92,69.2,69.21,57.25,55.33,49.2,4,2,5,7,2
97.52,99.85,100.0,70.26,99.4,79.63,73.15,69.6,3,0,3,2,1
74.76,70.73,73.55,60.25,82.93,61.39,53.35,57.9,4,2,6,7,2
99.5,100.0,98.34,87.07,100.0,91.91,88.98,108.1,1,1,0,3,0
63.57,65.57,62.11,70.7,76.09,65.49,55.97,39.2,2,2,2,11,2
61.54,66.58,61.18,72.88,80.61,70.75,69.28,48.0,2,4,4,4,2
84.78,81.93,83.84,87.98,81.94,91.44,86.56,65.0,1,1,2,4,1
92.49,94.82,100.0,81.36,88.19,76.83,62.3,79.3,4,1,5,9,2
86.01,86.98,88.11,88.37,99.86,94.47,100.0,49.2,1,0,1,10,0
85.39,93.35,89.23,73.04,88.13,62.89,53.71,46.4,3,1,1,10,1
70.33,76.05,73.09,87.52,76.29,98.08,84.27,90.4,0,1,9,5,2
51.12,54.98,46.38,73.74,69.8,72.98,94.42,63.4,5,1,5,11,2
65.35,66.25,65.31,92.29,91.58,91.96,81.42,55.5,0,1,5,6,2
55.49,49.23,49.4,86.43,79.07,65.88,66.89,37.0,2,5,4,12,2
92.88,100.0,100.0,99.31,93.67,100.0,97.79,91.1,4,0,1,13,0
39.22,42.06,36.81,58.86,63.4,54.71,27.37,29.5,4,3,10,7,2
71.31,69.72,65.37,78.01,89.34,96.62,81.74,82.9,2,1,6,2,2
79.74,88.44,76.16,61.89,75.87,69.64,70.85,38.8,6,3,2,9,2
99.5,100.0,96.59,96.91,100.0,93.19,96.84,112.8,1,0,1,11,0
62.9,38.31,41.94,39.18,53.99,27.88,11.66,18.3,6,4,2,13,2
42.34,30.78,38.7,61.4,62.79,56.88,38.15,19.0,4,3,4,4,2
98.33,100.0,99.9,77.28,83.05,83.04,85.59,56.3,3,3,1,6,1
76.42,72.12,70.43,56.42,86.29,56.02,53.77,50.7,2,0,6,9,2
67.79,60.42,68.44,79.28,86.37,53.63,84.81,49.3,5,1,3,4,2
93.77,88.17,90.97,73.46,95.91,75.64,62.78,65.2,4,0,1,10,1
60.29,58.36,58.94,82.03,75.82,70.34,66.07,64.2,4,2,5,3,2
67.04,73.24,72.87,68.05,75.81,67.19,62.49,29.9,2,4,6,3,2
50.6,46.37,53.52,77.45,64.77,66.68,60.61,48.8,6,1,2,5,2
88.97,86.56,83.98,94.42,96.37,85.43,72.64,77.1,4,1,3,7,1
33.4,19.12,22.22,86.64,79.24,89.52,74.81,60.4,1,3,3,12,2
72.14,70.83,70.12,98.27,100.0,95.95,100.0,72.2,1,1,4,9,1
49.63,40.74,52.45,62.79,68.03,56.86,51.84,27.5,4,6,5,11,2
99.5,100.0,96.6,100.0,100.0,100.0,100.0,67.6,2,0,0,9,0
81.12,92.42,89.29,91.9,97.45,100.0,100.0,82.7,3,1,3,12,1
99.5,100.0,95.79,92.57,100.0,100.0,95.91,99.4,0,0,2,11,0
99.5,96.89,97.89,100.0,89.79,96.18,93.7,79.0,0,0,3,9,0
61.4,62.0,59.33,82.71,78.39,76.63,66.48,34.9,2,0,5,8,2
79.24,78.9,80.76,65.86,74.59,61.83,55.19,45.6,5,0,2,9,2
92.6,83.81,89.85,56.27,87.32,78.97,65.18,39.0,1,2,2,2,1
62.69,69.31,61.63,57.32,79.16,88.56,83.12,45.5,5,1,7,4,2
94.17,100.0,94.45,100.0,100.0,100.0,100.0,116.7,1,0,3,6,0
81.84,84.13,78.44,74.58,89.97,86.27,92.04,97.1,3,0,3,10,1
60.99,56.7,60.28,71.44,86.36,70.45,72.02,61.1,4,0,3,3,2
74.52,85.44,74.6,65.75,83.07,73.2,69.67,33.5,6,2,1,10,2
59.98,61.56,60.96,66.82,79.26,61.58,53.96,41.1,5,1,2,11,2
89.65,84.21,89.17,100.0,99.65,82.76,82.33,87.6,2,0,2,7,0
63.74,62.87,66.05,86.87,78.96,79.32,79.52,54.7,3,4,6,6,2
87.29,96.44,93.46,100.0,100.0,100.0,100.0,116.7,0,0,4,8,0
70.52,61.52,68.45,63.75,75.84,66.58,55.75,41.3,7,0,5,7,2
95.3,95.91,91.2,94.62,100.0,100.0,100.0,112.9,3,0,1,13,0
51.02,42.23,44.21,65.38,80.18,66.13,54.98,12.9,2,2,6,7,2
93.11,100.0,92.24,94.75,99.19,91.94,100.0,88.4,0,0,3,4,0
54.23,48.85,51.93,73.15,75.7,53.4,60.77,9.8,6,2,6,4,2
82.96,90.31,90.11,100.0,92.01,100.0,99.67,108.2,3,1,1,11,0
63.11,67.84,62.12,67.25,67.26,67.72,54.54,43.5,5,6,6,2,2
84.06,82.4,82.2,66.25,91.12,80.45,68.12,50.7,1,2,3,7,1
69.41,56.02,69.12,55.17,68.42,60.43,47.11,40.8,4,1,2,6,2
99.5,100.0,94.21,98.21,100.0,78.32,83.9,60.9,5,0,1,9,0
70.9,69.51,76.45,70.54,93.65,79.85,98.63,46.0,2,2,0,12,1
45.55,53.34,51.0,52.79,58.13,48.78,43.78,49.4,3,0,6,11,2
82.64,95.61,84.76,94.67,100.0,100.0,94.16,82.9,1,1,2,12,0
89.06,96.27,90.44,89.81,87.92,90.92,82.15,75.1,0,0,2,6,0
39.01,39.89,46.13,75.33,73.91,73.86,63.64,65.8,4,3,5,8,2
80.82,90.25,82.41,75.73,89.88,79.79,61.93,82.7,2,1,6,7,2
38.02,34.37,39.5,60.77,64.15,51.39,39.73,25.1,2,1,7,9,2
86.92,75.14,90.6,88.45,99.55,90.67,85.18,109.6,1,0,2,5,0
56.0,58.56,56.8,92.31,82.68,89.04,97.36,84.3,1,1,5,12,2
63.25,68.71,65.28,69.24,80.71,82.38,64.88,86.3,2,1,5,8,2
99.5,95.36,100.0,83.14,98.46,94.55,85.54,65.9,0,0,0,8,0
79.13,96.62,81.42,57.59,82.71,73.51,66.73,36.7,4,0,2,12,1
99.5,98.18,98.92,76.64,79.51,76.69,70.65,57.3,3,0,3,6,1
82.62,86.8,85.91,77.66,87.04,81.82,61.01,43.8,5,0,3,8,1
51.65,54.79,46.67,51.3,64.98,54.6,44.09,44.2,4,2,7,13,2
90.99,95.6,88.1,77.74,82.27,64.32,48.36,48.1,3,2,0,12,1
63.78,57.66,59.17,47.06,75.71,57.02,54.83,16.7,4,0,5,10,2
94.71,100.0,98.35,100.0,100.0,95.41,100.0,69.3,3,0,4,12,0
96.58,94.53,93.86,79.59,85.24,80.8,58.5,42.2,2,2,3,6,1
78.18,76.72,77.28,66.12,85.04,57.73,74.95,18.3,2,0,1,3,1
78.09,66.58,76.84,56.19,80.03,48.42,55.48,32.5,4,0,2,3,2
56.07,46.78,54.94,44.25,63.77,54.18,40.36,5.0,6,4,6,9,2
86.14,79.36,75.36,85.75,92.14,95.75,80.07,54.0,4,0,1,4,1
58.45,62.36,60.67,91.4,83.35,98.16,84.05,66.8,4,1,5,11,2
99.5,97.08,100.0,70.58,93.24,85.84,67.22,55.7,3,0,0,3,0
93.77,99.36,95.57,79.58,92.3,73.46,88.1,71.6,4,0,3,5,1
42.77,30.14,40.07,72.56,78.64,74.92,62.78,47.5,3,4,7,10,2
71.72,60.49,70.53,56.56,77.49,50.42,46.31,37.4,3,3,5,7,2
58.15,49.68,56.23,70.37,72.91,74.74,60.72,58.0,2,1,5,10,2
46.88,34.62,41.84,36.39,56.07,20.16,19.1,5.0,8,4,10,4,2
85.69,88.65,87.82,89.51,89.7,93.54,92.54,81.2,1,1,1,4,0
36.49,42.93,29.63,75.14,70.47,73.1,69.39,64.0,6,4,8,13,2
65.65,65.07,71.07,71.99,84.49,70.04,69.38,51.5,6,1,1,3,2
81.04,79.13,85.6,67.53,84.62,69.25,62.96,28.0,4,4,3,4,2
94.47,94.2,99.37,95.28,100.0,100.0,100.0,101.3,0,0,2,6,0
62.77,60.56,62.45,81.01,85.59,69.11,75.17,60.6,1,5,6,6,2
88.93,81.64,88.45,99.83,94.31,83.68,70.39,62.6,2,0,4,7,1
99.5,100.0,100.0,66.41,84.24,64.64,64.63,69.5,2,1,4,11,1
97.53,100.0,99.76,79.11,100.0,89.25,70.38,71.5,1,0,6,7,2
57.5,47.08,59.01,90.12,67.01,79.89,67.46,47.5,3,1,3,9,2
50.58,48.19,42.59,70.06,75.83,53.85,56.55,21.2,5,3,3,3,2
92.34,96.0,95.49,88.07,94.64,100.0,87.73,60.9,1,0,1,11,0
55.77,65.44,56.11,90.18,80.64,86.35,69.43,88.8,4,2,6,2,2
31.47,18.88,22.08,53.46,74.61,52.34,43.87,27.6,6,1,2,9,2
64.17,58.93,61.67,77.92,85.59,72.55,62.05,64.7,4,3,7,11,2
54.26,51.61,48.24,60.75,65.22,62.72,42.16,20.4,6,2,4,5,2
61.29,57.84,54.96,82.11,70.38,69.11,54.86,67.2,2,1,5,2,2
98.3,100.0,92.3,100.0,97.97,100.0,92.59,88.8,2,0,2,7,0
93.63,88.65,89.81,84.46,89.65,67.35,61.15,43.6,5,1,1,2,1
35.66,31.05,36.03,53.18,53.56,46.91,30.57,5.1,5,4,5,9,2
67.6,72.46,72.75,73.08,72.49,63.58,60.04,17.0,4,1,7,4,2
56.46,51.84,62.62,56.18,69.24,74.75,59.64,42.4,7,2,4,8,2
64.0,56.79,59.64,58.58,64.72,57.37,44.34,50.3,3,2,6,9,2
99.5,100.0,100.0,100.0,100.0,100.0,91.63,91.9,3,0,1,9,0
79.68,82.8,81.59,79.21,91.64,77.57,89.36,62.1,3,0,1,9,1
83.35,84.92,84.55,74.69,84.87,69.43,70.92,45.4,2,1,3,13,1
87.08,96.48,92.15,85.9,97.1,76.45,70.72,56.4,6,1,3,9,1
58.33,48.6,57.83,72.72,73.59,67.6,64.18,34.7,3,1,5,12,2
59.92,58.56,61.32,78.22,78.43,77.33,80.36,35.2,2,3,5,13,2
92.87,86.16,88.73,80.36,88.78,76.84,77.43,54.4,5,2,0,8,1
63.46,63.88,65.96,80.11,83.24,94.91,92.79,77.8,0,2,2,6,1
59.86,45.51,51.89,55.48,69.52,59.16,48.27,31.8,1,0,5,7,2
94.54,97.68,98.08,92.76,100.0,90.83,92.89,105.0,1,0,1,7,0
26.11,24.83,26.09,71.84,62.45,56.1,71.63,37.4,2,6,4,12,2
92.56,76.81,79.1,89.85,100.0,87.98,68.68,66.6,2,1,1,5,1
42.86,32.13,38.23,45.13,56.54,40.75,30.58,16.1,5,1,3,4,2
45.05,46.1,49.18,90.25,82.02,80.81,78.74,53.1,4,2,6,10,2
91.03,90.2,90.21,91.59,90.93,88.1,71.41,58.7,0,3,3,12,1
64.07,51.86,60.35,79.22,85.7,78.61,63.46,57.5,4,3,5,7,2
84.69,95.82,87.0,85.13,92.11,97.69,81.64,83.4,2,0,4,2,1
99.5,100.0,98.59,80.73,84.83,81.95,74.91,65.1,4,1,0,12,1
59.02,61.67,63.82,55.56,61.07,54.98,49.52,5.0,3,1,2,12,2
49.96,43.51,45.79,69.67,72.7,61.14,59.01,37.5,2,3,7,11,2
91.24,98.45,89.38,92.8,100.0,92.57,92.74,76.2,0,0,2,6,0
69.53,63.15,58.38,58.12,82.29,78.97,68.42,39.5,2,1,2,3,1
70.05,55.35,61.42,39.35,73.39,45.7,26.52,6.7,5,1,1,2,2
71.14,64.51,64.22,74.57,86.03,81.41,74.03,62.4,2,0,3,9,1
87.52,96.23,84.88,100.0,100.0,99.17,94.65,101.1,1,0,1,2,0
93.62,100.0,91.75,100.0,100.0,97.37,97.97,103.9,0,2,4,2,0
51.31,58.24,49.98,54.03,68.12,73.15,48.04,31.5,3,0,6,5,2
84.95,88.78,82.17,90.23,96.02,98.35,94.8,56.0,0,1,2,12,0
83.31,85.53,89.68,100.0,97.82,99.13,94.6,84.3,1,0,2,5,0
74.39,72.21,66.96,72.95,83.25,63.08,52.09,63.8,5,3,5,4,2
95.44,100.0,99.48,95.49,93.57,81.43,72.36,72.0,3,0,4,10,1
58.13,63.75,62.41,51.13,67.3,43.82,37.47,31.8,6,1,1,11,2
89.06,100.0,95.68,100.0,94.86,100.0,100.0,107.2,1,0,4,6,0
68.87,82.81,73.98,100.0,91.16,93.72,100.0,82.5,0,0,2,7,0
24.11,22.88,28.71,45.24,41.66,24.63,19.44,5.0,8,7,7,11,2
28.35,21.84,25.88,60.16,56.79,35.2,42.84,27.6,3,1,10,5,2
34.55,27.85,31.16,47.82,46.98,31.81,25.55,9.3,7,5,6,8,2
30.3,28.23,34.18,40.88,47.12,38.96,15.03,5.0,6,3,6,9,2
80.87,86.16,82.18,75.42,80.49,72.96,79.94,37.4,0,0,2,7,0
52.68,57.82,48.27,61.41,75.47,67.69,76.66,64.4,6,3,3,5,2
34.9,27.65,34.15,62.66,77.07,64.49,54.37,55.9,7,5,5,10,2
82.36,96.82,92.2,100.0,94.71,97.36,84.87,71.1,0,0,3,4,0
92.88,87.8,92.12,83.44,90.18,59.96,70.71,45.9,6,1,4,3,2
85.14,100.0,89.34,95.15,100.0,100.0,100.0,93.3,0,1,4,2,0
82.35,81.53,83.08,84.88,88.73,72.94,65.36,51.2,7,0,1,7,1
42.53,37.34,43.29,84.29,75.7,75.35,74.13,16.6,4,2,8,6,2
89.83,77.18,80.89,93.47,83.61,87.8,72.76,72.9,7,0,1,7,1
84.16,87.1,77.11,90.2,100.0,100.0,90.78,73.4,0,0,2,4,0
51.72,41.31,47.21,77.74,72.94,65.44,55.95,44.4,3,4,5,5,2
78.18,72.68,80.24,70.59,87.3,75.07,75.95,52.8,2,2,6,8,2
50.98,45.91,44.51,32.43,60.87,32.3,34.51,5.0,8,2,1,5,2
99.5,98.86,94.14,100.0,100.0,100.0,100.0,121.3,0,0,1,4,0
99.5,100.0,100.0,100.0,100.0,100.0,100.0,112.8,0,0,4,13,0
99.5,100.0,98.76,100.0,98.19,100.0,100.0,102.2,0,0,1,13,0
33.46,19.9,25.54,35.74,46.11,21.05,28.2,5.0,2,3,4,5,2
45.56,48.74,51.42,66.81,61.52,57.26,39.16,20.0,6,2,4,2,2
99.5,93.52,94.54,100.0,87.82,91.85,100.0,96.7,1,0,1,9,0
99.5,100.0,100.0,97.77,100.0,100.0,100.0,93.8,2,0,2,7,0
93.6,100.0,99.39,91.16,95.07,82.35,91.54,79.2,4,1,1,9,1
93.31,100.0,95.02,100.0,100.0,99.61,91.68,121.2,0,0,3,3,0
65.84,60.75,67.27,72.04,65.55,60.37,62.1,41.9,2,1,3,12,2
96.61,100.0,100.0,91.49,89.98,83.75,74.55,61.1,1,0,4,2,0
54.69,53.18,54.85,68.97,75.03,69.93,77.23,67.9,5,7,4,7,2
89.75,95.57,90.46,100.0,94.32,100.0,100.0,77.0,1,0,4,12,0
71.52,73.47,77.99,79.68,90.74,82.82,77.82,62.3,4,0,6,2,2
94.89,96.77,99.23,95.31,100.0,92.14,83.52,70.5,0,1,2,2,0
99.5,97.72,100.0,86.71,95.88,91.64,88.98,36.7,5,0,1,5,0
99.5,100.0,99.92,96.62,98.93,100.0,90.04,86.9,0,0,2,8,0
76.29,72.76,72.79,83.54,89.5,88.85,80.17,79.1,2,2,7,12,2
99.5,100.0,91.95,100.0,97.02,96.21,98.27,68.4,5,0,1,8,0
40.79,45.07,44.51,42.33,55.65,32.15,25.28,5.0,14,2,8,4,2
74.64,76.69,74.09,77.26,92.43,89.07,93.34,108.1,0,0,2,11,0
76.65,89.72,82.5,100.0,98.96,96.39,100.0,91.3,2,2,6,5,2
99.5,100.0,100.0,100.0,100.0,100.0,95.41,125.5,0,0,0,13,0
57.42,64.75,65.21,77.29,83.94,85.25,74.24,59.6,1,0,6,10,2
27.86,20.2,26.74,58.44,56.04,36.46,61.61,34.3,7,3,6,13,2
60.64,36.7,51.14,54.29,67.28,67.22,54.38,25.2,6,4,4,5,2
84.17,85.37,87.75,82.39,89.22,81.95,82.92,60.2,3,0,8,6,2
64.06,58.85,65.7,84.23,74.6,77.81,82.49,54.6,2,3,3,3,2
88.86,91.07,88.15,83.03,99.52,86.5,91.9,102.4,1,0,6,6,2
60.25,60.16,59.16,66.08,70.49,53.46,28.08,20.2,1,4,3,2,2
71.02,85.86,77.6,90.75,91.13,73.83,79.89,57.1,2,1,3,7,1
99.5,99.29,96.39,100.0,100.0,100.0,100.0,117.7,1,0,0,11,0
65.32,62.64,61.56,70.67,83.12,67.69,56.96,24.9,3,3,5,13,2
99.5,100.0,95.18,100.0,100.0,100.0,96.03,96.1,2,0,0,2,0
96.25,100.0,100.0,100.0,100.0,100.0,100.0,113.2,1,0,5,9,2
58.8,54.78,51.87,55.68,73.42,49.96,37.13,19.1,7,5,4,11,2
94.71,100.0,91.47,88.68,100.0,100.0,84.65,93.2,3,0,0,9,0
61.27,59.08,51.31,78.77,83.63,81.83,65.18,67.5,0,0,9,9,2
41.26,35.46,41.53,44.53,52.51,50.35,54.71,22.1,4,5,7,13,2
81.39,87.74,80.01,93.99,89.22,89.71,86.39,54.5,5,2,1,9,1
99.5,93.94,100.0,76.34,92.88,73.6,65.87,63.0,4,0,3,6,1
81.12,76.02,78.99,79.45,83.47,71.17,63.3,35.7,4,0,6,11,2
64.4,63.47,69.14,71.28,71.34,72.51,68.74,45.1,6,3,4,11,2
91.74,89.61,87.53,74.85,97.28,82.68,88.54,80.4,0,1,1,12,0
98.31,93.57,96.74,87.01,100.0,87.9,76.82,72.1,1,1,4,12,1
91.67,89.35,95.23,90.49,100.0,98.64,96.29,85.0,2,0,1,9,0
67.91,59.35,69.51,48.94,67.02,40.8,44.83,5.0,6,3,8,4,2
99.5,100.0,100.0,87.01,98.18,83.79,70.56,40.1,3,0,0,2,0
89.63,90.79,92.29,84.41,76.85,66.22,70.42,27.0,3,2,2,2,1
32.39,20.0,27.58,66.11,53.74,56.77,44.7,15.8,5,1,4,9,2
99.5,100.0,100.0,100.0,100.0,100.0,100.0,89.0,1,0,3,10,0
79.78,75.15,72.78,71.16,82.43,68.74,45.06,43.1,5,0,5,3,2
63.22,75.54,66.39,84.02,78.76,72.37,65.94,73.7,1,0,5,6,2
82.31,88.56,90.33,100.0,98.1,93.84,100.0,96.0,2,0,4,2,1
79.15,91.4,87.49,100.0,100.0,100.0,100.0,98.3,0,0,0,7,0
55.13,48.86,47.87,48.4,70.76,58.31,60.93,34.1,6,1,2,7,2
77.97,77.85,79.33,100.0,88.0,75.53,78.15,61.9,2,1,3,11,1
79.6,90.67,80.2,86.4,80.96,73.58,83.49,57.8,2,1,1,7,1
94.16,94.92,93.31,88.77,84.49,85.85,85.53,60.1,5,0,2,12,1
65.44,70.04,73.11,67.29,68.34,68.85,51.2,25.7,9,1,1,9,2
60.27,56.81,51.68,75.05,83.02,61.67,62.62,46.2,5,2,6,9,2
87.21,86.56,81.85,83.28,78.85,74.68,73.8,90.4,3,1,4,5,1
68.86,72.86,70.98,63.9,79.13,75.96,72.44,65.6,5,1,1,5,2
68.3,63.19,68.24,58.36,75.63,57.01,62.55,33.6,6,1,5,6,2
66.33,59.4,62.49,77.66,84.82,71.18,51.38,55.8,2,4,4,3,2
54.13,35.6,51.72,35.89,58.58,15.04,5.0,5.0,8,1,4,7,2
96.34,100.0,96.81,94.38,91.76,100.0,97.62,98.1,3,0,1,10,0
29.7,8.77,22.83,70.36,61.57,60.22,31.24,15.4,7,4,9,6,2
33.87,27.07,31.52,30.35,44.83,31.28,26.33,5.0,4,4,6,5,2
84.19,76.57,80.28,86.4,91.04,94.55,85.34,72.7,2,1,6,12,2
99.5,100.0,100.0,99.51,98.19,93.32,95.55,104.6,3,0,0,13,0
82.59,91.86,82.88,79.97,84.45,65.78,76.1,46.3,2,2,4,5,1
80.15,74.48,83.17,89.02,80.34,70.27,75.8,58.3,2,1,3,2,1
57.94,60.91,62.93,81.56,69.21,67.49,85.25,31.6,3,6,5,5,2
74.57,82.31,81.43,63.88,73.44,66.5,57.87,13.5,6,3,5,8,2
99.5,99.07,100.0,92.0,89.78,96.6,93.13,76.4,1,0,0,8,0
99.5,100.0,100.0,93.36,100.0,100.0,100.0,106.3,3,0,2,3,0
51.5,53.73,52.84,74.26,72.61,69.87,66.02,64.9,4,5,5,9,2
83.47,96.96,90.47,100.0,95.22,94.18,91.93,79.0,1,0,1,12,0
81.61,99.7,86.84,94.1,77.99,83.32,73.97,61.4,4,2,2,12,1
72.54,66.75,70.0,78.72,83.7,81.61,57.72,25.6,1,2,2,6,1
99.5,100.0,96.36,100.0,100.0,100.0,100.0,95.5,2,0,1,5,0
70.14,60.75,72.01,53.03,76.18,49.78,58.17,27.1,3,4,1,3,2
97.07,89.29,90.09,78.68,100.0,70.38,86.28,69.2,2,0,3,4,1
75.34,69.75,69.95,71.83,77.08,59.26,45.42,43.5,3,1,3,3,2
56.17,52.48,53.92,62.71,77.51,67.59,62.12,58.3,4,3,1,8,2
95.27,100.0,92.66,91.3,94.96,89.26,100.0,74.2,3,0,3,2,0
99.5,100.0,97.09,98.56,100.0,99.02,85.94,66.9,0,0,1,7,0
69.47,74.7,70.04,84.44,88.79,87.23,86.54,81.5,3,3,3,6,2
68.72,84.44,77.88,100.0,97.24,100.0,91.92,87.1,2,1,5,2,2
85.4,99.0,84.78,85.16,84.46,70.68,75.88,46.6,2,0,1,6,0
79.36,79.11,77.18,79.18,84.39,73.94,70.54,62.3,12,1,4,4,2
88.61,89.5,90.15,88.62,99.31,89.85,83.94,89.4,5,0,2,11,1
98.82,100.0,100.0,100.0,100.0,100.0,100.0,117.9,1,0,4,9,0
61.98,52.42,68.72,37.43,63.94,44.37,44.17,5.0,4,0,2,11,2
66.85,64.63,71.86,83.71,97.27,90.4,78.22,84.6,2,1,0,12,1
69.93,59.54,72.59,73.45,83.37,78.38,66.66,62.9,4,2,3,7,2
73.69,69.85,66.09,100.0,100.0,100.0,100.0,70.9,1,0,5,2,2
72.37,77.85,75.79,72.46,83.17,66.37,73.79,52.8,2,3,4,12,2
53.96,55.34,57.0,50.08,73.42,61.86,50.94,16.5,4,2,4,2,2
85.07,91.2,82.51,76.49,99.49,90.07,83.12,72.7,1,1,1,7,0
99.5,100.0,98.75,100.0,100.0,95.33,96.27,82.3,4,0,1,2,0
65.24,65.51,68.59,81.71,92.47,96.4,94.13,53.1,2,2,2,10,1
99.26,94.87,100.0,100.0,100.0,100.0,89.13,56.6,5,0,2,7,0
99.5,99.44,100.0,89.79,95.43,91.82,85.57,82.8,2,0,1,7,0
87.0,85.88,87.1,94.45,90.47,94.58,91.8,48.5,2,0,3,3,0
58.38,45.14,51.19,65.63,80.56,63.25,57.8,41.0,3,3,8,6,2
99.5,100.0,100.0,95.73,95.36,100.0,91.58,111.4,5,0,0,6,0
82.43,79.95,82.3,94.29,93.52,80.31,77.52,91.8,3,0,2,9,1
88.12,93.26,91.96,89.41,100.0,100.0,96.33,80.4,0,0,2,5,0
78.76,70.52,68.19,97.28,88.2,92.87,75.7,80.3,0,2,5,4,2
83.32,86.77,84.66,77.68,79.32,67.44,74.7,55.7,2,0,6,13,2
81.98,85.58,85.06,75.09,76.85,72.26,81.66,69.5,5,3,7,8,2
85.36,88.9,86.73,100.0,100.0,100.0,100.0,85.4,1,0,2,8,0
99.5,100.0,99.17,87.04,97.8,76.7,98.43,92.1,2,0,1,8,0
88.7,92.73,89.7,90.63,100.0,95.02,87.08,98.7,1,0,1,11,0
89.12,92.3,86.83,72.01,93.01,84.23,89.61,64.2,3,1,2,8,1
99.5,90.03,99.35,77.64,100.0,86.8,74.94,51.8,2,1,0,10,0
64.18,60.79,61.72,78.51,91.71,80.15,69.62,49.3,3,1,10,4,2
68.06,62.83,56.03,73.29,85.6,88.32,59.07,71.7,2,0,2,4,1
85.49,93.32,86.02,74.92,84.24,83.48,72.11,89.5,3,1,3,11,1
70.62,79.24,70.84,87.08,93.95,87.56,63.16,69.5,2,0,3,8,1
48.51,41.48,44.54,66.43,66.19,65.24,74.02,40.6,2,4,9,5,2
42.08,38.93,38.29,56.27,65.03,61.04,48.85,52.2,5,4,5,10,2
84.32,97.6,88.93,96.31,98.36,95.33,100.0,86.8,1,1,4,13,0
99.5,100.0,100.0,100.0,100.0,100.0,100.0,96.7,2,0,2,6,0
62.17,43.88,52.06,54.74,59.71,46.7,31.77,13.2,4,1,6,6,2
86.32,95.97,90.19,79.23,86.8,95.16,89.91,74.8,2,0,4,3,1
99.5,100.0,100.0,76.01,100.0,89.54,71.1,76.5,5,1,2,3,1
48.44,46.32,46.21,52.39,60.53,58.99,54.26,31.9,1,2,4,13,2
88.28,95.07,93.5,65.25,94.07,73.56,72.79,44.7,3,1,3,2,1
43.05,42.38,48.09,33.58,62.21,36.93,46.11,5.0,1,1,5,13,2
99.5,100.0,95.92,100.0,100.0,94.09,97.44,109.6,0,0,2,7,0
99.5,93.11,98.25,84.79,93.64,95.12,87.26,82.6,5,0,1,5,1
80.53,70.36,84.81,77.8,81.23,72.54,70.14,92.0,2,0,1,2,1
87.59,94.55,91.2,93.83,96.3,98.85,100.0,82.6,1,1,6,6,2
50.91,46.82,46.05,58.03,73.39,57.89,55.29,39.8,6,4,1,7,2
65.75,63.88,67.0,59.57,77.78,57.56,46.0,35.4,5,3,0,13,2
28.3,36.79,30.85,57.04,61.99,61.16,42.81,41.7,4,3,8,7,2
55.71,60.16,52.34,68.25,81.34,61.23,60.05,60.8,5,3,6,4,2
90.79,92.73,90.85,80.13,97.94,100.0,86.47,59.8,0,2,2,4,0
81.25,75.8,74.59,78.34,82.75,74.03,66.44,53.5,3,3,6,5,2
84.44,89.73,79.88,55.22,90.95,81.53,73.62,64.0,4,0,3,4,1
48.74,38.41,48.28,23.32,46.48,13.06,5.0,5.0,5,2,5,8,2
73.2,72.44,63.55,81.42,76.45,71.82,66.42,42.4,4,2,4,7,2
99.5,84.16,99.26,88.89,100.0,95.47,85.93,74.9,0,0,1,13,0
65.81,57.35,64.87,78.61,81.03,78.71,73.26,45.7,3,1,10,8,2
71.04,76.81,79.21,81.78,68.04,61.74,60.65,37.5,3,0,3,8,2
99.5,92.26,100.0,86.76,100.0,80.56,65.3,72.0,7,0,3,9,1
73.56,73.85,78.16,71.93,82.73,56.73,58.34,58.1,5,1,4,12,2
68.98,67.99,66.89,54.0,76.3,50.26,58.49,44.3,6,2,6,9,2
66.62,54.2,59.42,63.21,76.98,45.92,35.73,40.0,4,1,3,2,2
95.83,100.0,97.87,100.0,100.0,100.0,93.84,63.0,3,0,0,9,0
99.5,100.0,100.0,85.69,99.09,89.29,78.51,76.7,0,0,0,6,0
74.89,80.91,84.75,100.0,100.0,99.17,99.01,114.9,1,0,2,4,0
53.73,41.75,45.16,52.91,79.98,56.25,52.25,29.5,5,1,2,8,2
30.99,30.27,33.96,42.14,58.32,28.97,35.16,5.0,8,5,6,2,2
76.71,67.39,73.33,86.23,77.33,75.49,77.59,66.4,3,1,3,2,2
80.19,73.13,77.68,79.63,95.72,75.01,74.04,71.8,4,0,4,9,1
81.44,87.39,86.3,94.34,94.71,93.22,94.88,70.4,0,1,7,9,2
78.45,68.97,64.55,64.34,79.59,61.28,56.88,22.6,2,1,1,3,1
99.5,100.0,99.8,100.0,100.0,91.34,100.0,83.1,1,0,0,11,0
70.0,62.1,62.05,67.79,89.59,68.88,67.92,61.8,2,1,5,5,2
44.16,46.71,48.07,56.72,58.78,65.17,51.53,64.4,2,4,8,10,2
88.6,100.0,94.18,89.51,89.65,86.54,89.82,52.8,2,0,4,9,1
84.89,97.61,96.5,100.0,100.0,100.0,100.0,76.6,1,3,8,13,2
81.72,75.73,85.43,92.32,85.25,58.26,82.94,75.1,5,0,3,7,1
63.73,68.27,63.04,97.35,88.35,77.96,74.25,57.9,5,1,6,7,2
83.83,95.13,89.23,84.62,94.54,81.62,80.18,76.9,4,0,4,6,1
70.13,58.45,72.14,80.87,74.25,69.72,60.46,43.9,6,1,2,4,2
99.5,100.0,100.0,89.58,93.48,83.6,84.89,96.6,3,0,0,3,0
90.03,97.54,95.78,97.85,100.0,90.38,100.0,69.9,4,0,4,10,1
99.5,100.0,100.0,100.0,97.23,92.0,100.0,99.8,1,0,2,11,0
75.48,83.11,84.36,85.73,94.09,89.81,100.0,68.3,3,0,4,6,1
54.53,55.11,55.65,68.11,76.37,65.86,59.45,61.6,5,2,7,7,2
78.45,88.52,86.7,100.0,84.84,96.57,96.97,68.6,3,0,3,7,1
73.73,65.15,74.23,75.22,78.45,74.53,71.88,36.0,2,3,7,3,2
89.53,87.24,95.59,99.92,89.95,82.32,77.81,75.6,2,0,7,2,2
53.63,55.72,55.01,87.05,87.82,79.94,76.42,59.7,3,2,9,5,2
89.74,88.43,94.5,77.62,87.24,94.1,91.65,75.6,1,1,7,6,2
27.92,18.18,22.82,48.39,69.2,41.67,46.86,15.6,3,4,4,10,2
73.92,89.2,81.84,66.82,80.37,80.17,74.89,84.4,3,2,2,6,1
86.59,100.0,95.52,84.96,90.55,73.45,67.21,64.7,0,0,1,11,0
91.84,77.88,89.56,100.0,100.0,95.22,99.53,61.6,2,1,3,3,1
60.38,63.34,63.03,83.38,86.01,74.89,82.07,61.0,1,2,6,13,2
99.5,97.24,98.82,100.0,100.0,100.0,98.9,93.7,2,0,4,12,0
38.19,46.16,44.37,75.71,73.95,73.18,69.28,46.8,0,4,3,3,2
94.37,99.14,98.55,93.9,100.0,98.12,100.0,78.8,2,0,3,11,0
73.28,77.33,75.55,47.16,59.43,47.59,50.84,12.3,8,0,1,2,2
84.83,80.03,86.0,85.34,83.71,69.35,69.66,41.6,1,0,1,11,0
92.05,92.5,86.51,100.0,98.09,100.0,100.0,75.5,1,1,2,3,0
95.85,95.84,97.82,71.31,86.2,82.47,74.35,72.6,3,0,1,10,0
97.81,96.51,90.76,97.65,96.55,78.5,84.31,57.8,1,1,5,2,2
49.67,44.09,44.28,59.68,65.97,39.81,44.98,30.3,4,3,4,4,2
56.72,61.31,60.04,58.3,78.94,44.23,53.04,19.3,5,2,4,8,2
79.66,86.57,82.32,83.65,97.06,89.79,97.17,64.9,3,0,2,4,1
99.5,100.0,93.16,100.0,100.0,100.0,96.65,82.7,2,0,0,4,0
90.32,95.34,84.91,83.42,99.5,99.42,87.66,91.0,0,0,3,4,0
79.67,67.1,73.73,65.49,89.4,79.43,65.21,44.4,1,2,4,10,2
72.85,55.29,59.09,58.4,79.82,66.41,51.14,66.8,2,1,0,2,1
98.25,100.0,93.58,98.21,100.0,100.0,96.49,63.6,0,0,2,10,0
85.77,89.39,84.91,100.0,100.0,100.0,100.0,89.0,2,0,2,12,0
42.11,37.54,43.97,21.93,43.59,12.05,9.93,5.0,4,2,7,8,2
85.13,85.58,80.7,80.01,86.98,88.32,70.53,55.9,1,0,2,11,0
75.03,74.41,66.22,58.68,81.44,54.36,80.46,56.2,3,1,4,9,2
99.5,100.0,100.0,83.12,100.0,85.13,83.97,69.4,5,0,1,2,0
42.3,42.67,45.87,60.5,58.8,38.63,33.11,9.8,8,1,0,5,2
60.99,57.53,61.13,82.19,82.14,83.56,63.34,56.9,4,1,1,6,2
55.76,56.19,55.79,74.35,78.78,67.14,74.31,44.2,1,1,7,4,2
65.14,66.79,74.14,82.66,86.37,74.88,75.39,74.6,1,1,3,3,1
32.59,30.23,32.98,64.26,58.13,49.82,63.62,5.0,4,2,3,10,2
82.5,86.88,84.5,86.99,87.72,95.74,79.78,41.8,3,1,4,8,1
38.12,18.9,30.11,39.62,50.24,27.19,17.74,5.0,6,1,4,9,2
80.97,82.77,83.4,79.16,87.09,75.88,70.97,78.5,4,2,0,4,1
57.0,41.37,48.14,51.78,73.62,56.94,43.04,23.1,4,1,5,7,2
68.5,74.3,75.16,83.8,94.65,97.79,100.0,101.4,0,0,2,12,0
36.62,34.37,40.98,67.16,59.02,64.39,67.8,56.8,4,2,4,10,2
99.5,98.77,100.0,99.71,100.0,89.16,90.2,109.3,0,0,3,6,0
99.5,100.0,99.51,100.0,100.0,100.0,100.0,78.0,2,0,3,5,0
95.21,93.36,96.02,88.46,86.23,82.24,76.52,72.7,1,0,1,6,0
64.16,58.3,56.63,69.71,66.27,61.39,36.06,24.9,7,3,0,2,2
62.87,64.64,58.53,57.92,64.36,53.66,53.65,32.7,4,6,1,8,2
71.65,77.47,76.95,87.06,81.41,86.27,71.45,63.1,1,1,4,5,1
71.49,75.15,76.54,61.52,72.09,68.25,50.2,32.3,5,4,3,9,2
77.08,94.57,76.76,89.7,92.27,90.65,78.24,80.5,2,2,8,13,2
99.5,100.0,94.55,100.0,100.0,97.03,100.0,72.3,2,0,1,3,0
58.03,41.3,47.95,53.57,64.15,56.66,49.17,49.8,3,5,8,3,2
75.54,70.41,74.98,83.91,86.84,67.85,85.62,56.9,1,1,1,12,1
58.83,71.6,61.96,78.81,86.32,80.85,90.02,59.1,1,3,4,10,2
33.89,25.71,26.13,46.31,68.06,51.24,50.17,12.4,5,2,10,6,2
99.5,100.0,98.43,95.85,100.0,100.0,100.0,108.2,1,0,1,2,0
92.62,100.0,94.1,83.88,100.0,99.78,97.45,56.4,3,0,3,12,0
77.36,76.85,80.8,71.42,91.22,82.15,79.59,71.6,6,1,4,7,2
70.17,80.55,73.05,65.02,75.74,54.32,64.79,47.4,3,2,1,12,2
85.59,92.18,93.94,100.0,100.0,100.0,100.0,119.9,2,0,1,4,0
90.81,100.0,86.12,94.88,99.67,100.0,96.96,77.4,1,1,1,9,0
56.23,49.05,55.33,68.22,67.22,65.41,56.67,65.0,5,2,9,5,2
81.6,84.54,91.11,100.0,94.63,100.0,90.33,124.0,0,1,5,4,2
83.58,74.6,79.62,52.39,66.62,66.87,61.18,45.6,8,5,2,2,2
69.42,61.6,65.33,73.97,68.14,71.54,53.67,50.7,1,3,5,3,2
99.5,100.0,97.04,80.48,91.84,70.52,62.1,74.9,4,0,0,8,0
99.01,94.27,91.38,100.0,100.0,91.17,91.67,80.7,1,0,1,3,0
38.78,24.31,37.51,54.01,61.72,52.63,51.67,39.0,5,3,8,5,2
74.96,75.39,71.97,70.4,76.61,65.08,62.77,52.8,7,1,4,9,2
99.5,85.01,97.62,76.59,98.54,79.58,83.94,56.3,2,0,0,4,0
85.91,75.05,83.35,68.4,84.89,76.14,80.02,65.8,7,2,1,5,2
79.31,79.53,82.02,77.71,91.07,82.85,58.63,34.7,1,0,6,9,2
99.5,100.0,95.91,93.69,100.0,96.82,86.0,60.9,2,0,1,11,0
65.32,64.48,66.37,91.13,80.89,87.57,79.66,51.7,4,1,5,10,2
64.5,64.77,64.62,68.18,81.24,59.28,47.8,18.8,7,1,4,13,2
97.4,99.26,98.87,100.0,100.0,100.0,100.0,115.0,2,0,4,13,0
55.93,61.94,48.16,47.17,68.12,53.69,42.95,34.0,5,2,6,3,2
75.88,83.04,80.71,72.3,84.36,69.25,83.93,60.4,2,1,6,7,2
57.52,51.9,64.32,66.54,83.83,88.74,59.01,52.6,7,4,7,5,2
94.48,99.94,91.45,96.41,100.0,100.0,85.18,107.7,0,0,2,11,0
73.69,60.98,72.65,84.96,82.87,79.12,87.23,89.7,2,0,4,13,1
66.59,70.1,66.98,66.0,77.84,57.04,56.13,36.0,5,2,2,5,2
20.39,8.32,11.66,71.1,73.38,68.32,68.63,49.2,4,7,10,3,2
99.5,99.67,96.75,97.36,100.0,90.85,80.98,76.4,1,0,2,12,0
73.12,72.94,78.88,87.66,81.45,82.35,95.23,56.1,2,2,6,11,2
52.58,37.3,47.93,52.95,74.95,62.16,54.64,16.5,6,2,2,6,2
86.18,87.41,86.14,99.05,100.0,97.55,100.0,84.4,4,0,1,13,0
88.93,93.75,84.47,92.81,83.41,78.76,78.93,74.6,5,0,3,9,1
99.5,99.97,100.0,89.24,92.46,91.69,85.99,93.3,1,0,3,8,0
79.86,90.79,88.33,90.27,87.48,93.34,82.75,60.4,1,0,4,4,1
68.59,72.08,71.12,67.34,76.62,74.69,58.62,21.2,1,1,3,9,1
83.31,78.24,76.82,70.49,88.99,85.88,77.42,58.3,3,1,6,7,2
98.01,100.0,100.0,98.06,100.0,95.51,95.73,95.6,1,0,2,9,0
73.3,64.59,77.43,44.89,66.49,54.36,33.4,32.7,1,7,1,5,2
47.29,45.8,46.09,86.24,77.15,76.6,84.08,73.7,2,2,5,7,2
85.66,92.41,92.36,56.53,77.63,65.14,30.57,15.1,4,2,2,9,2
71.81,75.25,72.23,79.54,89.32,80.02,63.88,46.9,0,1,5,12,2
99.5,91.88,95.89,80.92,100.0,87.92,95.22,86.1,2,0,4,12,0
60.95,53.88,59.08,70.07,71.81,72.12,58.29,24.3,6,0,4,11,2
68.14,64.01,65.13,90.21,77.61,59.41,73.01,51.9,2,3,7,11,2
92.85,100.0,93.74,100.0,100.0,100.0,100.0,133.3,0,0,4,2,0
99.5,100.0,99.77,94.03,96.59,77.61,100.0,53.7,5,0,1,4,0
94.23,100.0,100.0,89.2,91.87,79.84,64.92,60.2,3,0,5,5,2
88.38,92.73,90.36,100.0,95.64,89.41,96.28,63.0,3,0,1,11,0
99.5,98.55,99.0,88.17,100.0,100.0,100.0,94.9,2,0,0,12,0
22.2,20.91,22.5,39.06,52.24,31.14,20.77,5.0,7,2,7,12,2
80.66,85.42,88.82,83.11,99.48,99.77,100.0,86.8,2,0,5,2,2
99.5,95.65,94.1,79.8,100.0,100.0,100.0,90.3,0,0,5,11,2
85.55,91.9,90.65,77.4,86.59,83.43,92.71,64.8,2,2,4,7,1
48.26,37.58,47.57,68.01,62.88,60.95,54.65,41.6,0,1,6,2,2
96.9,100.0,97.43,60.17,86.56,68.55,70.14,66.8,2,1,2,5,1
82.73,77.27,85.57,75.63,78.16,64.41,57.15,45.4,3,1,3,3,2
91.74,93.79,96.27,92.79,100.0,96.93,86.55,97.0,4,0,2,4,0
72.05,56.98,69.67,100.0,95.39,100.0,78.69,57.6,1,2,2,8,1
46.8,49.56,42.77,53.36,67.05,52.6,52.93,35.3,4,0,5,8,2
82.42,73.31,76.82,70.84,81.45,70.73,75.03,56.5,6,0,3,4,2
58.75,49.32,52.5,60.17,65.14,56.8,61.2,41.5,4,3,4,11,2
99.5,100.0,100.0,100.0,100.0,100.0,99.85,89.2,1,0,2,12,0
78.6,78.29,82.09,80.4,84.87,71.0,65.44,33.6,2,1,4,11,1
44.51,56.45,48.04,57.08,60.99,47.52,54.35,5.0,4,3,5,9,2
85.39,74.69,80.33,77.13,98.31,95.61,74.99,66.6,0,0,3,5,0
99.5,100.0,100.0,91.76,100.0,93.91,92.35,97.9,0,0,0,6,0
97.51,100.0,99.26,80.55,89.71,76.36,83.13,63.4,4,0,2,4,1
74.8,74.37,76.47,91.32,100.0,97.08,74.92,74.9,2,2,5,3,2
55.78,53.41,53.95,69.36,69.11,66.82,54.16,50.6,7,4,5,11,2
48.91,65.93,60.71,53.16,70.12,72.15,58.81,12.3,4,2,3,6,2
83.04,86.31,85.94,89.67,97.31,75.58,92.25,62.2,2,1,3,10,1
58.49,62.29,60.66,55.57,74.71,55.48,34.79,27.7,6,2,5,8,2
62.28,58.23,61.64,46.22,58.31,13.62,28.14,35.9,6,0,1,9,2
72.89,84.88,75.8,100.0,100.0,100.0,100.0,101.8,4,1,5,2,2
95.97,96.53,92.41,87.95,91.86,93.79,79.75,51.1,1,0,2,5,0
80.6,74.6,78.36,100.0,93.3,100.0,99.92,106.8,4,0,7,2,2
84.11,94.81,94.4,76.31,86.11,90.34,86.25,65.8,1,0,4,3,1
98.23,100.0,97.76,100.0,100.0,100.0,93.38,85.9,1,0,1,5,0
77.64,84.27,84.38,97.98,93.07,84.26,92.56,50.4,2,1,2,6,1
92.37,94.86,91.76,98.59,97.94,81.48,90.19,101.6,2,0,2,12,0
87.95,87.44,80.26,94.44,90.87,89.28,89.16,60.7,1,3,1,4,1
81.07,95.67,84.53,93.24,93.4,85.19,88.17,75.3,3,1,4,6,1
98.06,100.0,92.31,78.1,93.86,79.69,70.01,58.6,4,0,0,10,0
90.08,82.55,90.21,86.39,93.01,90.57,97.33,86.2,1,0,4,12,0
77.77,80.87,71.62,96.08,85.2,94.54,86.07,89.7,3,1,5,10,2
88.42,83.75,86.98,56.54,76.92,51.94,56.42,36.7,6,0,3,3,2
74.9,55.12,64.39,73.19,82.57,71.04,77.71,70.1,1,0,4,8,1
77.74,70.47,72.49,67.05,78.69,62.63,63.27,48.6,3,1,3,4,2
94.4,100.0,100.0,100.0,100.0,95.81,100.0,90.2,1,1,1,3,0
83.92,70.43,78.33,96.63,100.0,90.09,87.69,89.9,0,1,6,5,2
87.34,84.55,86.16,93.98,97.85,100.0,100.0,88.5,1,0,5,5,2
99.5,84.37,93.38,87.06,89.88,84.28,83.09,75.1,3,2,4,5,1
92.99,83.2,87.69,82.44,91.94,75.31,83.43,83.3,4,1,5,7,2
75.84,53.14,64.03,46.5,59.6,39.44,17.49,5.0,3,2,2,4,2
86.31,82.85,78.33,89.54,79.93,96.1,90.64,92.2,3,0,5,3,2
66.99,82.75,74.52,89.05,96.36,85.2,81.86,104.0,2,1,3,5,1
89.21,98.62,93.99,84.51,84.74,82.75,87.26,63.0,3,2,2,13,1
62.46,59.27,65.83,88.42,88.94,66.37,63.24,61.9,4,2,2,13,2
99.5,100.0,100.0,100.0,100.0,100.0,100.0,90.0,0,0,2,5,0
87.2,88.06,85.73,100.0,100.0,87.51,92.97,81.7,1,0,2,9,0
64.86,57.25,61.33,71.33,86.81,76.91,65.7,41.1,6,0,5,6,2
74.4,71.62,75.64,77.16,88.85,91.4,82.21,76.1,1,2,1,10,1
62.61,52.95,63.35,93.92,88.64,79.15,83.19,74.5,4,0,4,10,2
49.25,33.41,41.63,73.42,75.63,66.09,62.87,16.4,4,6,5,8,2
98.09,100.0,100.0,85.27,94.72,88.38,75.52,72.9,1,0,2,6,0
72.23,80.95,75.25,97.22,88.62,100.0,87.59,92.5,0,0,8,2,2
99.26,91.11,93.52,91.46,87.47,83.86,73.35,69.1,3,0,4,6,1
81.4,92.1,82.92,100.0,90.45,98.03,100.0,120.4,0,0,3,12,0
99.5,100.0,98.56,97.74,100.0,89.87,100.0,80.7,0,0,3,6,0
41.32,32.3,37.85,54.2,58.1,45.53,53.91,35.3,4,3,4,10,2
99.5,96.44,100.0,100.0,100.0,96.02,86.32,40.3,1,0,1,9,0
97.63,100.0,100.0,86.39,88.95,92.48,99.64,101.6,2,0,1,8,0
48.43,51.15,48.61,75.63,72.56,66.77,63.87,29.2,2,2,8,11,2
97.99,100.0,93.23,93.59,99.34,88.3,79.14,65.3,0,0,2,12,0
45.66,48.81,44.5,67.15,76.65,77.15,63.7,54.3,1,3,7,2,2
87.33,66.96,78.4,47.23,60.98,54.74,40.3,21.9,9,1,2,2,2
83.53,72.66,80.52,75.8,92.64,72.07,73.15,44.6,3,1,4,8,2
54.78,52.62,46.79,69.76,77.57,64.89,78.82,75.5,3,3,5,7,2
83.54,88.96,89.83,74.31,81.74,73.54,75.37,48.2,3,2,1,10,1
89.49,98.51,89.33,100.0,96.14,100.0,90.38,108.8,2,1,4,6,1
49.64,36.91,46.03,43.2,60.88,36.56,29.71,5.0,4,1,2,8,2
59.65,38.66,51.19,58.25,53.76,43.38,33.09,51.6,6,0,1,5,2
53.44,58.51,52.7,48.8,66.48,51.26,33.78,21.1,6,1,1,5,2
67.34,78.36,76.9,79.18,73.75,69.02,67.75,56.3,1,2,0,8,1
77.62,66.74,71.7,75.62,79.93,71.13,72.4,58.7,2,0,2,3,1
75.53,80.67,73.67,80.87,81.19,81.76,74.19,53.2,1,2,1,13,1
88.89,96.48,93.91,99.07,93.94,100.0,98.39,99.5,2,1,3,8,0
71.64,77.5,77.39,72.9,81.16,78.34,73.39,61.9,4,1,8,5,2
52.42,68.56,57.77,98.61,84.56,100.0,100.0,75.9,4,2,5,12,2
69.77,71.66,71.23,42.73,63.35,39.3,20.61,5.0,6,0,3,10,2
97.36,100.0,100.0,100.0,100.0,100.0,100.0,79.3,2,0,1,4,0
91.71,93.61,91.6,95.65,100.0,87.71,90.03,71.9,2,1,6,10,2
44.61,47.41,44.7,99.39,93.34,93.99,93.79,48.7,0,3,7,2,2
75.74,76.61,79.22,92.1,96.22,87.83,81.19,48.8,4,3,3,5,2
12.0,29.12,17.92,59.33,65.59,56.01,55.93,36.5,5,5,11,12,2
81.51,89.02,81.28,100.0,100.0,100.0,85.94,94.2,4,1,6,5,2
84.31,96.24,88.84,100.0,96.62,100.0,94.24,108.2,2,0,5,6,2
78.49,90.12,79.07,100.0,100.0,100.0,100.0,114.9,1,1,4,2,1
64.14,50.97,58.88,48.77,68.23,40.09,33.23,28.0,10,2,5,5,2
99.5,100.0,100.0,96.46,97.54,100.0,100.0,85.7,0,0,2,6,0
12.0,8.0,10.0,41.89,48.44,41.81,27.9,5.1,9,4,7,7,2
99.5,100.0,99.52,100.0,100.0,100.0,100.0,96.1,0,0,3,4,0
84.24,93.39,90.11,93.49,100.0,68.42,88.59,79.0,2,1,5,8,2
94.85,86.95,91.62,91.89,90.32,82.23,77.08,34.4,7,1,3,4,1
77.12,83.34,85.06,68.77,89.39,72.71,66.24,54.5,5,3,4,7,2
47.05,47.42,47.43,69.45,62.04,51.42,42.4,31.3,2,3,13,3,2
39.02,44.42,42.64,53.48,69.25,55.8,53.65,36.7,5,3,8,7,2
67.24,74.45,75.53,98.13,89.16,84.76,90.88,74.0,2,0,4,4,1
89.55,84.64,89.76,85.77,86.03,82.04,96.24,42.8,2,0,2,13,0
79.62,89.8,83.43,70.99,83.2,80.54,77.15,76.6,3,2,0,10,1
73.29,86.56,76.62,84.69,93.62,85.82,82.51,81.5,3,1,7,5,2
47.03,44.29,45.39,34.12,54.6,32.84,26.48,19.7,8,4,6,9,2
99.5,100.0,100.0,100.0,100.0,100.0,100.0,68.9,0,0,2,6,0
49.14,28.74,38.31,48.48,53.1,39.33,42.96,5.0,4,0,4,7,2
92.65,98.2,100.0,75.42,100.0,71.45,60.82,67.1,2,2,3,8,1
99.5,98.52,100.0,100.0,100.0,100.0,100.0,82.1,1,0,0,3,0
65.91,61.86,64.42,88.46,85.9,79.66,75.2,73.7,2,1,3,5,1
54.86,44.67,44.15,60.58,75.81,66.48,61.99,50.9,1,3,3,8,2
86.03,76.35,85.47,77.52,80.31,80.78,76.29,73.9,3,1,5,8,2
66.42,61.15,64.86,50.12,78.18,52.27,31.57,6.4,7,4,3,9,2
96.61,100.0,100.0,100.0,100.0,100.0,100.0,95.3,0,0,0,5,0
85.83,99.21,90.8,83.0,100.0,98.26,88.93,75.9,2,0,0,6,0
79.96,90.41,87.75,88.01,89.36,82.29,89.39,74.1,4,2,3,3,1
76.78,82.17,75.97,88.88,91.63,84.82,100.0,106.2,5,1,3,9,1
56.29,66.1,61.7,85.01,91.78,89.99,82.84,85.0,4,1,6,2,2
53.63,47.75,52.69,60.89,67.09,51.29,52.35,15.0,7,3,7,8,2
69.95,64.97,69.69,63.01,75.41,51.24,57.75,49.8,2,1,3,4,2
86.48,93.66,92.37,100.0,100.0,97.16,97.76,115.2,3,1,2,13,0
96.0,100.0,100.0,100.0,100.0,100.0,100.0,121.6,0,0,2,2,0
61.73,65.08,58.49,78.05,83.65,77.54,87.65,73.9,3,3,8,8,2
83.8,88.33,88.73,73.48,80.67,76.54,62.43,65.5,4,0,2,4,1
67.17,61.52,65.77,73.56,83.21,92.31,99.41,34.5,3,3,0,11,2
99.5,100.0,98.93,93.42,100.0,88.87,90.81,82.2,1,1,0,2,0
21.38,20.67,22.26,52.86,52.6,48.94,40.57,15.3,6,3,5,2,2
97.61,96.79,98.27,87.28,100.0,96.28,82.37,59.6,1,0,4,5,0
71.15,64.47,69.01,59.11,70.67,57.97,48.54,46.5,3,2,3,9,2
67.59,73.49,62.8,76.86,78.73,57.3,74.82,50.8,6,1,5,11,2
96.39,94.13,96.1,80.05,97.8,87.97,83.77,79.7,3,0,1,6,0
93.01,98.6,94.34,95.41,98.24,92.52,71.36,74.6,3,0,10,10,2
68.41,77.65,73.31,96.2,98.85,100.0,100.0,108.6,0,3,9,6,2
41.17,43.48,41.84,57.63,74.56,54.48,42.33,36.3,6,1,4,12,2
80.02,77.37,87.53,51.84,70.43,69.78,57.16,41.1,5,2,5,7,2
73.22,68.79,70.75,76.38,74.66,80.15,77.44,48.5,3,2,1,10,2
45.12,32.61,34.27,48.74,50.77,54.9,19.26,49.2,5,1,2,8,2
94.21,100.0,96.02,90.9,86.02,91.61,90.44,88.7,3,0,0,4,0
89.42,88.14,87.15,84.66,86.48,75.37,84.38,83.7,5,1,0,3,1
42.08,32.91,39.43,54.72,64.12,51.84,40.65,36.0,2,0,6,13,2
67.27,65.33,64.74,98.32,81.18,80.9,95.0,77.5,3,2,2,9,2
33.68,23.96,32.53,46.2,52.71,35.4,30.76,13.1,8,1,11,10,2
65.18,60.26,63.26,88.79,68.52,67.79,45.12,55.2,5,0,6,9,2
69.62,74.78,73.0,90.24,82.98,74.58,71.58,31.3,1,2,0,12,1
99.5,100.0,100.0,74.4,93.48,81.68,68.65,77.1,2,0,1,13,0
84.77,84.02,84.75,86.55,89.98,82.84,88.67,76.7,3,1,4,6,1
52.05,51.07,46.34,62.98,62.22,45.38,36.42,12.7,2,5,4,5,2
36.48,41.66,36.53,77.94,84.64,94.77,83.05,77.1,5,2,6,10,2
98.11,100.0,93.32,100.0,100.0,97.68,100.0,92.4,5,0,1,7,0
69.56,73.72,68.78,82.0,84.06,83.0,76.75,77.8,3,3,3,4,2
81.93,84.78,68.96,73.08,100.0,83.83,80.01,87.9,2,0,3,2,1
91.1,97.69,96.96,98.92,100.0,100.0,100.0,123.2,0,0,5,12,2
19.02,14.99,11.55,54.85,60.28,49.0,44.03,18.0,3,3,9,3,2
67.46,70.56,71.52,73.7,76.85,74.57,76.27,60.7,2,1,6,3,2
90.21,99.76,91.28,100.0,100.0,100.0,100.0,109.0,0,0,4,9,0
33.16,18.88,26.65,23.93,41.45,32.47,18.83,5.0,10,2,4,12,2
79.28,80.88,86.39,63.98,77.45,62.9,59.36,47.0,8,1,2,2,2
90.41,96.05,91.3,95.79,89.04,81.4,83.75,68.5,4,0,2,13,1
72.76,77.7,70.75,100.0,88.4,90.7,98.69,93.9,3,0,6,8,2
99.5,100.0,97.69,100.0,100.0,100.0,98.86,111.8,0,0,1,5,0
82.75,90.78,80.82,100.0,100.0,100.0,97.51,97.6,0,1,1,9,0
99.5,100.0,100.0,100.0,100.0,98.01,100.0,114.1,2,0,2,5,0
92.24,99.31,97.13,73.85,92.89,79.53,72.7,52.4,3,0,1,13,0
92.17,100.0,93.94,88.27,90.45,83.78,74.92,45.8,2,0,1,11,0
99.5,100.0,100.0,97.29,87.21,89.96,85.61,59.3,4,0,1,5,0
99.5,100.0,100.0,100.0,100.0,100.0,100.0,101.5,0,0,3,2,0
66.22,65.79,64.95,52.3,81.12,67.52,57.45,31.3,4,0,5,4,2
99.5,100.0,100.0,81.88,93.47,84.81,76.66,83.4,5,0,4,6,1
82.07,90.15,84.19,90.97,100.0,78.43,87.16,77.8,1,0,6,13,2
77.73,89.86,79.7,62.56,75.31,59.68,64.91,53.9,2,1,6,6,2
97.69,97.49,87.4,78.94,88.09,71.77,82.04,42.0,4,0,4,10,1
73.89,71.04,71.66,63.84,87.04,62.54,50.15,44.2,9,3,6,2,2
30.78,23.42,27.92,62.47,72.46,54.15,54.39,27.7,1,1,5,9,2
52.26,49.2,45.48,63.55,72.21,62.59,61.66,50.0,3,2,6,11,2
99.5,95.49,100.0,87.81,90.27,76.06,71.68,55.8,4,0,0,4,0
70.14,59.96,65.32,66.6,63.2,85.57,51.24,37.8,5,6,4,6,2
87.46,71.38,82.98,60.65,85.57,78.21,67.13,48.8,7,0,4,8,2
87.79,86.9,88.48,89.29,92.67,89.7,81.23,88.2,0,0,1,9,0
82.5,81.16,81.49,84.83,92.75,100.0,91.79,100.7,2,1,3,10,1
64.09,67.21,62.9,76.76,80.09,89.77,79.44,82.0,3,3,7,3,2
21.84,11.68,15.04,50.06,64.45,43.52,57.56,31.5,3,7,4,5,2
69.78,77.7,65.92,85.67,79.05,77.65,74.45,66.6,1,3,4,4,2
97.29,100.0,100.0,89.6,98.62,84.82,76.63,62.5,4,0,3,4,1
72.91,79.56,76.65,78.79,82.82,65.77,74.2,64.2,0,3,2,8,1
49.8,48.46,45.31,46.74,66.77,23.91,30.55,5.0,5,2,5,4,2
99.5,100.0,100.0,100.0,100.0,100.0,100.0,134.1,1,0,2,2,0
95.12,100.0,92.24,75.59,92.45,81.0,91.2,74.7,0,1,4,5,0
89.15,89.24,91.5,100.0,100.0,95.12,100.0,75.4,1,1,1,3,0
80.53,92.15,86.57,95.5,89.41,98.06,90.0,75.2,1,1,2,9,0
90.47,87.59,86.68,43.94,68.27,42.15,58.95,12.9,7,0,1,7,2
40.84,42.31,34.96,46.09,47.78,30.67,27.56,11.0,10,6,3,12,2
99.5,100.0,97.58,85.98,94.54,85.45,70.13,65.2,2,0,1,7,0
81.72,89.3,84.89,59.93,86.64,82.0,73.32,49.8,4,2,3,10,2
99.5,100.0,93.31,88.32,100.0,97.39,99.57,90.6,0,0,2,4,0
82.57,90.28,82.61,96.65,98.74,94.77,100.0,88.3,1,0,3,11,0
69.32,72.04,75.46,85.16,78.49,63.19,63.23,56.2,2,2,2,4,2
41.94,36.12,39.33,79.45,61.75,63.55,50.27,43.4,2,2,3,6,2
69.73,75.28,82.3,91.93,83.3,81.94,80.27,50.7,4,2,7,13,2
87.72,75.86,84.85,68.92,87.39,68.99,80.22,53.6,1,0,3,5,1
89.49,98.16,91.91,89.36,92.71,94.16,90.64,63.8,4,3,5,6,2
63.81,51.21,55.31,55.3,73.19,62.57,59.6,45.0,3,3,3,6,2
87.85,99.56,87.61,96.05,100.0,100.0,98.25,95.7,0,0,2,13,0
54.34,25.53,43.89,59.8,67.49,57.03,52.02,16.6,4,0,3,3,2
89.15,83.52,84.98,100.0,100.0,100.0,96.24,77.7,1,0,1,13,0
73.56,67.79,69.98,50.81,72.61,38.21,45.36,17.7,6,2,8,12,2
55.19,48.94,53.46,46.39,66.07,49.68,34.14,25.2,2,4,9,13,2
65.74,56.39,59.35,41.2,63.93,34.42,34.32,7.8,5,2,3,9,2
39.6,43.78,44.53,69.74,75.57,71.44,49.74,60.5,4,2,3,12,2
99.5,100.0,100.0,81.87,92.62,91.96,75.57,54.8,5,0,0,12,0
83.22,100.0,87.14,76.37,98.02,92.02,69.81,63.9,1,0,1,4,0
84.03,82.54,84.31,70.33,87.09,59.19,57.62,43.2,3,1,4,4,2
66.51,71.99,59.36,61.72,70.46,69.68,62.48,52.9,4,2,6,12,2
84.54,80.1,84.33,79.08,90.35,88.56,70.63,86.2,0,1,3,9,1
91.14,93.4,93.41,100.0,99.76,99.07,88.58,105.3,4,0,5,11,2
89.28,82.86,78.55,60.52,88.49,67.04,63.53,67.0,6,1,4,4,2
76.8,86.0,72.81,100.0,100.0,100.0,100.0,128.3,3,1,3,10,1
85.05,86.76,84.4,77.05,77.38,74.74,59.27,30.8,2,1,1,12,1
75.57,87.48,77.51,83.44,91.11,97.33,85.1,47.6,3,2,1,5,1
70.78,67.09,69.11,52.47,75.99,48.03,53.48,11.8,4,2,3,10,2
77.3,86.26,80.88,66.81,79.04,71.5,62.38,56.8,1,2,5,2,2
72.49,80.38,81.57,69.39,84.07,68.92,66.47,54.3,4,3,5,7,2
79.31,82.19,78.93,74.6,99.72,83.7,72.42,74.6,1,0,4,10,1
84.38,94.44,90.6,100.0,100.0,100.0,100.0,114.0,0,0,3,6,0
74.07,68.0,69.85,100.0,100.0,90.77,75.67,90.6,3,0,4,11,1
99.5,96.3,99.8,81.9,85.12,77.72,54.33,54.2,1,0,2,7,0
73.07,62.26,67.26,64.45,75.08,52.69,52.42,45.7,3,1,4,12,2
87.7,85.88,81.7,90.97,97.21,89.65,85.14,88.0,2,0,1,7,0
87.21,91.03,86.16,93.7,96.4,96.17,100.0,116.9,0,0,8,2,2
78.92,86.93,83.44,86.24,91.15,90.8,82.14,102.2,3,0,4,2,1
48.04,41.96,41.05,40.03,60.79,34.85,38.69,13.3,7,3,4,2,2
99.5,100.0,99.96,95.89,100.0,100.0,86.48,108.6,1,0,1,5,0
97.49,100.0,99.69,84.54,91.54,73.87,77.67,51.2,1,0,1,11,0
99.5,95.37,99.24,75.57,100.0,86.62,87.69,61.1,2,0,3,5,0
71.94,79.84,77.86,74.72,86.23,79.54,64.15,80.9,7,1,6,11,2
48.23,29.23,49.1,38.08,49.05,32.41,36.74,31.6,5,2,8,11,2
99.5,100.0,94.55,92.03,90.48,87.32,100.0,85.3,1,0,1,13,0
83.83,77.52,79.87,63.25,83.92,65.47,70.33,52.3,6,2,4,4,2
68.08,50.76,61.22,83.25,73.81,59.77,65.75,54.7,4,4,5,8,2
51.81,55.8,51.26,85.8,80.75,71.42,62.27,75.4,6,4,6,4,2
66.2,61.39,69.01,60.58,82.96,62.71,61.69,40.0,2,1,2,13,2
69.95,75.7,77.07,68.06,83.65,62.06,61.35,42.1,1,2,5,6,2
99.5,100.0,100.0,100.0,99.1,94.0,84.43,79.5,2,0,2,3,0
75.51,67.03,71.68,64.74,82.02,64.54,72.02,52.8,3,2,3,13,2
55.43,67.42,55.35,75.22,85.63,78.41,74.0,49.8,2,1,4,4,2
81.61,65.24,74.43,65.56,92.65,61.62,41.92,50.2,3,3,3,11,2
48.71,48.89,44.87,66.0,70.01,56.46,59.48,27.2,3,0,4,10,2
95.66,100.0,100.0,100.0,95.25,100.0,80.45,88.6,1,0,3,7,0
93.83,97.24,98.11,100.0,100.0,100.0,100.0,119.6,0,0,1,4,0
81.72,99.78,91.64,73.7,85.75,91.83,89.45,66.6,2,0,1,6,0
78.33,82.93,88.4,76.41,94.3,81.4,87.17,70.1,4,1,2,11,1
79.21,84.3,81.18,79.25,92.59,95.08,73.95,65.0,3,2,5,11,2
99.5,100.0,97.09,100.0,100.0,100.0,100.0,96.6,3,0,0,7,0
66.36,66.32,66.14,72.16,69.99,53.76,52.12,24.9,2,2,2,6,2
66.92,54.51,58.3,54.3,72.65,62.07,67.27,30.0,6,6,6,3,2
67.56,41.58,54.9,67.53,82.58,62.35,56.11,57.2,2,1,7,4,2
65.7,54.59,61.51,71.81,71.87,61.69,49.44,38.2,8,3,4,3,2
87.88,88.59,90.1,100.0,100.0,100.0,100.0,94.7,3,0,2,9,0
91.48,87.39,86.57,78.65,86.85,81.09,94.36,80.2,3,1,5,2,2
81.3,74.72,73.52,70.06,73.44,69.39,62.73,49.0,0,3,5,9,2
84.56,66.41,80.49,87.63,89.94,86.2,87.53,81.8,2,0,2,3,1
65.45,55.13,58.0,79.24,83.73,53.92,63.71,46.2,3,1,1,11,2
69.33,69.21,69.86,64.81,70.69,63.73,62.3,33.8,4,0,2,11,2
57.29,57.83,62.05,50.0,62.64,42.31,24.02,13.8,7,0,6,11,2
82.65,82.19,85.7,98.63,100.0,93.97,79.91,84.1,1,1,6,13,2
66.44,74.54,71.87,87.03,71.14,92.63,75.24,73.4,1,3,6,11,2
63.81,44.75,60.9,71.62,81.07,79.04,78.83,54.4,1,1,6,8,2
99.5,100.0,100.0,100.0,100.0,100.0,100.0,98.8,0,0,0,4,0
97.9,100.0,94.25,79.66,100.0,79.35,88.84,67.2,3,0,0,12,0
99.5,100.0,100.0,100.0,100.0,100.0,100.0,103.3,4,0,0,10,0
74.14,76.93,76.96,91.87,84.53,82.3,91.6,78.6,0,2,4,4,1
57.24,39.19,52.26,70.96,83.86,81.15,78.61,65.7,0,2,8,12,2
99.5,100.0,100.0,100.0,100.0,100.0,100.0,109.3,1,0,0,8,0
93.77,100.0,89.31,88.42,92.03,72.89,58.59,37.9,3,0,1,7,0
62.89,67.42,61.11,82.18,76.82,86.74,77.63,59.3,5,3,3,9,2
85.5,100.0,97.55,100.0,96.38,100.0,96.64,88.5,1,0,0,10,0
45.66,40.45,35.96,54.46,58.24,49.86,57.37,14.4,7,4,2,6,2
79.38,81.85,79.83,61.35,78.27,42.12,65.76,23.1,7,1,3,9,2
99.5,100.0,100.0,95.65,100.0,100.0,100.0,73.9,0,0,1,7,0
97.98,98.72,96.85,79.72,92.08,88.91,70.52,89.4,3,0,2,9,0
83.71,83.32,91.64,100.0,100.0,100.0,100.0,109.2,1,1,4,6,1
91.72,100.0,88.7,95.2,100.0,100.0,90.53,93.1,1,0,3,7,0
99.5,100.0,96.77,94.51,100.0,100.0,100.0,108.3,3,0,1,3,0
64.0,80.01,71.36,100.0,94.15,100.0,83.07,90.7,1,2,6,13,2
83.55,90.51,87.77,89.73,100.0,92.28,92.18,66.2,2,0,4,11,1
58.05,55.8,57.59,52.61,73.99,53.63,58.33,25.6,4,2,6,2,2
85.53,91.15,88.74,87.95,95.96,87.02,89.55,61.6,4,0,2,12,1
74.41,61.31,66.87,88.58,94.5,90.42,84.69,72.2,1,3,8,4,2
67.4,67.78,66.17,80.39,78.78,82.43,69.91,55.0,5,1,1,4,2
37.14,31.47,30.77,63.58,67.25,56.43,57.95,29.8,5,6,6,13,2
78.59,74.76,78.72,97.87,90.42,100.0,100.0,93.0,2,1,5,11,2
34.42,37.08,28.61,58.71,60.62,65.89,31.39,7.9,5,2,9,12,2
24.5,22.32,18.2,60.12,68.37,53.4,49.25,5.0,3,5,8,10,2
85.43,69.47,82.86,76.91,98.86,100.0,86.46,87.6,4,1,4,6,1
76.84,76.79,74.45,69.12,68.72,70.7,55.62,36.9,4,1,3,12,2
99.5,100.0,100.0,79.49,100.0,85.07,94.18,74.4,1,0,2,7,0
34.02,29.59,30.47,70.55,77.68,83.57,72.41,30.1,5,3,8,4,2
95.65,90.04,91.67,78.38,87.46,86.93,79.52,58.8,3,0,1,7,0
99.5,89.29,100.0,77.36,85.95,76.66,64.56,69.8,1,0,2,6,0
34.91,29.4,36.73,39.08,58.86,32.72,45.17,19.1,3,7,10,2,2
27.51,19.39,23.63,63.84,61.49,67.08,55.45,31.4,1,3,5,8,2
41.72,27.0,35.75,60.72,58.95,58.17,46.75,41.3,4,9,3,12,2
86.72,99.61,95.63,83.63,82.85,79.82,68.93,79.2,1,0,1,3,0
79.7,76.82,79.41,59.32,77.94,59.54,43.97,19.7,6,1,3,10,2
77.77,77.24,76.23,92.14,84.94,91.09,84.23,86.7,1,1,5,13,2
92.93,100.0,94.88,96.11,97.05,99.17,99.98,63.2,1,1,5,4,2
86.6,85.53,94.08,75.48,82.39,66.08,44.2,64.3,4,0,0,4,1
99.5,100.0,98.44,90.98,100.0,92.9,92.73,82.2,2,0,0,3,0
57.44,57.43,56.18,85.46,73.01,78.49,80.87,41.2,3,1,6,4,2
95.57,95.51,95.38,86.39,92.39,94.52,90.97,72.6,3,0,0,2,0
73.0,71.56,72.7,79.4,76.96,67.61,69.93,52.5,2,1,2,2,1
53.34,52.55,50.07,66.47,68.85,54.61,60.14,33.0,6,1,3,11,2
66.29,78.56,77.34,72.85,74.48,65.87,51.13,51.0,3,3,5,7,2
91.96,88.85,89.32,78.79,100.0,83.5,87.69,84.0,6,0,1,11,1
90.6,98.37,95.56,77.68,94.76,80.29,76.9,88.0,0,0,1,9,0
89.52,85.6,94.61,100.0,100.0,100.0,100.0,88.5,2,1,4,11,1
68.93,73.95,69.52,78.68,79.81,77.24,64.7,50.4,2,0,6,2,2
99.5,100.0,100.0,91.46,96.31,85.98,65.16,65.4,3,0,1,13,0
83.62,88.26,80.51,87.59,84.13,87.78,87.2,84.7,1,1,1,12,0
43.15,35.99,37.36,55.02,71.8,64.91,58.34,33.4,3,2,2,11,2
81.56,78.45,80.99,74.53,83.64,68.96,75.69,58.3,6,1,6,2,2
39.29,34.73,36.02,45.82,71.79,46.53,44.51,17.0,5,2,7,4,2
95.66,100.0,100.0,96.29,97.66,95.65,76.93,99.7,2,0,6,10,2
49.85,37.93,43.33,37.31,53.83,34.11,28.74,5.0,3,2,3,7,2
82.14,89.03,83.79,80.1,94.49,83.74,65.59,37.2,1,0,2,10,0
99.5,99.94,97.25,100.0,100.0,100.0,100.0,88.7,1,0,3,7,0
71.65,74.15,77.12,55.09,64.94,54.11,69.94,7.1,5,2,2,12,2
65.0,51.4,59.12,29.77,66.35,37.27,31.17,5.0,5,2,5,12,2
59.25,61.96,57.77,59.69,68.69,71.58,51.43,5.6,2,4,6,9,2
74.75,86.41,75.77,100.0,93.85,85.99,94.63,104.9,2,1,3,11,1
79.89,68.88,71.43,80.09,95.17,89.49,81.01,48.0,1,1,4,4,1
57.45,56.49,59.91,72.05,78.91,70.63,81.14,81.9,4,1,8,10,2
51.67,36.49,45.64,65.46,73.55,40.75,59.01,8.3,7,0,6,6,2
73.12,70.88,84.1,100.0,99.7,100.0,100.0,127.9,2,2,7,12,2
92.55,97.82,92.43,94.62,100.0,98.53,100.0,88.2,0,0,1,7,0
69.79,73.22,64.95,85.64,78.82,77.89,76.83,73.1,4,1,5,3,2
56.78,42.71,50.64,69.73,74.55,66.0,61.5,51.6,5,2,6,12,2
99.5,100.0,100.0,79.1,92.93,77.2,69.41,37.1,0,0,0,11,0
69.76,67.05,70.19,89.73,90.08,92.21,95.52,99.7,3,3,5,10,2
40.04,31.1,36.36,43.17,53.03,19.91,34.12,5.0,9,2,4,8,2
99.5,100.0,97.61,92.24,92.64,87.29,85.62,67.9,1,1,1,4,0
34.99,32.05,32.61,91.2,66.34,60.18,64.51,77.5,6,3,8,12,2
83.61,79.36,86.82,80.26,97.67,85.14,88.46,83.9,1,1,4,8,1
72.85,68.04,67.71,61.09,66.71,66.81,46.07,25.5,5,3,1,5,2
50.06,48.44,49.58,80.37,75.44,74.1,62.72,53.6,9,3,7,12,2
90.7,89.57,90.87,83.63,92.69,68.7,66.97,66.1,3,2,4,4,1
92.91,90.0,91.86,71.03,71.46,59.56,59.33,52.0,2,2,2,3,1
99.5,100.0,98.47,100.0,100.0,100.0,100.0,124.6,0,1,2,10,0
74.12,62.43,63.89,69.37,72.44,60.48,62.73,35.8,1,1,6,6,2
94.09,100.0,97.21,81.19,93.42,67.46,68.66,71.7,5,0,2,6,1
94.54,100.0,95.53,78.44,98.3,92.08,82.1,50.5,4,1,2,11,1
64.23,63.65,68.95,99.62,81.39,97.68,85.76,74.6,3,1,5,10,2
94.38,95.83,94.26,55.37,86.03,66.05,59.66,41.2,3,0,1,12,1
47.77,25.54,39.12,54.5,65.31,55.21,38.9,12.1,4,3,5,9,2
72.08,79.24,75.44,100.0,89.33,100.0,99.49,102.5,0,3,3,3,1
45.49,59.5,52.71,65.53,76.37,88.02,56.92,64.1,3,4,5,7,2
99.5,100.0,92.5,100.0,100.0,100.0,100.0,81.2,1,0,1,2,0
56.06,58.27,58.15,86.74,83.22,77.0,70.43,62.0,2,1,8,8,2
45.73,39.16,36.45,54.86,49.3,51.82,30.6,5.0,7,5,7,6,2
90.93,94.73,90.9,90.31,100.0,95.28,97.55,93.6,0,0,2,4,0
87.23,87.79,90.01,77.41,73.04,60.6,58.71,19.8,4,1,2,10,1
74.24,83.01,85.85,91.74,83.18,77.58,87.86,45.7,4,2,2,2,1
81.22,83.9,78.27,100.0,100.0,100.0,97.81,102.3,3,1,2,4,1
50.55,54.97,48.91,84.79,65.59,56.76,47.78,44.9,3,8,3,4,2
85.77,85.98,79.11,100.0,100.0,92.66,100.0,91.0,1,3,4,6,1
93.48,94.52,90.98,95.65,90.42,100.0,93.74,67.9,3,1,1,13,0
92.94,86.68,99.73,83.91,97.16,83.19,73.25,75.9,2,0,5,8,2
79.41,86.06,75.58,100.0,96.96,89.86,100.0,66.1,1,1,5,8,2
77.15,80.92,66.14,92.28,100.0,90.63,80.35,69.0,3,0,7,10,2
43.29,39.88,45.52,48.38,62.43,46.61,53.58,14.8,7,5,4,3,2
96.69,100.0,100.0,79.45,98.07,82.45,84.4,74.3,4,1,1,9,1
37.0,39.96,38.32,65.5,67.72,57.51,71.11,40.6,2,4,6,7,2
56.37,74.01,63.59,88.94,93.28,79.94,73.09,65.8,3,1,1,6,1
99.5,100.0,100.0,100.0,100.0,94.48,100.0,85.6,1,0,1,3,0
85.86,74.27,84.68,81.84,100.0,83.8,81.08,48.3,1,1,1,4,1
23.91,17.58,17.42,58.67,49.77,61.83,40.5,28.3,9,11,6,5,2
72.04,70.38,66.41,62.67,80.17,72.38,55.52,45.9,3,2,4,8,2
40.67,23.05,29.95,50.5,58.93,47.06,30.08,9.9,5,5,8,5,2
99.5,100.0,96.61,97.4,100.0,100.0,100.0,75.4,2,0,0,13,0
57.44,71.57,65.71,79.73,87.85,73.45,80.51,80.1,2,2,5,13,2
58.99,52.58,60.77,82.0,90.43,59.11,79.36,59.4,3,4,3,10,2
64.88,67.44,64.48,50.08,58.52,47.55,35.0,25.4,2,6,6,13,2
84.22,97.23,90.29,97.74,100.0,98.08,80.19,81.4,4,1,5,4,2
60.57,55.75,58.37,51.08,63.26,49.96,30.96,5.0,5,2,7,3,2
97.55,100.0,95.14,93.92,100.0,96.57,89.91,58.2,0,0,4,12,0
72.44,69.46,67.79,90.74,86.94,90.62,78.09,75.0,6,3,7,12,2
90.34,98.71,93.78,79.42,94.78,73.19,58.86,69.0,4,0,1,4,1
93.05,100.0,98.72,94.12,89.93,81.59,93.76,65.0,1,0,5,12,2
98.48,100.0,100.0,61.91,92.24,67.08,60.42,61.1,2,1,1,4,1
29.22,20.14,24.96,38.32,41.73,25.6,31.75,5.0,7,6,5,3,2
99.5,100.0,100.0,100.0,100.0,100.0,100.0,88.5,0,0,1,11,0
64.84,66.03,71.55,50.22,61.31,42.76,39.73,23.7,4,2,3,11,2
64.51,64.41,58.43,61.68,79.81,74.58,68.21,58.3,2,2,4,5,2
74.64,71.01,68.51,55.01,76.55,56.26,57.76,31.7,5,2,2,4,2
96.15,100.0,91.81,88.57,99.98,94.57,92.94,97.7,3,0,6,12,2
62.77,56.06,63.83,52.91,70.85,50.12,52.45,7.8,3,2,2,6,2
39.21,30.91,34.93,71.52,67.65,73.45,64.95,38.0,2,2,9,12,2
34.8,40.6,37.24,72.19,70.71,61.8,49.32,38.6,4,3,5,12,2
66.32,53.79,63.97,81.94,77.12,70.13,56.86,41.0,4,1,3,2,2
83.01,88.98,85.23,76.87,88.45,67.65,79.48,65.7,6,2,3,10,2
35.3,16.36,25.53,43.69,46.42,36.36,19.25,5.0,6,2,10,11,2
73.23,60.78,64.11,69.26,87.16,85.23,73.75,23.6,4,0,3,10,2
97.86,100.0,97.73,85.16,74.45,59.96,51.0,43.1,5,0,0,13,1
82.56,83.27,86.03,82.01,88.28,65.98,69.33,53.6,2,3,5,2,2
96.08,98.3,90.16,96.67,96.66,96.89,88.63,73.0,1,0,3,9,0
99.5,94.94,95.82,100.0,93.21,89.84,84.76,88.4,1,0,0,2,0
84.58,91.37,79.43,84.11,100.0,97.66,80.38,76.9,2,2,0,8,0
93.94,92.11,96.93,77.7,89.82,94.12,80.06,43.9,3,0,1,3,0
84.85,89.17,79.83,69.93,88.8,71.97,65.82,48.3,6,1,2,11,1
68.18,62.48,59.58,64.62,79.1,60.05,74.62,28.1,5,2,3,5,2
86.95,90.57,91.66,100.0,90.97,100.0,100.0,95.5,1,0,2,2,0
85.75,91.31,85.28,73.48,78.49,67.21,51.72,50.2,2,0,3,6,1
72.37,66.95,63.05,74.75,74.55,63.54,80.86,104.5,5,1,2,7,2
99.5,92.01,98.77,89.85,99.99,90.41,89.39,80.1,4,0,1,8,0
64.11,50.76,59.48,44.98,71.69,48.48,48.82,5.4,5,0,2,11,2
68.28,68.56,76.14,72.1,81.83,81.41,63.09,17.0,4,1,3,10,2
64.1,78.07,64.51,76.72,76.61,72.48,75.96,60.5,2,5,4,3,2
98.24,100.0,94.94,96.6,100.0,100.0,98.4,83.2,0,1,2,5,0
49.3,32.44,39.91,35.64,48.75,29.0,15.85,5.0,7,2,2,2,2
99.5,100.0,100.0,100.0,100.0,100.0,100.0,103.8,0,0,0,9,0
64.23,70.43,58.66,83.07,88.34,89.29,82.23,54.5,2,2,3,11,1
73.68,59.89,66.96,61.25,79.24,81.73,64.72,79.0,1,1,3,4,1
92.78,82.24,89.73,95.02,89.7,98.13,85.38,59.3,2,0,3,7,0
67.35,64.87,71.06,66.34,65.5,54.44,65.22,27.9,7,2,18,3,2
58.83,62.08,56.5,68.21,80.79,49.8,56.02,34.5,3,0,4,9,2
76.95,89.29,82.67,90.01,90.27,100.0,100.0,87.9,1,0,3,12,0
66.28,70.67,65.29,81.16,91.05,92.66,81.43,80.2,3,2,2,9,1
62.45,73.58,61.61,72.76,82.38,73.1,84.92,71.7,0,4,2,9,2
99.5,100.0,99.1,100.0,100.0,100.0,100.0,112.8,0,1,2,9,0
97.84,99.27,97.12,82.9,92.28,86.48,91.68,68.8,0,2,2,11,0
65.86,63.03,66.65,75.47,74.42,72.68,70.9,30.0,4,2,2,6,2
36.24,36.82,44.2,64.32,66.55,66.86,57.76,75.7,2,4,11,2,2
73.53,98.15,84.49,60.77,75.86,63.11,45.28,28.2,6,1,2,4,2
67.44,65.86,66.67,73.79,76.8,76.32,65.8,57.5,3,1,7,13,2
70.04,71.83,72.76,74.99,85.8,82.92,78.55,57.1,2,1,2,8,1
68.92,87.49,72.85,99.89,94.78,95.1,88.03,58.7,4,1,3,4,1
99.5,100.0,100.0,75.36,88.56,68.73,70.01,82.5,3,1,0,6,1
99.5,96.54,95.56,100.0,100.0,100.0,100.0,93.7,0,0,0,3,0
36.19,40.36,38.89,41.67,54.4,44.65,24.13,5.0,8,3,2,9,2
66.13,69.76,66.43,88.35,90.6,76.51,64.27,65.0,5,0,4,5,2
73.67,40.75,59.9,31.91,53.57,27.97,18.17,5.0,2,2,5,13,2
80.55,79.79,86.44,78.12,93.3,80.02,87.25,63.1,2,0,2,13,1
56.26,48.67,49.6,87.04,75.93,55.66,48.35,46.3,3,3,6,13,2
79.84,75.41,79.89,72.77,77.49,72.8,67.51,77.3,2,5,3,4,2
84.17,88.9,84.05,89.0,91.04,99.17,100.0,62.1,0,0,8,3,2
91.52,100.0,98.14,100.0,89.74,92.18,87.2,93.1,3,1,2,8,0
64.83,73.89,62.8,62.2,76.54,80.66,71.03,68.0,4,1,4,13,2
74.42,86.6,77.51,78.6,93.07,78.92,83.5,52.0,7,0,3,8,1
80.18,95.69,82.19,96.41,82.39,96.62,77.97,78.7,1,0,5,7,2
75.67,78.65,82.9,86.4,95.84,85.62,90.32,96.4,4,2,2,9,1
64.99,53.62,65.63,97.46,84.45,95.18,77.57,98.5,2,1,4,4,2
84.28,68.56,75.28,93.62,94.19,87.56,82.99,55.9,3,1,2,8,1
99.5,100.0,94.89,100.0,98.37,100.0,100.0,84.6,3,0,1,11,0
72.21,75.17,71.36,96.39,90.95,91.03,100.0,102.9,3,1,9,11,2
92.71,100.0,98.52,100.0,100.0,100.0,98.19,92.1,1,0,6,12,2
52.26,54.69,54.17,66.87,70.57,69.5,55.38,64.3,5,1,3,13,2
80.14,77.51,77.44,100.0,100.0,100.0,100.0,132.9,0,0,5,8,2
86.99,86.23,91.11,82.5,90.16,81.76,86.19,101.9,2,1,2,13,1
99.5,100.0,100.0,90.21,94.3,71.37,88.9,54.9,0,0,1,3,0
91.06,87.65,86.25,82.33,95.19,100.0,94.3,78.6,1,3,0,6,0
69.0,82.31,65.66,84.83,88.35,71.68,73.37,77.7,1,0,2,12,1
97.02,100.0,100.0,100.0,100.0,100.0,100.0,127.9,1,0,1,10,0
99.5,100.0,98.47,95.3,100.0,88.69,77.58,52.6,1,1,0,5,0
99.5,94.78,88.13,99.97,100.0,100.0,99.82,120.1,1,0,1,4,0
89.17,100.0,94.44,90.08,86.35,93.89,79.73,58.9,1,0,3,11,0
65.09,61.36,56.94,48.47,78.97,63.74,52.33,27.2,2,2,3,4,2
99.5,100.0,100.0,100.0,96.89,99.22,93.77,107.9,7,0,2,9,0
68.21,66.51,72.4,91.66,85.96,86.83,89.75,72.5,3,1,9,10,2
99.5,100.0,98.73,100.0,100.0,100.0,100.0,138.6,0,0,3,8,0
81.33,79.0,75.98,62.07,73.79,56.77,55.99,26.6,6,2,3,11,2
99.5,100.0,100.0,92.68,89.87,100.0,100.0,75.0,2,0,1,7,0
69.67,80.59,78.64,91.41,100.0,89.97,100.0,87.7,2,2,3,11,1
93.75,100.0,95.7,81.68,92.38,78.16,73.95,44.0,3,1,1,11,1
69.93,71.7,69.08,68.11,65.24,64.51,53.71,45.8,3,1,4,2,2
99.48,100.0,96.67,100.0,100.0,100.0,100.0,120.7,2,0,0,13,0
40.25,26.15,33.49,42.61,57.24,43.16,34.85,14.2,5,3,8,3,2
99.5,100.0,99.05,100.0,100.0,100.0,95.42,101.5,2,0,1,5,0
59.96,43.54,51.73,49.76,64.08,49.26,50.42,31.9,6,3,5,6,2
45.81,36.9,38.53,53.09,65.15,49.69,41.43,19.4,5,4,6,9,2
78.17,86.87,88.08,87.33,97.89,100.0,95.62,101.9,2,2,4,11,1
99.5,100.0,98.71,100.0,100.0,100.0,100.0,112.9,2,0,1,4,0
99.5,100.0,97.56,94.68,97.13,95.35,96.15,85.2,1,0,1,9,0
34.75,36.53,36.21,46.27,63.56,40.44,32.7,5.0,5,5,5,4,2
68.96,61.27,66.99,88.37,85.83,79.96,85.45,63.2,4,1,1,2,1
75.1,64.93,70.98,87.76,92.98,96.25,81.81,59.0,3,0,4,13,1
93.11,99.71,91.06,100.0,100.0,100.0,100.0,113.0,0,0,4,11,0
57.48,66.27,60.78,63.12,80.56,71.77,46.16,46.3,5,3,4,8,2
94.26,100.0,97.02,100.0,100.0,89.96,90.65,82.4,2,0,8,9,2
94.28,100.0,97.74,90.88,100.0,100.0,98.52,97.0,1,0,1,8,0
93.55,97.11,95.96,97.76,98.22,96.14,100.0,108.8,2,0,2,13,0
99.5,100.0,100.0,84.93,95.24,100.0,82.71,76.2,1,0,2,13,0
13.55,16.53,10.39,59.83,59.0,42.76,35.32,39.5,3,4,10,2,2
59.21,54.25,67.49,77.6,86.49,78.73,74.24,73.3,4,1,5,5,2
88.72,88.12,90.3,80.91,98.25,89.03,89.81,67.2,0,2,1,13,0
83.96,87.84,88.47,98.81,97.06,87.62,78.43,88.6,7,0,3,10,1
65.85,67.6,68.96,51.94,59.7,37.84,33.85,22.9,7,4,0,13,2
62.92,65.84,63.55,64.1,71.06,55.15,54.51,42.5,6,1,7,12,2
90.75,80.95,83.03,84.81,100.0,85.99,81.81,80.0,0,1,4,13,1
81.26,90.54,83.9,84.76,90.9,77.4,86.3,49.7,3,1,3,13,1
79.78,80.24,76.12,72.68,77.5,74.26,70.35,27.7,2,1,3,3,1
52.04,48.23,44.5,42.39,64.42,53.16,28.04,5.0,5,1,8,6,2
76.68,76.47,84.95,67.84,80.54,85.68,85.12,68.3,1,0,2,12,1
99.5,100.0,100.0,97.24,98.56,92.74,100.0,76.6,1,1,4,6,0
80.32,79.63,80.46,77.52,81.67,68.75,56.22,35.3,2,0,5,10,2
86.04,87.31,86.78,92.15,86.91,89.02,91.25,85.7,5,0,1,9,1
21.9,8.0,19.05,46.09,49.43,22.05,31.72,5.0,3,4,6,5,2
99.5,100.0,99.17,86.67,96.81,94.57,98.97,96.6,3,0,1,8,0
99.35,94.5,95.02,100.0,100.0,93.07,91.54,98.7,1,0,3,9,0
99.5,98.87,100.0,78.73,96.12,84.19,83.02,85.3,3,0,1,3,0
80.46,81.53,77.16,87.53,100.0,85.82,84.96,82.6,3,1,3,9,1
77.84,85.27,85.36,68.71,93.43,69.42,72.98,39.3,2,1,4,2,1
53.53,58.23,55.37,68.06,77.48,76.15,55.9,55.9,3,3,3,6,2
54.28,64.47,59.11,68.13,70.31,46.27,58.17,29.3,4,0,3,13,2
51.73,38.18,45.11,82.37,69.18,70.58,67.25,56.1,1,6,10,6,2
99.5,100.0,95.03,87.15,93.51,79.26,77.29,75.8,3,0,1,12,0
96.0,100.0,94.51,100.0,84.71,92.92,65.32,69.4,5,1,1,5,1
84.88,91.76,88.63,100.0,85.1,99.25,91.97,81.0,3,1,3,10,1
99.5,100.0,96.14,100.0,90.07,88.8,87.96,96.8,3,1,1,8,0
93.89,89.18,88.6,84.59,100.0,81.37,77.76,52.4,3,0,1,6,0
50.88,49.61,53.2,59.59,65.23,51.99,42.56,20.3,7,5,4,3,2
34.09,32.14,34.89,64.01,56.14,66.02,61.47,38.1,2,3,7,3,2
75.37,71.44,68.59,63.68,81.24,64.64,58.08,36.1,5,0,3,9,2
74.96,80.89,81.86,69.51,84.09,63.58,46.19,36.2,3,3,3,5,2
57.0,75.65,69.09,79.86,78.54,77.95,78.56,55.0,5,1,5,4,2
88.05,91.83,88.38,100.0,100.0,100.0,100.0,123.0,0,1,4,12,0
77.23,85.31,73.38,97.07,78.23,87.82,87.49,62.1,1,0,0,13,0
99.5,100.0,94.0,90.85,88.29,92.7,81.15,59.9,5,0,1,13,0
99.5,100.0,97.36,100.0,100.0,100.0,100.0,84.5,0,0,2,10,0
52.59,56.96,58.95,67.14,65.03,48.08,56.21,24.0,5,3,10,8,2
53.36,60.06,56.44,62.04,71.67,48.8,48.55,14.8,2,2,3,13,2
93.52,92.58,88.22,95.25,85.9,92.63,78.21,64.3,3,0,0,3,0
78.93,75.41,83.38,100.0,100.0,100.0,100.0,110.4,0,0,4,2,0
50.17,37.83,45.24,26.22,55.5,26.39,27.04,5.0,4,2,4,6,2
88.23,88.65,91.56,80.11,81.83,78.46,68.21,88.0,3,1,3,5,1
55.17,31.64,44.92,65.7,70.65,53.83,59.1,34.8,1,1,3,6,2
55.25,61.11,49.74,71.46,73.99,64.08,53.24,54.8,1,2,3,8,2
90.02,90.82,83.24,100.0,100.0,95.64,100.0,85.7,2,1,4,7,1
79.28,78.78,75.7,100.0,85.39,70.1,60.44,48.6,3,1,3,9,1
86.83,82.88,86.51,65.97,86.99,77.84,63.99,46.8,2,0,0,7,1
52.84,50.01,53.45,66.87,69.75,67.83,58.69,52.0,3,5,8,11,2
64.15,74.97,75.68,83.54,83.6,70.29,74.3,70.3,3,1,2,5,1
99.5,100.0,99.58,100.0,100.0,100.0,100.0,114.7,0,0,4,9,0
76.36,95.84,83.34,87.96,83.02,91.6,95.63,73.1,7,6,10,12,2
69.39,76.39,68.14,84.51,79.46,78.41,79.13,87.6,0,1,4,8,1
69.54,72.3,74.23,63.61,77.44,61.59,55.55,64.5,4,2,10,8,2
62.56,60.69,67.63,78.42,73.38,67.16,69.42,47.9,1,2,5,9,2
72.5,70.43,69.18,69.65,72.23,73.96,67.89,50.1,5,2,1,7,2
87.56,100.0,91.79,100.0,100.0,92.62,92.7,103.4,0,0,3,8,0
99.5,100.0,100.0,100.0,100.0,100.0,100.0,85.1,0,0,2,6,0
83.45,91.92,83.42,97.93,100.0,92.06,97.64,83.5,6,0,3,9,1
63.47,65.16,56.99,73.21,73.54,67.26,51.31,44.5,4,4,2,8,2
63.17,63.85,63.98,77.31,87.95,80.26,65.05,75.7,4,1,1,11,2
91.54,97.37,96.03,93.41,95.84,92.14,83.44,83.1,0,1,0,4,0
74.08,80.41,72.74,92.83,91.54,99.68,81.74,87.5,1,0,3,7,1
41.49,42.74,41.88,67.96,81.31,76.84,62.75,42.6,7,3,5,12,2
95.93,100.0,100.0,100.0,100.0,100.0,97.42,103.8,0,0,1,7,0
95.94,100.0,100.0,91.94,97.66,96.79,100.0,82.7,0,2,0,8,0
53.86,54.03,55.92,89.38,86.76,86.69,100.0,87.6,5,3,6,10,2
58.72,53.44,54.55,61.09,63.05,57.25,56.3,27.9,5,3,5,6,2
32.49,18.19,29.56,43.11,51.48,20.17,11.22,5.0,7,3,4,5,2
34.66,21.42,23.06,24.45,30.0,8.0,5.0,5.0,7,4,7,9,2
63.56,59.16,61.47,63.41,79.8,65.68,71.45,57.5,2,2,8,13,2
89.4,100.0,91.32,85.18,82.92,99.74,93.36,45.8,3,0,4,9,1
68.24,62.76,69.15,75.99,79.79,68.07,56.71,53.9,8,1,2,12,2
41.11,49.62,35.61,78.9,67.04,58.39,63.67,17.6,3,1,3,8,2
99.5,100.0,100.0,100.0,100.0,100.0,90.75,75.2,2,0,2,2,0
65.25,61.61,62.08,48.09,62.48,55.71,37.65,11.3,5,1,6,7,2
59.11,60.03,65.9,50.72,67.14,47.6,44.84,33.4,6,2,8,7,2
82.29,100.0,91.91,100.0,100.0,100.0,100.0,112.1,1,0,3,9,0
61.18,63.03,63.17,56.41,77.47,59.87,69.13,15.8,6,4,3,3,2
67.13,84.58,74.7,73.39,79.91,60.49,53.98,49.2,5,2,2,6,2
85.45,88.58,86.93,81.2,100.0,88.5,81.87,66.0,3,0,7,8,2
97.89,85.73,91.32,77.35,86.75,78.21,67.28,46.7,4,0,0,8,1
64.57,62.28,65.38,68.52,70.89,53.91,59.92,36.1,1,1,5,6,2
79.92,87.11,81.83,88.36,86.0,87.9,66.49,48.5,4,0,2,10,1
99.5,100.0,100.0,76.67,80.77,81.68,79.35,49.8,3,0,1,11,0
56.27,47.24,54.48,61.75,69.78,72.7,54.3,57.8,4,3,6,6,2
57.23,54.21,54.47,67.09,79.67,74.79,72.87,40.9,4,3,4,7,2
72.73,62.57,66.85,60.31,70.54,52.72,66.34,14.5,5,1,6,11,2
45.25,29.77,40.43,34.99,54.78,33.01,28.41,5.0,6,5,6,7,2
47.95,42.13,47.42,47.55,62.72,59.14,44.15,24.7,4,4,3,11,2
86.28,91.61,86.32,79.21,90.08,89.65,90.01,72.0,2,1,9,4,2
99.5,95.95,94.12,83.85,90.24,89.32,69.0,70.2,3,0,1,9,0
83.19,78.98,82.6,83.06,88.79,73.13,68.04,55.6,3,0,2,6,1
95.67,100.0,98.73,91.74,94.57,100.0,95.82,66.5,5,0,1,3,0
42.42,28.92,37.75,54.04,54.02,51.18,40.87,5.0,4,2,8,6,2
61.25,57.63,59.5,88.23,91.71,93.21,88.77,85.6,2,4,2,7,2
89.12,100.0,96.43,95.07,99.99,87.04,85.27,90.3,2,1,5,4,2
91.25,90.79,87.18,92.77,95.87,85.23,74.97,81.9,0,0,2,4,0
78.89,63.92,69.85,62.79,90.17,69.57,62.52,51.3,5,0,4,9,2
39.73,20.47,30.12,51.33,46.62,37.73,22.89,5.0,6,0,6,8,2
87.97,77.93,83.69,95.17,100.0,85.2,92.85,83.6,1,0,2,13,0
58.67,65.25,58.63,53.38,68.12,42.31,51.74,11.9,6,2,4,10,2
79.78,81.48,77.97,86.26,82.13,84.13,74.65,92.4,1,0,1,2,0
68.98,63.35,70.46,92.27,88.63,76.24,77.4,46.9,5,0,5,6,2
63.25,63.94,63.18,65.55,74.96,56.79,57.54,16.6,1,3,6,8,2
99.5,100.0,100.0,100.0,98.24,100.0,84.2,100.9,0,0,3,4,0
77.23,81.67,78.94,98.36,93.87,84.91,100.0,91.6,1,1,4,6,1
90.06,99.77,90.9,58.77,77.23,64.81,43.76,68.8,5,0,2,5,1
56.54,49.13,58.15,39.26,60.43,52.3,40.26,31.7,9,0,5,10,2
91.19,90.96,89.49,100.0,100.0,100.0,100.0,104.7,1,1,1,9,0
68.91,80.96,74.84,77.25,86.21,63.66,66.91,60.6,3,4,7,3,2
76.85,72.13,77.99,70.26,81.49,81.85,79.34,93.4,0,0,4,10,1
99.5,100.0,98.93,91.78,100.0,99.23,91.78,100.2,1,0,1,3,0
70.7,76.99,72.08,62.09,79.8,67.58,58.89,28.3,0,1,1,12,1
86.44,89.99,84.65,84.01,97.79,89.42,81.56,103.2,1,0,4,4,0
99.5,100.0,100.0,99.11,96.82,94.51,100.0,100.6,0,0,3,12,0
60.5,53.73,54.86,58.06,69.42,62.65,54.22,30.4,4,2,6,3,2
74.08,74.08,72.97,95.77,93.32,97.81,96.58,52.4,2,0,2,13,1
56.64,54.05,54.21,60.92,68.35,59.95,53.7,22.5,5,3,1,8,2
66.76,66.12,64.24,55.57,70.52,60.0,51.6,17.8,4,3,5,7,2
70.79,71.11,71.95,76.75,91.71,81.7,78.02,59.6,3,0,3,13,1
93.61,100.0,100.0,89.63,100.0,100.0,94.96,102.9,1,0,4,3,0
99.5,100.0,100.0,95.13,100.0,100.0,85.52,64.1,3,0,4,7,0
59.45,59.37,51.63,68.53,73.09,51.97,52.95,8.2,3,0,6,11,2
69.56,65.37,68.12,56.26,80.2,69.22,74.26,64.6,4,3,4,10,2
61.11,61.0,69.93,85.11,80.96,78.35,79.42,76.8,1,1,7,8,2
85.4,92.09,88.3,82.87,99.26,99.38,84.51,75.0,1,0,1,4,0
91.27,86.8,88.23,83.55,86.54,93.51,87.82,88.9,5,0,6,11,2
85.37,100.0,96.03,96.97,100.0,81.13,83.15,72.6,2,0,3,8,0
65.56,47.81,58.7,88.29,90.65,82.03,72.61,46.3,2,1,9,8,2
87.54,85.24,91.33,86.18,89.49,88.84,71.46,47.4,1,2,5,11,2
61.25,65.14,62.04,67.23,82.68,76.27,71.12,55.7,1,1,4,11,2
81.88,85.7,84.98,75.05,77.98,72.76,68.02,46.6,7,0,7,4,2
91.19,87.2,87.12,89.56,89.08,93.06,72.7,56.1,1,1,2,2,0
64.95,55.16,65.21,70.81,71.06,58.46,54.55,38.5,4,3,1,7,2
79.15,75.53,77.56,56.58,73.76,54.41,55.25,43.3,5,2,2,4,2
29.52,8.0,21.85,34.72,43.8,34.83,9.73,5.0,10,4,9,4,2
99.5,95.28,100.0,87.49,100.0,97.15,98.24,97.6,1,0,2,4,0
70.67,77.93,75.26,64.82,80.54,73.69,75.38,56.2,3,1,5,5,2
96.04,100.0,96.86,90.16,100.0,100.0,93.83,87.7,2,0,2,13,0
78.48,79.96,73.48,81.19,85.55,82.45,73.9,70.9,2,1,1,4,1
75.43,81.46,77.27,71.3,83.13,75.96,78.91,50.5,4,2,5,10,2
90.44,97.58,91.71,100.0,100.0,92.35,99.29,63.7,2,0,2,5,0
76.02,68.29,73.14,72.74,69.46,73.68,57.44,36.2,5,2,3,11,2
99.04,93.84,96.22,88.88,83.93,93.52,87.0,62.9,4,0,1,9,0
65.11,72.17,72.79,73.73,85.18,80.14,75.53,63.6,1,2,4,3,2
99.5,98.2,100.0,82.92,100.0,93.07,84.35,81.6,5,0,1,9,0
99.5,100.0,98.29,83.16,96.66,82.8,76.51,51.2,3,0,1,3,0
52.3,44.33,52.04,56.33,66.75,40.03,57.82,40.8,3,2,2,6,2
81.41,89.13,90.09,70.33,74.55,65.0,55.01,44.7,2,1,4,12,1
77.87,70.84,72.65,82.18,74.74,76.71,80.07,63.0,6,1,7,11,2
24.1,10.9,18.17,56.16,62.81,65.18,27.86,21.0,4,3,8,7,2
62.32,59.61,58.58,60.86,78.29,56.75,49.98,49.9,3,2,2,6,2
99.5,95.32,99.37,73.51,87.64,78.48,65.56,57.9,5,0,1,12,1
99.5,100.0,100.0,82.34,97.05,72.28,76.58,36.2,6,1,4,5,1
96.04,100.0,100.0,100.0,100.0,100.0,100.0,95.9,3,0,2,2,0
12.0,8.0,10.0,49.3,48.96,34.72,17.99,49.8,1,10,10,11,2
48.9,38.49,47.51,45.78,52.64,38.4,42.88,31.7,7,2,4,4,2
76.32,59.67,74.93,75.03,77.28,70.58,60.97,56.0,3,2,3,6,2
99.5,100.0,93.18,100.0,98.77,100.0,100.0,123.6,0,0,3,12,0
89.81,91.32,86.39,95.15,100.0,97.25,85.24,84.9,0,0,4,12,0
43.83,38.98,45.71,32.71,60.48,33.8,38.65,23.8,3,2,3,11,2
96.43,84.92,86.16,94.85,99.07,85.37,91.54,61.0,4,0,1,13,0
64.3,52.98,60.28,61.08,69.48,54.55,46.31,7.5,5,1,2,4,2
87.53,89.83,91.31,79.0,83.11,79.87,63.06,87.7,2,1,4,6,1
99.5,100.0,100.0,92.9,98.3,98.99,88.49,84.4,2,0,0,12,0
45.64,45.3,45.13,60.5,66.87,61.16,40.05,24.5,5,2,3,13,2
49.47,47.06,54.06,63.86,66.81,36.38,64.15,28.4,7,5,5,7,2
62.38,58.68,64.31,81.9,86.87,76.2,70.92,61.5,4,1,3,9,2
81.02,82.11,90.26,93.92,82.48,87.92,86.52,38.3,2,1,6,6,2
76.86,81.24,74.05,93.49,100.0,100.0,100.0,92.6,0,1,3,13,0
61.96,61.89,59.83,66.44,82.57,72.33,58.21,52.7,4,1,5,10,2
51.13,60.88,54.58,77.18,76.71,74.12,66.64,82.5,3,5,5,2,2
58.61,52.06,61.33,71.13,71.59,54.16,60.79,27.5,2,3,4,3,2
53.33,47.34,54.03,37.89,63.66,44.91,43.26,5.0,7,0,5,8,2
84.53,88.02,84.23,100.0,97.37,100.0,100.0,79.3,1,1,3,13,0
92.83,96.94,90.48,100.0,95.76,93.94,96.19,78.2,2,0,3,11,0
51.64,59.91,50.43,82.73,71.27,71.44,83.25,47.2,2,1,4,10,2
96.09,98.85,100.0,70.09,88.94,74.38,71.32,52.6,5,0,3,5,1
97.32,100.0,98.24,92.63,100.0,100.0,97.17,100.6,0,0,3,10,0
92.59,100.0,96.2,100.0,100.0,100.0,100.0,136.2,1,0,3,9,0
52.78,45.37,45.99,72.62,79.5,79.64,68.65,21.7,2,3,4,3,2
74.04,72.99,73.76,59.14,73.73,57.69,38.35,5.0,9,1,3,7,2
90.18,98.73,90.0,82.71,90.79,76.92,77.65,61.9,1,1,6,10,2
99.5,100.0,100.0,95.89,92.52,84.13,77.51,54.0,1,1,2,8,0
48.4,37.26,42.84,39.76,60.84,24.31,15.68,5.0,4,3,6,8,2
43.04,28.36,34.61,51.17,47.59,30.67,36.65,5.0,8,3,3,3,2
61.31,62.31,66.48,59.48,71.62,59.96,65.25,55.8,4,4,1,4,2
99.5,100.0,100.0,100.0,100.0,100.0,100.0,146.3,0,0,3,9,0
78.27,90.7,84.97,100.0,93.38,100.0,96.13,89.1,1,1,6,10,2
46.86,37.75,36.22,51.16,65.16,60.24,54.21,63.1,3,6,8,2,2
52.43,51.81,47.97,72.7,72.2,70.24,57.02,71.7,2,2,5,12,2
53.55,37.95,43.56,76.47,72.07,66.71,69.03,47.6,2,2,6,8,2
63.17,74.05,74.83,77.32,81.1,78.64,65.63,67.2,1,0,5,4,2
99.5,99.42,100.0,70.15,82.7,67.9,62.33,27.8,3,0,1,11,1
66.82,65.55,71.77,58.69,75.49,58.05,61.1,30.8,2,0,5,2,2
55.97,66.53,56.99,73.25,76.25,64.69,58.11,68.5,7,3,9,12,2
92.54,90.2,85.51,87.92,90.13,84.95,91.38,75.8,2,0,1,11,0
84.58,90.25,90.8,95.07,100.0,100.0,100.0,81.6,3,0,2,12,0
83.44,77.02,71.93,77.84,91.69,77.16,78.86,60.6,1,1,6,9,2
99.5,94.03,97.75,94.09,100.0,91.63,88.05,99.9,1,0,0,12,0
71.92,76.09,75.92,77.49,98.61,78.26,83.74,83.7,4,0,2,10,1
91.29,96.79,88.9,90.51,92.06,91.06,91.56,72.6,0,0,5,2,2
90.24,77.2,91.32,88.81,97.87,81.9,76.92,66.0,0,0,2,8,0
99.5,100.0,98.55,100.0,100.0,100.0,100.0,115.0,0,1,0,9,0
71.51,73.75,73.67,89.06,96.74,88.34,74.73,55.8,1,2,1,11,1
77.25,84.57,82.16,88.47,86.92,78.78,74.2,58.9,2,2,4,13,1
98.21,100.0,99.65,93.32,97.54,71.25,72.57,81.9,2,0,0,6,0
75.27,84.56,76.55,78.11,88.42,79.85,72.18,69.1,3,3,7,7,2
86.22,100.0,88.21,98.21,100.0,100.0,100.0,123.6,0,0,2,11,0
73.3,77.41,76.38,88.98,98.48,87.66,74.81,63.5,0,3,3,2,1
48.63,46.67,50.4,40.25,50.39,46.87,38.49,27.9,13,5,10,4,2
68.14,72.41,73.67,67.26,74.32,69.19,51.24,34.3,5,2,5,13,2
95.25,92.97,93.79,97.66,100.0,98.48,100.0,82.8,1,1,4,11,0
71.37,66.2,69.73,92.95,80.54,76.5,80.74,42.6,1,1,0,2,1
94.91,94.6,91.26,100.0,100.0,100.0,100.0,61.5,2,0,0,9,0
89.13,98.9,96.94,100.0,100.0,91.59,88.63,90.4,1,0,0,2,0
99.5,94.66,94.27,83.24,90.93,77.27,72.63,58.4,3,0,0,13,0
89.97,79.21,88.24,100.0,91.16,85.38,96.18,87.5,3,0,2,6,1
77.95,70.47,79.16,75.43,94.92,69.64,62.66,54.2,2,1,1,4,1
83.17,78.78,85.49,64.4,79.34,65.6,63.42,43.1,8,2,4,2,2
77.89,86.25,75.62,99.6,92.74,94.78,88.15,86.8,0,1,2,9,0
68.29,80.45,66.73,87.76,92.96,89.49,81.54,86.3,2,0,3,4,1
41.75,44.04,38.95,54.02,59.51,50.66,45.97,38.2,6,10,9,9,2
87.85,89.03,84.06,80.41,77.81,59.51,75.97,77.7,3,2,3,5,1
88.97,84.13,95.58,85.3,88.0,86.19,64.78,70.7,2,0,4,3,1
67.03,52.37,62.94,65.38,84.25,73.88,69.75,48.5,1,4,3,6,2
99.5,100.0,94.63,100.0,94.45,97.95,96.91,122.6,3,0,6,9,2
91.59,96.65,89.53,100.0,100.0,100.0,94.44,115.2,1,1,2,10,0
65.39,67.92,72.61,72.12,85.61,88.63,65.31,67.9,3,1,4,7,2
34.03,31.28,38.16,53.74,50.59,36.98,35.61,10.9,8,7,5,3,2
65.39,67.5,60.9,74.71,68.83,61.88,53.95,46.5,6,3,2,2,2
30.8,26.97,32.44,46.76,57.88,53.36,42.97,14.1,5,3,8,8,2
67.89,59.69,63.52,53.68,69.02,45.42,48.07,26.6,3,0,5,8,2
80.49,71.53,76.27,79.13,91.05,86.05,75.87,70.4,8,2,4,5,2
35.34,21.58,24.69,38.24,55.12,33.81,30.4,27.6,4,2,7,6,2
69.81,57.71,63.64,59.73,63.74,53.34,47.22,24.7,4,3,4,9,2
65.53,88.51,70.12,90.48,86.3,100.0,82.54,80.9,3,1,1,11,1
38.56,43.78,45.6,32.62,56.29,23.9,37.4,25.5,9,2,9,13,2
37.04,16.38,25.31,27.81,50.96,29.62,23.52,5.0,3,1,3,3,2
56.49,58.59,61.93,72.86,69.82,67.88,59.44,60.9,3,3,2,13,2
74.42,68.29,70.54,94.07,100.0,85.84,97.96,88.0,3,3,1,9,1
91.59,99.57,86.94,94.19,100.0,97.36,95.51,88.9,2,0,2,8,0
91.19,89.44,87.88,83.84,91.4,82.84,91.53,67.6,0,0,2,5,0
83.84,84.54,79.02,86.58,84.76,96.45,70.16,62.8,3,2,4,11,1
94.53,100.0,98.34,100.0,100.0,100.0,95.66,76.2,2,2,3,3,0
62.61,60.02,56.72,57.59,66.21,55.43,34.04,22.5,0,4,4,2,2
40.39,52.26,42.86,97.43,88.62,93.05,88.79,72.6,3,1,9,9,2
90.11,88.62,90.58,54.35,75.09,45.04,75.31,29.6,7,1,0,7,1
58.43,50.58,50.37,64.16,63.74,59.27,57.64,58.3,2,1,1,10,2
95.06,91.33,98.92,100.0,100.0,100.0,100.0,117.1,1,0,3,13,0
89.38,89.18,89.83,84.46,92.44,79.29,73.75,60.3,3,3,5,12,2
67.65,65.14,66.76,77.93,85.05,74.54,67.57,56.6,4,2,5,3,2
89.32,91.11,83.68,92.34,94.28,98.29,95.93,79.9,3,1,3,9,1
57.17,46.18,50.62,58.81,68.12,51.01,51.68,7.4,5,4,3,12,2
40.38,42.86,39.92,72.86,69.49,81.61,76.2,67.6,1,4,9,8,2
60.35,65.17,56.96,61.44,70.55,55.95,56.0,5.0,7,0,4,13,2
64.74,48.96,61.88,74.42,80.93,69.13,64.02,65.5,2,2,6,2,2
65.52,53.88,60.9,59.28,78.11,68.42,58.77,35.0,4,2,8,2,2
40.58,42.33,37.44,67.3,65.96,86.27,66.09,47.1,2,4,4,5,2
92.44,85.76,88.17,100.0,97.16,100.0,100.0,71.7,0,0,4,6,0
59.96,47.59,55.04,71.02,74.19,65.45,65.66,31.4,4,1,5,11,2
86.82,100.0,99.43,94.42,95.2,91.82,100.0,89.6,3,1,2,5,0
84.34,86.84,86.51,68.14,82.15,71.77,70.08,49.7,1,1,1,11,1
72.06,94.07,76.81,80.71,96.25,74.62,79.23,62.1,2,0,1,10,0
55.06,37.9,45.49,60.31,68.3,63.75,46.84,32.5,6,2,8,7,2
91.1,100.0,92.47,71.38,80.34,69.95,62.51,36.1,6,0,2,9,1
91.57,86.47,91.54,88.67,100.0,96.35,86.07,53.5,0,1,2,2,0
76.95,83.12,80.47,62.2,78.68,71.16,66.96,64.0,1,3,2,8,1
89.33,78.78,86.81,93.01,100.0,98.31,100.0,99.7,2,2,3,4,1
92.58,96.73,93.36,84.55,86.41,76.46,87.54,62.3,3,1,2,4,1
96.44,100.0,91.16,87.41,85.51,74.38,88.2,80.9,2,2,1,3,1
99.5,100.0,100.0,83.61,100.0,89.83,86.77,69.5,2,0,0,9,0
34.7,13.03,22.95,29.82,54.84,17.7,28.06,5.0,9,3,2,2,2
44.13,37.8,43.47,61.39,67.13,64.27,44.6,21.1,5,1,6,6,2
63.3,62.85,57.78,68.29,80.37,63.61,63.41,35.8,5,3,4,13,2
77.8,67.17,73.29,68.74,81.24,68.1,58.97,27.4,3,2,4,13,2
59.46,56.8,60.99,68.08,75.23,71.99,69.02,62.7,3,2,2,13,2
48.15,37.64,51.69,32.42,51.82,32.78,36.04,12.6,5,1,16,9,2
88.27,93.62,87.76,86.56,93.81,86.99,76.93,62.1,1,0,3,10,0
99.5,94.07,100.0,100.0,100.0,100.0,93.32,87.3,0,0,0,11,0
70.97,65.72,72.72,72.48,78.5,71.59,61.88,69.2,6,5,5,13,2
27.89,22.67,24.1,65.14,66.32,42.19,50.76,20.1,5,2,10,12,2
94.99,100.0,96.58,100.0,100.0,100.0,100.0,108.6,0,1,2,8,0
93.48,91.32,90.12,100.0,96.4,90.19,89.15,61.8,1,0,2,6,0
95.89,100.0,94.19,85.98,98.15,82.18,77.18,77.7,3,2,3,11,1
99.5,100.0,93.53,100.0,100.0,100.0,100.0,94.9,0,0,2,11,0
67.85,67.22,63.31,50.22,67.3,51.83,64.43,25.8,2,3,4,6,2
99.08,100.0,88.95,95.38,100.0,97.05,92.66,77.2,0,0,5,9,2
44.52,30.88,39.56,36.78,56.27,27.67,17.67,5.0,5,6,5,10,2
63.58,68.86,71.34,60.39,76.52,54.92,46.41,25.8,5,2,1,7,2
86.0,90.75,88.52,77.49,76.32,65.17,74.43,36.6,3,2,3,2,1
75.61,87.38,80.03,90.45,91.27,93.72,75.39,39.8,2,2,3,3,1
68.76,66.83,65.35,55.78,71.09,69.94,54.35,34.9,2,3,5,2,2
58.57,62.37,67.39,77.48,78.98,73.83,69.63,25.0,2,4,6,3,2
79.03,89.28,86.87,100.0,88.44,98.04,89.67,86.7,2,0,2,7,0
54.13,53.95,48.77,32.91,57.77,22.47,32.38,5.0,4,4,4,6,2
75.61,59.93,77.81,83.82,82.08,75.08,92.68,66.2,1,1,3,5,1
93.39,97.21,100.0,94.3,97.85,89.69,73.71,62.1,3,0,2,6,0
96.29,100.0,93.33,90.67,100.0,94.02,100.0,78.3,1,0,2,12,0
92.74,99.28,98.2,53.04,88.37,71.58,69.05,51.7,11,1,3,5,1
89.83,87.83,88.17,80.22,88.25,87.98,71.75,94.7,1,1,2,7,1
90.68,97.53,85.26,79.95,98.9,97.39,92.9,71.9,2,0,2,3,0
48.19,46.76,43.85,59.04,58.17,48.87,49.3,25.1,6,0,6,11,2
96.2,100.0,100.0,100.0,100.0,95.2,92.44,85.1,2,0,3,2,0
51.06,45.24,51.25,52.85,46.49,32.38,26.99,6.0,6,6,6,6,2
90.57,96.33,100.0,90.27,99.23,98.66,85.05,67.1,4,0,1,6,0
29.56,20.12,26.56,55.7,66.14,45.41,37.28,20.9,8,5,10,3,2
40.49,43.54,34.27,56.27,62.78,56.32,42.4,5.0,2,3,10,4,2
91.66,97.44,89.78,65.34,85.45,67.38,70.35,5.0,6,1,4,2,2
78.93,86.7,79.93,90.81,78.7,87.15,71.55,51.2,3,0,2,9,1
65.07,76.94,68.22,91.17,98.43,95.27,93.38,105.2,4,1,5,10,2
34.79,27.5,30.51,53.48,57.71,43.98,35.0,13.7,3,3,5,6,2
69.11,65.31,68.75,65.17,85.26,65.94,68.18,67.1,5,0,5,7,2
99.5,100.0,100.0,100.0,100.0,99.88,92.84,118.9,3,0,1,9,0
69.93,79.58,74.96,87.23,87.16,74.39,81.28,86.2,3,0,4,13,1
91.73,100.0,86.94,76.65,88.16,81.95,62.81,57.6,5,1,4,11,1
60.23,62.49,62.33,79.58,78.7,87.37,70.21,50.8,5,2,5,5,2
90.17,94.24,84.27,87.1,100.0,78.81,71.54,42.9,3,0,2,10,1
90.58,94.05,89.02,87.49,92.15,70.82,81.91,65.8,3,0,3,2,1
97.17,100.0,100.0,62.84,79.65,54.66,54.93,61.3,3,0,2,13,1
84.77,93.79,79.78,83.99,100.0,80.27,83.39,89.8,3,1,4,6,1
72.97,69.0,79.01,74.51,85.86,54.62,55.56,69.0,0,0,3,4,1
80.21,88.88,85.31,92.2,95.88,97.77,100.0,82.7,1,2,1,5,0
86.81,75.83,83.65,79.61,88.59,80.05,71.62,53.9,3,1,2,3,1
36.78,27.17,27.4,54.92,70.38,49.27,45.67,32.8,4,2,9,11,2
95.64,89.45,93.28,100.0,99.47,100.0,86.79,105.2,0,0,2,12,0
81.03,69.66,74.37,52.97,69.53,57.52,58.25,25.2,5,1,3,6,2
70.54,65.28,64.72,74.45,77.27,86.22,69.68,67.7,4,1,3,10,2
74.49,63.4,69.42,85.46,92.74,95.03,87.33,72.7,2,2,4,8,1
71.24,75.39,81.88,59.45,74.89,47.76,62.08,30.2,2,2,2,9,2
90.6,91.75,93.83,88.57,92.99,99.7,85.12,75.0,4,0,3,9,1
84.28,85.0,83.32,90.12,94.54,80.67,84.38,74.2,2,0,1,3,0
37.07,29.09,35.18,77.34,72.29,69.86,70.85,50.2,4,4,7,13,2
60.53,60.23,58.34,69.71,76.89,65.68,51.27,29.5,5,2,2,8,2
81.82,97.13,90.11,94.04,100.0,96.38,91.62,71.6,1,1,2,3,0
99.5,100.0,94.42,100.0,98.9,100.0,100.0,70.6,2,0,2,10,0
88.32,98.73,95.35,100.0,100.0,97.02,100.0,125.6,3,1,3,8,1
99.5,87.82,88.6,88.79,91.64,95.93,82.16,82.5,2,0,1,2,0
42.67,36.18,38.71,67.8,62.86,32.48,49.47,20.2,3,2,5,2,2
67.57,70.84,72.9,63.8,66.53,78.67,71.03,60.2,1,0,4,3,1
74.65,82.99,84.74,73.41,74.51,84.83,65.14,51.9,3,0,4,12,1
58.11,58.36,48.86,57.56,71.8,54.08,56.99,50.6,5,4,3,10,2
94.44,100.0,91.47,91.07,100.0,97.7,100.0,81.6,0,0,3,10,0
83.23,75.24,79.93,73.33,83.14,62.52,65.65,25.7,3,1,4,10,2
92.74,93.65,95.66,100.0,100.0,100.0,97.64,74.0,1,0,1,8,0
93.52,100.0,93.24,100.0,100.0,86.49,86.22,80.4,2,1,2,7,0
40.93,39.99,40.16,40.58,58.78,28.47,19.9,5.0,3,3,2,2,2
54.24,62.87,57.37,55.93,69.28,67.15,54.12,41.0,5,1,6,9,2
76.12,69.72,73.13,100.0,100.0,100.0,100.0,93.2,1,3,6,8,2
82.25,85.33,83.08,79.31,95.61,77.07,90.39,61.5,3,0,1,13,1
91.43,99.09,94.27,84.81,88.86,80.06,82.28,65.3,6,1,3,2,1
99.5,100.0,100.0,79.0,94.58,88.76,98.77,80.0,1,0,0,13,0
74.11,79.21,75.12,81.84,89.03,84.24,67.78,36.6,3,3,6,5,2
51.93,48.76,55.71,61.98,59.69,69.52,57.55,54.7,4,2,6,2,2
89.77,69.12,81.66,85.63,77.2,78.78,65.64,56.8,3,0,4,11,1
88.94,100.0,90.26,98.65,98.13,100.0,100.0,59.9,1,1,1,2,0
77.24,85.34,79.19,91.34,81.9,98.59,100.0,43.9,1,0,4,13,1
40.07,23.76,26.93,37.6,63.42,26.22,19.28,14.8,8,5,8,2,2
90.25,90.15,85.8,81.54,100.0,79.22,96.94,73.2,1,0,0,9,0
94.96,97.77,93.05,88.03,89.05,82.51,76.22,74.4,1,1,0,12,0
99.5,100.0,100.0,100.0,97.72,100.0,100.0,134.7,0,0,2,12,0
96.69,85.97,99.16,88.2,78.9,71.89,59.61,48.0,2,1,6,10,2
97.27,99.06,96.49,100.0,100.0,100.0,100.0,124.9,2,0,2,11,0
83.74,90.84,82.25,88.18,91.97,95.53,94.77,63.5,3,1,1,9,1
74.87,69.76,76.28,73.77,69.31,68.49,61.06,42.4,4,3,4,2,2
85.76,69.67,80.38,61.01,88.09,61.0,61.59,51.7,7,0,2,3,2
68.57,63.12,71.14,69.49,81.22,62.77,74.74,38.8,4,1,5,12,2
98.49,100.0,100.0,100.0,100.0,100.0,100.0,83.1,1,0,4,9,0
53.2,40.84,50.76,70.88,80.57,59.85,81.21,36.2,3,1,3,5,2
99.5,100.0,100.0,100.0,97.88,90.57,94.7,72.8,2,0,4,5,0
99.11,100.0,100.0,100.0,93.48,88.88,100.0,69.6,4,0,1,8,0
84.33,95.75,92.28,79.86,100.0,99.8,99.05,70.3,2,0,1,7,0
82.48,85.21,87.31,78.54,86.35,84.82,64.64,79.7,2,0,2,13,1
82.5,79.68,85.13,100.0,95.63,100.0,98.1,96.6,1,1,5,5,2
63.24,59.99,61.73,88.91,92.72,77.76,79.28,66.2,4,1,4,6,2
60.84,72.45,62.02,81.27,74.29,89.52,74.48,71.3,1,4,8,10,2
56.58,53.5,55.52,85.61,82.49,86.35,77.26,94.4,3,1,7,8,2
94.58,97.45,94.06,90.53,100.0,78.88,79.97,79.1,1,0,1,8,0
71.35,69.58,66.97,80.63,82.97,73.0,57.29,70.7,0,0,6,7,2
95.88,100.0,100.0,90.41,92.97,100.0,92.03,85.4,0,0,2,2,0
92.72,94.8,93.47,75.27,89.13,81.93,74.16,82.0,0,1,2,4,0
62.94,59.6,57.47,69.83,72.7,69.78,57.02,58.9,4,3,1,8,2
96.26,98.32,100.0,100.0,89.41,97.29,99.65,54.9,3,0,1,12,0
83.52,85.41,84.7,89.49,85.09,87.6,99.43,112.9,1,1,2,2,0
89.67,89.45,93.56,96.64,87.06,83.36,79.56,56.0,4,0,3,13,1
56.19,40.68,48.82,50.05,48.67,41.74,36.89,5.0,1,1,7,11,2
99.5,97.7,100.0,100.0,100.0,100.0,100.0,102.5,0,0,1,10,0
68.57,61.63,68.49,48.38,63.54,55.47,45.59,57.8,3,0,1,4,2
88.64,88.07,88.84,100.0,96.33,92.86,96.06,63.5,0,0,2,2,0
68.97,71.46,67.4,81.75,89.83,76.13,82.84,81.8,1,1,4,9,1
99.5,97.38,100.0,94.61,98.94,100.0,100.0,83.6,4,0,3,5,0
62.42,48.33,59.46,71.3,79.05,70.11,74.05,64.4,3,1,4,6,2
92.67,100.0,90.65,86.96,100.0,98.73,96.1,74.9,2,0,2,3,0
51.37,43.83,58.19,61.89,67.12,64.39,72.5,37.3,7,7,5,12,2
61.24,39.33,59.44,52.57,67.58,52.75,47.14,16.1,3,1,3,3,2
99.5,100.0,100.0,92.26,100.0,100.0,100.0,89.3,1,0,1,9,0
73.04,70.76,75.59,77.08,96.16,71.3,88.63,52.4,2,1,3,10,1
65.0,63.16,64.23,83.6,84.59,66.74,66.48,48.8,2,4,4,11,2
81.42,81.62,78.97,78.59,77.37,70.92,65.91,57.1,5,1,2,11,2
99.5,100.0,100.0,86.08,94.19,89.67,73.45,101.3,2,0,1,4,0
75.5,78.7,73.45,70.15,89.88,79.93,67.25,66.5,4,3,0,11,2
86.51,71.49,82.29,65.22,81.33,52.95,59.53,26.3,7,0,2,11,2
53.97,40.77,46.32,75.34,74.72,49.86,56.28,25.4,5,3,4,9,2
83.96,72.55,76.27,88.3,73.29,72.14,76.58,43.1,2,0,1,13,1
92.2,85.82,90.36,67.57,75.08,57.85,59.99,36.5,5,1,1,10,2
81.4,85.8,87.24,86.62,94.71,88.13,74.2,57.0,4,0,8,8,2
75.68,74.18,76.16,88.33,97.08,87.14,84.89,101.8,0,0,4,13,1
48.63,40.38,45.75,68.45,73.32,65.01,60.81,41.3,3,1,6,12,2
99.5,98.01,91.75,98.26,98.97,100.0,86.24,76.8,1,0,1,4,0
72.78,64.22,68.72,66.25,69.22,67.23,50.32,37.7,3,3,6,12,2
99.5,100.0,94.05,100.0,100.0,97.45,100.0,98.9,3,0,2,5,0
71.19,73.02,72.12,98.24,88.15,92.48,100.0,68.5,2,2,1,4,1
78.51,88.76,82.39,74.33,86.44,90.35,77.31,67.5,4,2,4,12,2
99.5,100.0,99.46,100.0,100.0,100.0,100.0,121.6,1,0,2,12,0
89.06,88.82,88.84,83.47,86.45,68.22,66.98,38.7,1,2,5,3,2
78.96,78.97,80.97,72.38,85.35,73.51,85.32,54.9,0,3,1,3,1
81.72,79.02,82.96,60.22,70.24,49.2,57.48,40.2,3,1,1,6,2
74.15,74.21,75.53,60.11,72.66,56.46,36.95,28.7,5,0,7,2,2
99.5,100.0,100.0,87.81,89.59,95.06,92.51,78.6,2,0,2,5,0
85.13,100.0,81.12,100.0,98.1,100.0,93.85,86.0,2,1,7,6,2
63.93,70.81,62.54,55.06,80.27,58.17,47.6,19.5,3,2,4,6,2
93.63,89.73,93.91,93.23,90.92,73.73,69.33,66.6,3,2,5,11,2
39.62,43.78,41.22,53.57,60.53,61.78,44.06,55.1,6,0,7,8,2
69.85,79.0,69.88,84.66,79.48,74.31,69.66,36.9,4,2,3,13,2
85.9,83.35,86.67,100.0,100.0,100.0,95.1,82.3,2,0,4,2,0
78.45,68.12,77.47,100.0,97.5,92.16,93.88,114.7,1,1,2,12,1
99.5,100.0,96.66,100.0,100.0,100.0,99.31,93.3,0,0,5,10,2
88.99,84.74,84.8,69.8,80.9,59.85,58.86,35.4,3,2,5,3,2
99.5,86.12,87.87,100.0,100.0,94.91,83.31,64.7,0,0,1,5,0
30.68,23.19,27.44,46.92,58.93,27.47,23.62,30.0,3,2,2,6,2
77.75,76.29,77.01,64.98,70.66,63.4,75.91,56.5,3,1,3,11,2
61.84,48.28,52.45,32.49,52.48,28.38,41.6,9.2,7,2,5,10,2
48.36,60.63,50.94,80.81,83.61,77.85,83.48,58.2,3,6,7,6,2
97.05,95.28,96.17,69.33,84.53,67.94,74.34,47.4,1,0,2,9,0
90.91,87.59,93.32,81.85,84.56,62.37,75.37,51.1,1,0,6,8,2
44.17,38.84,40.61,65.31,60.01,56.23,67.84,34.3,3,1,2,3,2
93.94,88.21,88.15,97.9,88.02,88.81,75.53,66.3,4,1,1,13,1
99.5,97.62,100.0,95.3,100.0,90.58,96.52,105.7,0,0,0,4,0
77.05,59.22,73.05,93.63,91.18,100.0,97.11,95.6,3,0,3,7,1
97.32,100.0,93.14,100.0,100.0,100.0,96.12,111.3,1,0,4,4,0
51.43,48.7,53.24,38.44,57.32,40.94,25.34,8.8,10,0,5,3,2
85.06,90.91,85.18,87.88,100.0,82.67,79.76,89.7,1,1,5,8,2
77.87,77.29,81.75,69.53,78.45,67.84,52.56,70.0,2,0,2,2,1
58.56,54.0,55.16,62.1,76.76,62.37,40.1,25.3,1,4,4,9,2
99.5,100.0,92.51,100.0,100.0,100.0,100.0,125.0,1,0,1,12,0
53.52,46.34,48.51,57.98,60.16,40.96,52.83,5.0,4,2,5,5,2
99.5,100.0,96.17,91.08,95.06,100.0,100.0,94.6,1,0,1,5,0
99.5,100.0,97.03,98.55,95.25,92.26,89.73,87.0,6,0,4,9,1
92.55,88.69,81.9,100.0,99.26,100.0,99.81,102.2,1,0,0,13,0
84.86,97.93,89.35,100.0,97.92,100.0,100.0,84.9,2,1,2,8,0
99.5,97.54,90.61,99.84,100.0,100.0,100.0,88.8,1,0,1,7,0
92.2,91.7,91.5,91.64,76.63,86.87,84.24,83.7,2,0,5,6,2
99.5,100.0,90.04,96.81,95.51,84.05,86.91,74.9,4,1,2,4,1
80.18,90.42,79.68,77.89,86.38,75.45,100.0,61.6,3,0,3,8,1
79.19,75.41,79.95,78.82,96.78,80.67,79.86,70.0,1,2,3,12,1
89.14,88.84,91.82,61.77,80.16,59.52,46.35,42.6,3,0,1,5,1
69.95,57.99,62.22,68.78,78.81,71.44,89.58,45.3,4,4,3,5,2
36.33,30.31,36.23,63.9,68.91,68.8,42.15,28.5,4,4,2,5,2
67.86,64.56,59.3,86.53,76.67,73.07,81.51,38.9,1,1,7,6,2
88.59,96.82,95.62,68.35,83.63,52.52,72.78,46.4,3,3,2,11,2
84.41,82.52,88.4,95.09,97.44,89.23,84.85,72.2,1,5,5,11,2
74.08,60.03,67.9,75.62,78.16,53.93,53.33,31.2,6,2,2,11,2
61.27,51.07,55.63,52.32,69.37,48.17,53.08,16.4,6,3,5,11,2
72.2,58.64,57.66,43.3,58.61,36.43,30.14,5.0,6,2,2,2,2
92.5,98.76,94.63,89.38,92.02,100.0,80.14,96.6,5,2,4,2,1
65.8,71.69,70.67,66.19,77.6,64.79,61.19,50.8,1,2,4,3,2
71.3,72.99,73.39,91.42,87.61,78.84,93.72,47.5,1,0,5,5,2
95.37,100.0,97.73,92.32,91.76,78.77,69.99,68.6,1,0,2,8,0
41.58,33.47,32.76,45.46,58.83,42.09,45.99,13.7,7,0,6,8,2
53.75,56.27,55.23,74.63,78.55,71.52,67.99,50.7,3,4,6,5,2
78.93,70.61,72.31,80.87,86.58,76.9,73.29,48.7,8,0,2,13,1
99.5,100.0,100.0,92.05,96.64,91.64,100.0,64.7,1,0,1,10,0
99.5,100.0,100.0,98.45,100.0,100.0,93.21,106.5,0,0,0,12,0
97.18,95.15,97.47,83.31,100.0,87.19,89.38,84.6,3,1,6,2,2
56.74,54.33,55.98,73.29,82.41,68.06,65.98,68.9,2,2,5,2,2
45.93,42.23,40.73,74.6,69.95,63.78,63.41,30.5,3,2,5,4,2
43.72,30.14,35.29,73.22,73.69,66.85,55.54,24.0,6,2,7,4,2
97.92,100.0,100.0,100.0,100.0,100.0,100.0,123.1,0,0,2,8,0
99.5,97.64,95.21,100.0,100.0,79.43,93.07,73.4,0,0,0,7,0
70.65,64.88,68.52,55.72,67.97,51.91,62.92,17.2,5,3,2,12,2
51.93,52.22,52.44,65.04,80.0,63.22,56.22,23.5,6,1,2,12,2
70.75,78.22,73.59,85.0,92.95,80.0,71.0,48.2,2,1,7,9,2
72.01,64.42,69.84,78.2,93.75,83.83,85.94,60.9,2,0,3,9,1
99.5,100.0,100.0,82.1,87.63,71.48,60.47,54.7,2,0,1,3,0
77.56,88.34,82.23,91.68,85.96,88.89,70.32,49.7,0,0,3,12,0
82.06,75.12,81.4,69.01,86.6,70.63,56.36,24.8,3,2,1,3,1
87.72,99.66,91.04,97.24,97.07,100.0,89.73,86.7,5,0,2,8,1
30.05,28.52,28.68,60.34,53.19,49.91,52.68,39.8,8,2,8,12,2
87.58,87.74,89.51,60.93,80.13,39.85,63.87,10.2,4,2,3,13,2
72.82,73.8,78.81,55.1,79.7,60.76,50.76,16.6,2,1,5,13,2
94.48,95.03,99.84,96.46,95.57,100.0,88.21,103.1,4,1,3,3,1
90.28,85.58,75.85,80.27,100.0,72.24,69.74,93.6,2,0,0,3,0
33.35,33.61,26.73,40.94,51.77,42.57,32.43,8.7,6,3,7,13,2
32.01,25.68,37.91,62.89,66.28,58.57,52.84,28.9,1,3,7,3,2
39.03,20.25,29.76,47.23,65.49,50.48,42.82,21.4,4,3,3,9,2
58.23,51.03,53.96,49.62,65.42,57.7,50.69,17.1,1,2,4,10,2
88.89,89.28,86.71,77.53,91.4,85.62,79.98,40.3,5,2,5,3,2
98.75,100.0,94.0,100.0,100.0,100.0,99.73,98.0,3,0,3,9,0
91.92,89.19,87.79,73.65,92.57,59.46,48.61,67.9,3,0,1,10,1
52.89,55.86,51.84,31.5,64.52,35.04,16.3,12.6,2,1,3,8,2
99.5,99.7,97.57,100.0,100.0,96.15,100.0,82.7,0,0,0,9,0
81.18,68.84,72.57,75.29,84.71,72.0,100.0,36.6,4,1,1,8,1
68.08,55.41,66.93,62.79,74.6,86.25,48.6,42.5,6,0,11,12,2
38.36,23.62,32.39,49.25,56.01,31.1,18.66,8.8,7,3,5,7,2
39.91,31.23,37.2,21.78,41.6,26.45,29.3,5.0,6,4,5,3,2
63.14,63.99,63.82,95.96,87.1,90.16,81.56,93.4,6,3,9,8,2
62.1,55.65,57.56,33.95,61.21,39.34,37.9,28.7,7,1,5,10,2
53.61,47.54,48.47,65.76,77.24,51.6,56.01,50.4,3,2,9,13,2
99.5,100.0,93.76,78.83,94.71,94.97,81.27,74.8,1,0,1,12,0
97.65,90.98,98.01,87.13,100.0,96.14,100.0,66.6,5,1,1,2,1
53.09,42.54,48.49,41.69,47.47,28.17,17.7,6.1,7,2,5,5,2
66.78,63.35,70.38,54.88,51.05,36.61,35.38,29.7,4,3,4,7,2
60.78,53.62,59.57,65.92,84.96,67.73,75.85,28.2,5,1,3,9,2
99.5,100.0,100.0,100.0,97.15,98.75,100.0,100.9,2,0,1,6,0
80.69,66.77,73.87,68.57,86.94,70.05,75.69,60.9,4,5,2,10,2
61.57,59.81,57.01,70.67,56.48,41.18,43.37,36.1,2,2,3,5,2
73.02,77.2,82.05,67.64,84.14,73.81,56.1,47.6,2,1,3,12,1
99.5,98.41,100.0,92.94,99.44,94.53,100.0,89.2,4,0,0,2,0
68.87,70.48,62.03,77.23,76.81,74.97,72.23,59.2,3,2,0,3,1
44.95,29.01,40.73,34.39,60.07,30.96,35.48,5.0,2,2,7,5,2
48.78,42.78,49.32,35.6,63.91,42.87,43.0,5.0,4,4,3,13,2
75.38,76.98,75.1,86.03,95.42,88.17,93.81,70.9,0,3,4,5,1
67.96,66.56,62.29,71.87,72.39,64.76,68.77,41.1,5,4,4,3,2
92.59,96.12,93.19,91.62,98.74,98.84,100.0,100.5,1,0,2,3,0
78.08,78.6,79.05,88.91,96.7,97.68,99.02,123.7,3,0,4,9,1
99.5,100.0,96.88,100.0,100.0,100.0,100.0,144.2,0,0,4,9,0
56.58,60.81,61.07,74.35,72.56,75.44,71.03,41.8,6,2,3,10,2
56.86,65.99,53.9,47.06,70.9,50.29,53.18,28.2,6,1,4,13,2
89.21,100.0,94.02,74.36,100.0,67.49,71.95,71.5,3,0,1,6,0
74.6,80.97,84.78,76.69,79.81,57.75,63.43,51.5,1,0,3,6,1
99.5,100.0,100.0,100.0,100.0,96.66,94.62,107.8,0,0,1,4,0
77.63,89.11,87.78,97.33,90.95,88.39,89.43,62.1,1,0,5,11,2
46.56,48.5,46.75,71.95,72.67,80.3,68.56,48.2,3,3,5,11,2
88.81,92.51,91.04,100.0,100.0,100.0,92.04,86.8,1,1,3,13,0
89.33,100.0,91.65,80.59,98.33,85.7,80.56,75.1,3,0,2,8,0
37.34,46.82,39.34,85.5,81.35,87.27,83.5,71.0,4,3,5,12,2
98.03,96.72,99.56,95.15,100.0,93.58,81.66,85.7,2,0,0,9,0
41.04,42.28,37.76,58.63,64.34,45.3,49.33,31.8,3,6,4,3,2
77.77,79.45,81.74,68.91,88.33,61.79,55.71,39.7,2,3,3,4,2
86.76,76.85,84.94,60.26,84.4,57.8,67.48,48.0,6,1,0,12,1
53.08,47.43,46.07,64.04,73.29,55.24,34.8,19.8,6,2,6,10,2
94.11,99.09,99.88,91.45,88.67,94.32,93.93,106.4,2,0,3,2,0
50.18,26.37,49.56,53.81,75.69,63.36,52.25,21.9,4,2,3,6,2
50.5,37.1,48.96,52.0,74.3,53.37,58.85,30.4,5,1,6,9,2
92.4,100.0,87.53,84.69,99.91,95.43,97.53,66.1,3,0,0,12,0
65.97,59.48,73.01,68.61,88.75,64.8,72.91,35.1,1,3,3,4,2
55.49,61.77,49.02,83.73,77.57,79.1,81.23,47.8,1,1,4,5,2
44.68,46.39,38.46,40.69,59.73,43.03,36.72,9.0,7,4,9,3,2
62.86,45.83,49.36,81.94,69.72,58.69,71.68,70.0,4,3,5,12,2
99.5,100.0,98.58,90.46,100.0,94.35,81.33,87.1,3,0,1,8,0
60.24,57.2,51.3,65.29,68.51,63.65,69.84,48.2,8,0,4,4,2
43.22,41.93,33.74,59.6,56.0,64.1,48.61,27.1,1,4,9,8,2
72.86,85.83,75.0,72.69,72.88,63.19,54.42,65.2,8,3,1,4,2
99.5,100.0,96.75,86.39,84.66,85.2,73.9,40.0,3,0,1,5,0
65.35,67.28,64.84,92.09,83.34,88.46,81.83,56.8,3,1,4,5,2
60.7,59.27,62.01,89.34,83.63,79.56,88.74,68.8,1,1,7,8,2
93.75,95.71,100.0,97.11,100.0,98.14,91.99,91.0,4,0,1,5,0
80.76,73.66,77.88,59.39,71.27,62.91,64.98,25.3,6,0,1,13,2
84.74,98.91,91.85,89.56,100.0,86.8,95.55,74.5,0,1,1,12,0
60.72,56.73,57.97,29.93,63.81,37.23,31.11,10.1,4,2,2,5,2
84.04,91.88,91.62,97.64,100.0,100.0,91.88,111.8,0,1,2,4,0
98.89,100.0,100.0,100.0,100.0,100.0,100.0,77.7,2,0,0,12,0
59.77,61.28,57.91,59.19,77.19,66.13,56.52,41.0,7,1,5,5,2
57.42,42.96,46.49,77.81,71.74,70.49,66.33,65.9,3,0,4,5,2
65.89,75.89,67.27,74.21,72.84,63.01,59.37,59.6,3,1,9,6,2
76.85,75.69,74.47,79.96,82.35,88.47,68.7,41.2,3,1,2,2,1
99.5,93.04,96.09,82.61,94.82,73.88,73.43,43.1,6,0,1,3,1
74.93,81.47,77.37,68.97,79.53,61.46,54.74,32.9,6,1,5,6,2
91.86,100.0,94.01,98.86,100.0,100.0,100.0,77.7,1,0,0,3,0
40.96,34.87,33.52,53.49,66.13,56.84,48.99,40.1,6,0,7,12,2
40.57,48.98,42.7,62.5,75.23,71.73,52.79,52.1,9,3,5,2,2
74.27,83.01,78.65,86.57,87.02,78.37,80.33,63.1,4,3,4,10,2
86.21,89.69,93.51,84.91,84.21,80.33,77.27,65.1,5,2,3,7,2
69.55,61.06,63.95,89.87,95.94,80.64,95.48,92.9,2,2,3,5,1
99.5,100.0,99.51,100.0,100.0,94.12,100.0,56.6,1,0,3,2,0
41.03,33.71,37.65,46.33,56.48,47.66,43.52,19.8,5,4,5,4,2
62.26,56.75,58.0,68.25,77.64,45.7,60.37,39.5,3,0,5,7,2
47.11,45.94,44.6,80.4,80.75,75.98,67.79,72.5,2,0,3,2,2
74.94,84.98,71.2,95.86,92.73,100.0,95.12,57.9,2,0,2,10,0
91.15,84.91,90.46,78.03,100.0,88.97,94.55,70.6,2,0,1,5,0
34.4,39.04,38.73,56.14,47.91,61.68,61.48,17.0,1,2,6,8,2
76.88,76.77,75.08,77.47,89.58,74.57,75.43,74.5,3,0,5,9,2
50.2,37.95,47.43,59.39,52.79,65.27,53.33,23.6,5,2,3,4,2
54.9,46.38,44.59,52.21,65.12,59.13,58.45,16.9,0,6,5,9,2
49.06,47.68,54.34,74.63,76.49,58.31,54.67,43.6,5,2,8,5,2
99.5,100.0,96.5,100.0,100.0,92.36,100.0,84.4,0,0,3,2,0
58.07,62.46,58.57,65.95,73.98,66.67,73.4,68.5,6,2,5,13,2
12.58,15.92,17.44,68.1,59.82,68.41,39.72,42.9,5,3,4,2,2
28.28,20.11,19.27,36.12,51.74,42.02,40.5,5.0,6,3,7,10,2
99.5,100.0,97.66,96.71,100.0,93.7,100.0,109.9,1,0,0,2,0
75.08,88.02,76.99,72.2,76.26,71.77,61.59,73.2,4,1,1,4,1
99.5,100.0,100.0,93.02,98.02,92.45,84.81,72.6,2,0,1,8,0
61.79,58.32,56.59,79.33,85.31,69.61,78.78,45.7,4,0,7,2,2
73.33,74.05,76.53,97.96,100.0,85.76,95.87,73.6,3,0,1,6,1
60.2,59.24,60.75,79.34,75.26,56.99,52.69,48.2,5,2,3,11,2
82.88,73.08,72.82,67.98,78.51,66.0,50.96,71.0,4,0,3,7,2
99.5,100.0,100.0,100.0,94.62,100.0,99.16,82.1,1,0,2,9,0
92.11,94.65,100.0,81.33,85.04,79.3,72.84,69.7,4,0,4,8,1
94.46,100.0,92.84,72.82,87.21,90.39,76.76,83.7,5,1,2,9,1
86.11,77.26,80.6,83.82,90.28,84.34,93.28,70.9,1,0,3,9,1
45.44,24.91,32.35,39.45,61.38,47.49,49.43,16.3,3,0,9,4,2
92.78,98.96,94.81,100.0,100.0,100.0,100.0,108.1,0,0,4,7,0
76.05,78.56,81.28,88.11,85.31,87.46,78.26,77.1,0,1,3,6,1
61.23,53.78,55.59,85.34,89.02,80.12,66.56,49.4,2,0,6,11,2
85.88,75.96,78.34,86.46,93.98,70.1,75.16,52.6,3,2,3,10,1
99.37,100.0,100.0,100.0,100.0,100.0,100.0,106.2,0,0,2,5,0
49.32,48.28,45.79,81.34,66.83,88.54,58.86,64.2,3,2,13,5,2
99.5,100.0,96.76,99.73,100.0,87.94,94.45,121.4,0,0,3,4,0
94.88,90.9,92.34,89.76,100.0,99.52,97.45,78.7,3,2,2,5,1
60.7,58.1,52.67,61.96,70.74,78.07,89.92,68.4,2,4,4,4,2
93.06,100.0,92.24,100.0,97.19,97.26,100.0,108.6,1,0,3,3,0
99.5,100.0,100.0,100.0,100.0,100.0,100.0,104.0,0,0,0,11,0
96.98,94.41,98.79,92.37,87.0,88.45,87.32,102.8,5,0,3,6,1
99.5,100.0,100.0,73.08,86.6,76.97,62.23,61.9,2,0,0,8,0
57.96,60.08,61.2,41.01,57.72,44.25,27.38,5.0,6,1,4,11,2
97.39,99.19,100.0,88.01,98.47,92.77,100.0,95.1,3,0,4,9,0
91.91,91.22,89.95,88.6,90.69,92.15,89.64,92.7,5,0,2,9,1
94.96,100.0,96.54,100.0,95.35,97.59,79.84,83.7,1,0,5,12,2
41.54,37.87,41.56,49.66,54.64,51.44,48.53,31.6,5,2,3,13,2
74.92,78.5,74.34,75.74,69.98,75.16,72.96,57.6,2,3,6,6,2
49.31,44.07,52.56,47.3,61.21,43.38,31.53,15.0,5,5,7,4,2
99.5,100.0,92.9,96.05,100.0,92.71,100.0,76.9,2,1,0,9,0
42.35,50.91,44.33,80.26,68.77,75.89,69.72,49.9,2,3,8,7,2
99.5,100.0,100.0,78.45,99.13,86.3,95.63,91.5,3,0,3,2,0
99.5,95.6,100.0,83.34,99.56,86.92,99.0,88.3,1,1,0,3,0
69.76,74.13,69.41,64.32,80.39,69.37,67.36,33.4,2,1,3,6,2
79.23,79.33,80.51,79.26,70.41,76.05,66.45,51.2,3,0,4,3,1
56.71,46.0,53.85,67.66,75.12,68.28,76.81,70.2,2,1,5,9,2
69.18,59.14,74.06,65.37,72.52,55.15,54.09,23.9,5,1,4,5,2
75.48,72.33,71.09,71.03,78.37,74.43,62.8,44.5,4,1,3,10,2
92.12,100.0,95.95,100.0,100.0,100.0,100.0,73.9,4,0,2,4,0
61.3,45.81,53.75,48.59,63.93,36.53,29.52,5.0,3,0,3,6,2
94.01,85.46,96.86,95.89,97.86,91.33,84.14,81.9,4,0,1,13,0
42.08,29.53,36.76,41.3,47.06,19.57,17.19,8.3,7,3,6,4,2
77.23,72.52,72.95,75.53,86.15,74.45,85.78,46.4,2,1,3,12,1
55.69,62.83,61.36,68.39,67.87,81.03,72.31,59.9,3,2,5,6,2
57.92,54.68,53.5,50.48,73.2,48.85,34.19,10.5,4,2,1,10,2
52.87,54.23,54.13,70.11,65.74,61.31,59.68,18.1,5,2,2,8,2
73.88,69.29,74.82,83.21,76.72,73.61,70.9,25.0,5,3,1,2,2
99.5,97.69,91.88,100.0,100.0,100.0,94.38,105.5,4,0,2,11,0
75.07,87.77,76.64,94.76,96.48,89.11,79.6,63.4,1,0,2,4,0
91.76,85.8,97.15,62.9,84.43,62.2,46.56,76.9,4,1,1,6,1
90.27,99.53,94.67,91.53,98.38,97.77,86.57,108.4,3,1,1,7,0
72.82,73.13,68.38,85.57,87.11,82.99,68.72,81.7,4,1,0,12,1
78.71,85.93,82.03,82.29,94.7,85.38,81.61,43.6,3,2,6,9,2
78.01,78.18,70.58,62.32,81.2,68.91,73.18,41.7,4,0,0,5,1
84.09,89.4,86.77,94.88,96.15,93.85,96.44,81.5,1,3,7,10,2
98.29,100.0,100.0,100.0,97.09,100.0,100.0,95.7,1,0,2,2,0
44.46,38.25,41.75,52.83,66.11,47.55,53.68,5.0,4,2,3,6,2
83.08,75.56,77.24,90.8,94.4,99.56,100.0,70.5,1,1,4,13,1
57.06,60.29,65.44,81.42,76.42,77.31,83.75,45.3,5,1,2,4,2
67.78,71.38,67.82,56.75,68.73,53.02,33.5,24.5,2,2,2,4,2
46.62,36.84,35.33,35.84,64.48,33.73,27.99,7.0,6,1,6,2,2
70.48,72.43,70.56,90.88,95.43,90.86,80.51,85.0,3,0,3,12,1
74.16,74.73,79.06,61.5,80.09,77.4,73.46,37.1,3,3,1,11,2
90.97,100.0,100.0,96.91,92.81,95.97,93.59,81.6,2,1,4,7,1
88.55,86.41,76.95,73.05,84.24,57.13,63.52,56.9,2,0,1,10,1
99.5,90.05,92.57,79.64,95.47,86.24,89.75,56.9,1,0,0,12,0
99.5,100.0,98.19,100.0,100.0,100.0,100.0,103.9,0,0,0,6,0
81.54,84.47,83.32,84.04,90.62,70.09,92.71,72.5,4,1,4,4,1
99.5,100.0,94.24,86.88,93.51,88.26,76.9,58.1,2,0,2,2,0
99.5,100.0,100.0,99.67,100.0,100.0,100.0,85.9,0,0,1,5,0
79.14,85.73,85.36,94.3,90.96,92.48,77.24,76.9,4,0,4,3,1
89.37,90.72,86.35,88.1,97.55,81.84,79.67,86.7,3,1,1,12,1
98.73,100.0,99.02,100.0,100.0,92.18,93.78,85.1,2,0,3,3,0
99.5,100.0,100.0,100.0,100.0,100.0,100.0,114.8,3,0,1,2,0
82.37,88.83,91.9,94.39,100.0,92.53,87.62,103.0,0,1,7,2,2
75.92,78.15,80.99,83.63,92.82,70.2,68.06,32.6,4,2,4,4,2
53.01,52.91,50.89,86.2,80.78,93.02,82.58,80.2,3,3,5,2,2
47.64,45.9,48.79,58.9,64.41,57.48,54.03,37.2,5,2,4,7,2
63.97,70.41,65.48,95.85,90.37,90.6,90.47,63.7,3,4,1,12,2
85.51,92.74,85.26,90.68,95.38,81.78,65.77,70.6,1,0,3,7,0
56.04,50.9,56.07,41.61,59.13,40.36,36.51,14.0,6,4,6,10,2
97.65,100.0,100.0,90.46,94.77,96.49,87.2,72.4,4,0,2,7,0
97.52,100.0,98.43,96.75,100.0,100.0,92.18,105.1,1,0,2,10,0
79.91,93.34,89.02,68.53,78.48,60.56,62.55,32.4,4,2,7,5,2
99.5,100.0,98.56,96.52,100.0,100.0,100.0,98.5,0,0,2,7,0
86.36,92.34,88.26,64.8,82.47,62.81,71.18,46.4,7,0,8,11,2
96.29,89.97,94.68,85.84,95.77,87.51,80.63,57.5,0,1,2,13,0
98.77,100.0,100.0,80.27,94.83,78.36,99.1,56.2,5,0,4,7,1
99.5,100.0,95.99,76.22,94.82,97.01,100.0,82.5,4,0,0,3,0
43.23,37.51,48.61,44.25,66.29,53.19,47.3,16.0,2,1,7,12,2
84.41,69.89,81.58,87.45,82.01,78.86,89.26,38.5,3,3,3,7,2
74.74,57.66,68.26,90.92,75.0,82.19,61.11,56.7,7,1,1,13,2
45.43,36.52,42.13,52.05,55.52,34.42,31.99,10.4,6,1,4,8,2
52.34,43.31,48.61,55.77,59.25,47.74,56.34,27.2,2,1,1,6,2
99.5,92.45,100.0,99.76,92.65,88.9,100.0,92.3,4,0,4,3,1
82.99,86.54,88.17,70.73,89.3,61.89,64.69,54.6,0,0,3,6,1
98.54,94.7,99.62,95.87,96.28,95.21,97.73,99.8,3,0,3,2,0
77.21,70.6,84.61,100.0,100.0,91.75,100.0,92.7,0,1,4,2,1
65.16,79.77,73.08,70.91,78.97,78.4,60.9,54.4,5,2,4,10,2
78.92,81.33,76.23,57.78,79.77,62.51,55.74,19.5,0,3,4,7,2
99.5,96.98,100.0,86.32,92.49,84.06,74.53,51.9,2,0,2,8,0
70.41,65.29,70.6,92.79,96.34,90.56,88.07,92.9,1,1,5,11,2
82.23,82.3,87.81,96.58,95.86,100.0,81.66,92.5,2,2,3,10,1
92.67,94.21,96.24,88.98,100.0,98.44,100.0,74.3,1,0,3,8,0
99.5,100.0,100.0,99.4,100.0,90.77,92.42,74.9,2,0,2,7,0
60.6,55.85,62.65,69.71,79.36,75.85,55.56,59.5,4,4,2,9,2
99.5,93.02,90.32,88.8,82.98,90.15,86.69,69.7,4,0,3,7,1
86.35,86.02,88.14,96.41,99.89,99.04,96.96,97.6,1,0,6,11,2
88.05,76.16,85.82,77.45,92.74,66.97,83.27,74.3,2,0,2,3,1
76.46,63.86,66.34,79.64,81.67,77.15,84.54,72.1,3,6,8,2,2
87.68,80.03,85.27,92.36,91.89,91.04,78.74,80.9,1,1,3,8,1
85.55,81.64,81.42,78.39,81.68,72.97,81.49,50.4,2,1,6,11,2
48.05,39.04,42.88,48.27,59.95,39.54,49.23,32.6,6,2,3,13,2
38.67,36.47,41.53,45.7,66.14,49.12,44.07,15.4,7,3,6,8,2
81.01,87.93,79.51,88.19,91.26,95.72,100.0,86.4,7,2,6,11,2
94.69,100.0,95.8,70.98,100.0,91.69,78.72,76.5,3,0,2,3,0
99.5,100.0,95.98,95.61,96.88,94.68,100.0,100.1,2,0,1,9,0
51.53,55.69,54.02,67.31,64.27,66.61,66.68,55.0,2,3,5,2,2
96.46,85.83,93.76,94.98,92.53,100.0,80.09,69.0,2,0,4,11,1
40.93,43.75,36.85,71.32,70.44,60.04,70.47,66.2,3,2,9,3,2
51.31,44.04,47.18,48.33,62.55,41.27,40.23,24.8,4,5,6,9,2
66.7,75.12,69.14,76.36,85.06,79.99,65.53,45.5,7,2,7,7,2
81.85,64.43,75.69,84.29,82.91,92.61,85.93,66.2,0,3,6,13,2
23.23,15.28,24.0,20.82,37.55,8.0,8.7,5.0,10,3,4,6,2
73.77,65.94,66.97,95.51,90.08,91.12,90.7,91.2,3,0,2,10,1
62.83,64.71,61.91,60.64,72.86,39.85,40.29,5.0,3,5,4,3,2
87.14,88.07,92.74,100.0,97.65,100.0,100.0,97.6,2,0,2,9,0
70.06,72.48,74.11,83.51,81.42,73.6,64.14,53.2,1,1,10,4,2
66.94,63.11,61.64,63.85,73.19,59.28,57.7,24.8,5,4,5,10,2
35.67,37.67,35.97,48.12,69.48,48.91,41.72,33.5,2,4,5,9,2
59.62,61.59,62.03,76.6,84.86,80.71,68.76,59.9,1,1,4,5,2
72.95,86.3,81.57,83.38,78.08,75.99,73.53,72.5,2,0,8,6,2
89.14,85.36,88.98,79.19,100.0,79.01,84.94,52.8,0,0,3,4,0
80.61,70.94,78.57,66.42,80.0,63.06,58.65,50.7,3,0,6,7,2
30.67,20.49,28.53,60.45,69.54,51.45,47.49,33.9,7,2,5,13,2
64.76,67.45,65.96,66.74,78.66,72.07,49.06,35.0,2,0,3,8,2
78.72,87.94,75.89,94.01,92.83,86.23,90.67,70.7,2,0,4,12,1
81.08,73.99,76.37,84.15,92.59,89.03,88.4,53.8,4,1,3,8,1
98.62,92.37,100.0,62.36,80.06,75.86,74.8,42.3,0,0,0,3,0
45.52,42.86,47.96,43.63,61.5,52.38,43.56,20.1,5,2,8,6,2
99.5,100.0,99.63,100.0,100.0,100.0,99.95,90.4,0,0,1,9,0
97.98,98.73,97.29,98.24,100.0,99.32,92.27,96.4,2,0,3,4,0
52.55,35.71,43.18,53.64,58.86,50.68,45.86,25.7,5,1,3,13,2
61.45,64.66,59.21,61.51,73.94,63.24,44.54,43.1,5,1,2,2,2
99.5,94.22,100.0,100.0,100.0,100.0,100.0,91.6,3,0,1,12,0
79.18,87.71,81.15,92.65,97.08,89.73,100.0,62.2,4,1,3,5,1
74.73,54.58,68.26,70.16,70.48,60.98,51.67,17.9,3,0,4,12,2
88.9,91.06,99.35,89.13,96.4,86.32,78.59,87.5,2,0,2,13,0
68.34,66.19,67.93,79.57,73.68,82.46,60.33,29.3,0,0,5,3,2
70.42,61.6,64.06,61.16,84.91,74.78,76.01,52.9,5,3,5,2,2
70.3,82.8,78.55,74.36,97.55,90.95,81.17,46.9,4,0,9,7,2
71.18,66.1,73.56,74.25,76.09,49.16,48.43,33.3,3,0,3,2,2
95.55,100.0,89.47,100.0,100.0,100.0,100.0,121.9,3,0,3,3,0
93.75,95.18,99.28,90.49,98.28,76.33,76.35,75.9,2,0,0,10,0
93.05,86.26,86.86,70.46,92.28,71.76,72.45,52.3,2,1,1,4,1
99.5,100.0,100.0,100.0,100.0,95.4,97.71,73.7,1,0,0,8,0
88.62,83.59,91.81,64.07,74.97,67.68,56.31,47.1,5,2,5,5,2
87.2,100.0,92.58,100.0,100.0,97.61,98.4,95.6,0,1,3,13,0
42.76,33.82,35.98,75.99,71.78,59.39,63.0,68.2,4,4,4,3,2
90.13,92.52,95.44,83.99,92.89,84.51,82.46,65.9,0,0,1,4,0
80.47,80.46,82.15,100.0,94.53,96.34,100.0,113.4,3,2,3,13,1
99.5,95.39,94.84,81.44,89.09,96.54,75.98,50.2,3,2,1,4,1
48.93,46.12,49.96,58.23,71.49,76.44,52.22,52.9,4,2,5,8,2
73.31,89.43,74.92,95.54,79.44,94.34,89.37,70.6,2,1,3,4,1
62.4,74.09,67.91,83.04,83.33,88.29,76.93,63.9,4,1,5,12,2
95.85,100.0,98.58,100.0,98.12,96.81,95.06,69.4,2,2,1,2,0
59.3,47.11,56.58,60.79,70.04,65.35,66.19,56.4,3,8,10,12,2
74.29,74.76,79.31,65.22,82.23,70.44,53.16,62.2,4,2,5,10,2
87.07,87.51,85.25,100.0,100.0,81.72,77.59,84.8,2,0,6,12,2
88.75,82.56,83.84,82.03,80.68,81.01,81.19,71.1,6,0,3,12,1
99.5,100.0,99.8,100.0,100.0,90.8,90.29,66.3,4,0,1,3,0
99.5,92.13,99.96,80.1,90.83,81.85,92.51,52.3,1,0,3,8,0
49.93,42.19,46.15,60.16,59.31,31.2,39.69,18.6,8,3,3,2,2
77.53,89.15,75.52,100.0,98.92,100.0,100.0,105.5,2,0,3,5,0
54.09,61.19,55.73,89.47,77.47,78.42,69.65,86.3,4,0,9,10,2
61.33,47.72,56.79,61.91,79.27,58.55,68.04,39.5,3,0,2,2,2
94.38,100.0,93.41,100.0,96.42,100.0,83.45,65.6,0,0,4,7,0
77.22,78.79,68.42,81.67,90.05,67.98,67.66,47.2,4,0,4,12,2
99.5,100.0,100.0,92.64,100.0,97.46,78.66,93.0,2,0,3,6,0
73.66,61.2,63.69,64.77,81.19,62.79,60.12,32.2,4,2,1,6,2
93.38,91.46,96.52,85.81,91.83,96.16,91.27,81.2,4,2,2,4,1
99.5,100.0,100.0,87.54,100.0,96.84,94.55,81.5,2,1,0,9,0
97.34,100.0,94.78,88.27,97.48,88.16,78.04,90.9,1,0,1,7,0
65.06,66.4,66.98,57.73,73.95,63.49,62.32,48.0,3,4,4,10,2
87.48,86.54,88.32,82.26,88.64,82.26,78.96,68.3,2,1,2,4,1
72.44,80.57,69.39,77.4,74.85,65.56,63.36,43.8,3,3,4,3,2
83.72,86.98,75.26,99.58,97.21,100.0,100.0,95.7,2,1,7,10,2
40.64,35.51,33.27,45.24,62.18,58.09,38.22,7.1,2,4,8,11,2
91.86,100.0,93.74,100.0,100.0,100.0,100.0,116.7,1,0,6,6,2
43.24,39.57,51.6,72.87,70.6,67.32,84.36,66.0,5,1,1,3,2
75.12,67.06,74.35,97.11,82.85,89.41,68.9,74.4,5,0,3,5,2
76.75,79.51,74.26,94.58,94.74,94.99,100.0,98.0,4,1,1,8,1
92.63,100.0,91.86,74.51,79.38,91.2,76.95,72.8,2,1,1,5,0
80.91,82.51,78.78,98.82,98.88,68.56,77.86,70.1,3,0,4,8,1
70.36,74.45,64.4,71.81,78.3,69.63,77.38,44.6,8,2,1,8,2
99.5,98.21,95.47,100.0,100.0,100.0,100.0,123.1,2,0,1,8,0
88.84,79.49,87.13,87.35,91.51,80.34,87.65,38.1,3,1,2,11,1
99.5,100.0,98.78,100.0,100.0,100.0,100.0,105.8,0,0,1,5,0
85.49,84.06,83.31,64.74,71.55,70.9,55.23,28.6,7,1,4,9,2
79.3,76.28,81.48,90.3,100.0,90.56,88.43,107.8,2,0,5,8,2
39.11,24.65,29.11,39.55,59.37,55.37,48.78,24.7,4,3,2,7,2
99.5,100.0,100.0,93.49,91.27,100.0,87.58,93.7,3,1,1,10,0
90.17,92.65,86.55,93.71,88.76,82.72,80.02,49.3,2,0,6,13,2
70.47,58.35,69.19,61.75,77.13,58.26,52.18,26.9,5,0,3,4,2
99.5,100.0,99.95,99.71,97.41,96.87,98.4,83.1,3,0,2,7,0
72.91,67.82,71.63,100.0,100.0,100.0,100.0,100.9,4,2,2,4,1
84.62,83.21,83.55,97.85,87.79,95.6,94.44,71.9,3,2,1,4,1
54.2,41.48,51.55,58.67,67.44,53.13,64.61,58.6,3,3,6,10,2
94.68,95.73,91.66,77.33,87.12,90.5,74.14,68.8,4,0,0,3,0
99.5,100.0,100.0,97.87,100.0,100.0,80.44,119.9,2,0,0,5,0
99.5,100.0,98.66,68.75,96.16,61.52,58.39,57.2,6,0,0,8,1
91.65,97.05,95.68,81.05,87.04,92.84,63.2,92.2,3,0,4,6,1
98.51,91.82,98.6,90.83,97.14,88.39,85.05,81.1,1,1,3,8,0
99.5,100.0,96.63,63.29,94.06,84.61,66.21,61.1,7,0,1,3,1
73.81,73.61,75.71,69.08,86.72,86.74,78.89,56.6,2,2,4,10,2
99.5,100.0,96.71,100.0,98.42,100.0,100.0,94.6,0,0,3,5,0
63.91,48.82,51.81,44.97,72.2,53.43,43.92,14.5,5,3,3,2,2
53.53,54.62,54.72,82.62,66.54,62.95,49.87,37.1,2,4,6,5,2
45.33,59.36,59.32,64.53,76.48,59.3,75.39,31.0,1,1,3,4,2
83.46,91.25,83.8,82.18,89.47,78.77,90.36,88.4,1,2,3,5,1
89.26,92.43,92.51,95.78,98.53,100.0,100.0,94.7,6,0,3,2,1
99.5,100.0,100.0,89.33,89.77,89.85,87.38,88.8,2,0,0,13,0
59.66,50.59,51.57,60.25,74.53,62.56,60.97,46.3,3,2,4,10,2
70.2,68.8,67.19,60.24,70.92,50.84,45.18,43.1,4,2,4,7,2
70.64,90.42,83.15,86.01,93.73,82.5,92.03,64.4,2,1,3,13,1
75.29,72.51,76.85,89.0,94.69,78.29,83.19,86.4,3,1,4,9,1
96.03,100.0,97.82,90.79,92.48,87.14,100.0,89.4,5,2,4,13,1
91.65,100.0,88.51,89.85,89.42,99.26,100.0,63.1,3,0,2,13,0
63.77,61.84,60.73,42.8,61.96,40.33,35.69,5.0,5,1,5,5,2
80.91,92.35,87.34,86.03,100.0,100.0,100.0,93.4,0,1,1,8,0
93.35,82.85,76.78,84.84,91.56,100.0,89.96,83.6,2,0,2,13,0
99.5,100.0,100.0,100.0,100.0,100.0,100.0,141.3,2,0,5,10,2
87.5,99.32,96.52,84.29,95.75,88.7,84.07,74.9,2,0,3,12,0
99.5,98.52,100.0,87.86,100.0,78.98,87.56,63.0,5,0,0,11,0
88.49,85.89,92.6,64.05,85.84,82.14,77.49,58.2,2,0,4,5,1
99.5,100.0,100.0,86.29,100.0,93.51,86.79,83.9,1,0,0,4,0
69.87,76.09,75.35,75.83,84.71,73.06,83.57,89.8,5,1,0,4,1
89.72,86.48,87.06,90.63,99.85,81.72,93.44,75.1,3,0,2,12,0
74.12,75.46,72.42,58.86,75.61,61.77,53.72,43.6,4,0,6,7,2
83.18,81.66,84.36,100.0,100.0,100.0,94.24,98.4,2,1,2,8,0
41.18,22.54,30.81,47.25,60.32,55.75,26.05,24.3,7,3,4,11,2
98.04,100.0,97.07,100.0,97.83,100.0,99.39,107.6,4,0,0,8,0
48.26,29.74,49.98,41.79,58.8,38.13,43.66,14.7,5,8,7,13,2
45.51,34.89,38.52,78.71,78.44,57.62,61.67,53.2,3,2,6,8,2
99.5,98.38,100.0,100.0,100.0,100.0,95.91,89.3,1,0,1,13,0
75.67,78.5,70.25,75.31,86.44,82.34,87.6,68.5,3,1,3,11,1
45.76,40.44,40.45,33.05,54.54,29.84,10.32,5.0,8,1,7,11,2
96.33,100.0,94.47,98.73,92.3,98.31,95.84,85.6,1,0,2,10,0
75.93,71.74,73.84,97.47,92.71,87.87,98.57,86.2,1,1,0,9,0
51.73,40.28,43.86,75.36,71.55,64.33,64.71,35.2,5,4,8,7,2
53.93,38.92,47.08,64.88,70.82,51.32,47.48,34.5,5,2,2,13,2
51.9,52.77,50.19,55.92,72.68,62.74,58.68,34.2,6,1,1,2,2
68.6,64.44,66.21,94.15,76.88,77.08,89.8,90.4,2,2,4,10,2
74.38,71.46,66.59,57.79,72.76,43.02,46.14,35.3,6,4,3,11,2
86.62,75.3,76.05,84.51,83.28,87.43,81.66,82.7,1,2,0,13,1
60.49,73.01,68.33,92.68,92.11,85.64,92.28,86.2,5,2,9,9,2
86.61,83.32,83.02,55.78,75.81,49.52,55.84,59.8,4,0,5,8,2
48.37,31.73,42.8,48.97,62.48,50.32,37.8,22.7,4,5,8,3,2
44.99,26.4,39.44,16.8,38.96,20.83,15.88,5.0,7,4,7,9,2
39.01,27.45,34.87,26.13,49.58,22.68,25.0,5.0,8,2,7,3,2
70.29,66.85,63.55,96.67,88.39,86.34,88.23,86.2,1,1,2,4,1
71.32,70.81,62.87,60.28,79.13,61.75,54.36,50.7,8,1,6,11,2
73.51,85.33,76.28,82.12,88.47,83.43,81.78,70.6,3,2,4,10,2
51.26,52.68,51.88,57.85,54.07,45.13,40.42,57.4,8,4,7,4,2
86.99,90.27,93.77,83.91,100.0,79.74,72.02,89.3,0,0,4,5,0
93.19,100.0,100.0,93.72,100.0,96.07,100.0,98.4,1,0,1,12,0
82.3,85.81,84.96,84.82,93.19,88.22,88.63,51.8,3,1,6,5,2
51.2,47.13,49.24,69.46,63.82,60.21,64.87,31.5,0,0,6,4,2
59.09,55.38,57.27,72.73,89.72,65.17,59.54,18.4,8,2,9,10,2
77.78,83.16,79.54,94.18,98.98,100.0,100.0,73.7,2,0,2,13,0
82.76,93.88,84.15,100.0,100.0,99.83,100.0,116.1,2,2,4,8,1
96.27,96.09,100.0,100.0,100.0,100.0,100.0,81.9,2,0,1,8,0
97.98,100.0,97.0,94.44,99.71,82.52,63.95,85.0,1,0,1,12,0
95.45,100.0,98.46,100.0,100.0,100.0,89.48,74.0,1,0,1,6,0
59.58,75.25,66.75,81.77,65.44,60.12,43.21,46.5,1,3,3,9,2
77.82,67.35,64.41,99.47,92.37,92.75,93.3,62.2,1,0,3,9,1
95.87,98.61,92.71,94.28,96.13,86.57,83.08,77.0,2,1,0,11,0
88.05,81.7,86.94,68.93,87.87,67.7,80.87,42.4,2,0,2,7,1
79.16,82.89,85.47,74.59,82.52,57.32,57.56,44.4,3,1,2,11,1
46.19,46.27,46.93,40.26,55.54,39.1,31.91,5.0,8,4,5,6,2
90.61,95.5,95.13,93.82,100.0,95.33,88.43,66.7,2,0,3,5,0
87.49,90.99,84.37,100.0,97.52,100.0,78.86,88.6,2,0,2,4,0
51.2,44.25,48.67,73.84,71.27,57.24,67.43,31.9,7,1,3,11,2
83.68,85.99,79.86,97.34,97.41,91.19,95.7,62.8,0,0,3,4,0
35.0,29.78,36.12,64.86,59.73,44.68,38.06,5.0,2,4,7,2,2
40.89,36.39,39.35,55.24,62.83,50.62,44.86,5.0,5,4,4,2,2
50.67,61.81,61.85,87.15,77.55,74.72,64.62,46.6,3,2,8,3,2
49.88,39.23,45.75,44.99,50.88,23.26,19.96,5.0,7,4,5,13,2
84.64,93.08,81.54,84.37,83.76,80.75,72.13,57.9,5,1,0,10,1
99.5,97.05,99.88,100.0,100.0,88.51,83.09,69.6,3,1,1,10,0
99.5,97.74,97.0,100.0,100.0,100.0,100.0,89.1,0,0,2,12,0
89.24,100.0,97.13,90.25,100.0,100.0,100.0,103.7,2,0,2,13,0
91.25,98.37,91.05,85.11,97.2,95.69,86.45,59.5,2,1,1,7,0
92.96,98.79,100.0,100.0,100.0,100.0,100.0,97.5,0,1,6,11,2
43.05,27.74,31.68,50.77,55.35,34.35,20.42,5.0,6,2,6,3,2
99.5,100.0,100.0,100.0,100.0,100.0,100.0,135.3,0,0,3,3,0
72.34,74.08,67.51,71.21,75.27,67.76,64.51,78.9,3,1,3,6,2
81.51,85.55,79.89,82.88,93.72,85.39,80.04,85.0,1,1,3,3,1
97.66,90.33,97.59,86.49,100.0,89.03,99.07,69.2,1,0,4,13,0
99.5,96.07,100.0,99.73,100.0,86.3,92.93,97.8,3,0,1,8,0
56.92,54.13,56.19,61.72,69.02,58.4,48.63,35.7,5,1,4,10,2
83.45,85.29,78.53,69.03,82.05,63.48,54.65,36.8,2,0,5,9,2
59.83,51.44,47.29,60.15,83.37,64.21,57.43,54.4,5,2,5,2,2
83.36,74.41,83.77,75.11,85.86,75.19,77.92,42.2,3,0,3,13,1
99.5,100.0,100.0,94.95,100.0,93.92,97.75,102.8,1,0,0,6,0
45.25,18.9,39.61,39.11,56.51,24.16,12.39,9.4,7,3,8,6,2
98.0,99.6,99.28,84.67,94.87,100.0,82.45,69.1,2,0,4,5,0
81.52,91.25,82.16,89.73,95.08,97.42,100.0,75.1,2,0,3,4,0
78.85,79.67,81.21,89.73,87.18,80.63,88.88,61.2,1,0,1,10,0
99.5,89.82,97.22,94.21,97.64,74.94,81.05,80.3,2,0,2,4,0
91.37,100.0,100.0,74.12,80.25,60.33,61.03,51.8,3,0,4,6,1
97.33,100.0,100.0,100.0,98.86,100.0,100.0,88.0,0,1,2,11,0
85.91,89.8,90.93,89.7,100.0,83.11,74.01,76.5,3,1,3,2,1
39.98,41.06,39.91,51.09,66.07,40.09,55.66,16.8,2,5,10,2,2
92.17,97.65,90.3,100.0,95.8,95.04,100.0,78.2,1,0,2,9,0
99.5,100.0,99.52,100.0,94.74,94.23,98.3,101.2,0,0,3,4,0
41.39,38.42,30.58,23.81,35.6,28.17,11.49,5.0,6,7,7,5,2
91.32,90.39,90.88,96.63,92.76,89.99,96.23,83.7,0,0,1,6,0
26.96,26.55,28.04,38.57,49.98,42.65,42.84,38.5,2,2,5,7,2
92.6,82.04,86.34,69.29,81.25,71.3,61.59,40.0,5,1,0,8,1
66.3,61.85,66.02,77.99,81.76,84.12,67.36,45.1,2,1,2,7,1
54.26,48.61,56.41,60.93,53.33,44.93,43.7,18.1,6,2,3,12,2
99.5,100.0,100.0,85.77,99.56,92.33,84.6,83.7,3,0,3,10,0
76.37,76.48,76.01,72.63,74.48,71.04,57.3,61.2,3,0,2,4,1
59.81,46.66,53.23,49.24,76.99,57.58,59.26,48.0,3,1,1,4,2
50.65,57.83,52.34,87.45,76.89,92.14,71.1,53.8,3,4,10,9,2
74.01,71.6,80.99,97.66,96.49,91.91,83.25,55.5,3,1,5,12,2
99.5,100.0,96.5,89.08,86.19,74.13,73.57,62.0,1,0,4,4,0
89.34,91.09,87.46,73.59,80.4,75.56,58.57,38.8,2,0,6,4,2
43.23,26.38,40.6,50.48,69.51,37.93,38.38,16.7,3,0,2,12,2
78.12,82.39,76.65,90.64,81.73,81.32,86.58,60.7,1,1,5,7,2
99.5,94.62,100.0,92.06,100.0,78.05,74.85,94.3,5,0,4,7,1
42.0,54.99,43.19,86.6,78.81,80.59,87.45,84.3,3,3,8,13,2
75.42,68.01,72.56,90.35,88.03,88.31,90.89,57.0,6,4,2,9,2
67.25,70.94,72.36,78.83,91.79,86.85,99.45,96.1,2,0,4,6,1
64.62,64.27,59.58,95.89,98.49,100.0,89.12,91.1,1,2,5,5,2
47.61,57.61,54.34,74.47,71.17,66.15,70.82,43.6,2,6,4,3,2
99.5,97.81,100.0,100.0,100.0,100.0,100.0,112.2,1,0,1,6,0
93.24,100.0,94.75,99.1,100.0,100.0,100.0,83.6,0,0,1,11,0
52.4,44.4,54.49,59.65,59.61,45.11,49.84,15.2,6,5,3,12,2
81.78,81.32,80.91,78.33,95.63,94.08,89.52,81.1,1,2,3,11,1
83.58,98.57,88.86,100.0,100.0,100.0,100.0,114.7,0,0,5,2,2
99.5,99.14,100.0,91.74,91.56,73.77,80.94,66.2,4,0,1,6,0
77.47,68.48,78.99,71.04,77.98,52.38,52.52,38.8,3,3,7,13,2
89.38,82.18,75.34,79.91,83.82,69.99,62.06,76.9,2,1,3,7,1
89.55,87.64,80.49,80.98,86.62,79.84,64.24,72.7,0,1,2,13,0
99.5,100.0,94.54,100.0,100.0,100.0,84.83,88.0,1,1,1,10,0
94.2,100.0,98.9,100.0,100.0,86.03,85.82,97.2,3,0,2,3,0
73.66,75.49,75.24,95.57,67.63,77.37,73.92,47.3,3,0,3,5,1
99.5,100.0,92.16,83.48,87.07,76.81,75.65,46.1,3,0,0,6,0
39.33,27.25,42.5,34.72,52.8,35.16,11.89,7.9,4,3,5,7,2
77.43,80.43,80.85,63.71,72.22,62.03,68.48,15.8,6,1,6,7,2
51.9,42.62,47.34,62.64,62.6,56.58,36.13,26.7,1,0,5,7,2
71.57,61.59,69.79,46.06,76.3,65.85,47.44,43.8,3,1,7,12,2
77.06,75.49,75.21,87.44,94.82,83.12,77.85,85.2,0,0,7,3,2
35.95,41.91,42.58,61.97,61.26,58.09,51.36,27.1,6,5,6,4,2
60.99,53.47,63.53,74.19,78.36,67.04,53.26,55.0,7,5,5,10,2
74.75,70.55,79.42,62.43,92.77,70.48,68.03,35.4,2,1,3,7,1
74.09,76.57,76.98,71.41,89.22,66.01,55.52,62.9,2,0,4,12,1
93.42,93.28,93.82,79.99,86.79,74.61,79.51,73.7,5,0,0,5,1
47.5,34.25,46.6,56.31,58.73,44.39,38.08,47.0,4,2,7,4,2
99.5,99.16,100.0,100.0,100.0,100.0,100.0,95.7,1,0,2,3,0
59.57,64.58,60.43,80.53,82.44,71.29,75.98,65.7,2,0,3,12,1
99.5,94.44,100.0,93.08,100.0,93.85,81.09,100.2,1,0,0,9,0
45.23,51.62,45.46,85.86,85.09,76.66,64.3,43.5,5,1,7,7,2
78.75,84.36,77.74,100.0,100.0,100.0,100.0,116.8,0,0,6,3,2
90.29,74.67,85.85,78.14,97.61,87.52,78.72,56.6,3,1,3,2,1
99.5,100.0,96.75,99.39,100.0,90.22,99.58,84.8,2,0,2,12,0
66.06,70.22,60.05,72.96,75.45,60.54,65.19,65.0,5,1,3,9,2
36.25,36.99,35.78,75.54,63.84,58.24,54.58,19.9,3,5,6,2,2
54.42,47.39,61.43,64.18,76.67,68.98,52.41,39.7,4,3,4,7,2
53.31,53.19,45.84,89.84,81.8,75.33,81.76,57.3,3,1,5,5,2
61.94,54.03,62.42,55.67,65.31,54.88,59.4,63.8,4,2,2,11,2
67.29,61.9,64.24,79.93,78.6,78.33,74.68,50.8,3,1,6,9,2
74.31,78.09,72.95,74.94,87.05,78.6,67.85,66.3,3,3,4,9,2
54.46,46.67,48.13,47.72,60.41,58.72,30.59,32.4,2,6,8,2,2
73.5,70.0,72.57,84.84,91.73,69.05,74.05,48.8,1,0,1,4,1
99.13,98.67,97.84,100.0,92.33,91.84,70.04,75.1,1,0,1,12,0
76.85,81.15,80.91,97.71,96.8,91.27,72.01,80.6,2,0,2,2,1
93.88,100.0,100.0,100.0,95.83,99.6,91.26,106.5,1,1,7,6,2
99.5,100.0,100.0,100.0,91.56,98.01,96.8,74.1,2,1,2,3,0
72.47,58.41,64.7,62.95,76.78,66.24,61.08,31.5,5,1,3,9,2
78.87,78.23,80.2,70.43,85.47,69.49,66.83,56.2,3,4,1,2,2
84.28,94.85,85.74,98.74,100.0,86.93,94.8,105.7,0,0,2,11,0
95.57,100.0,95.42,98.13,100.0,100.0,94.0,85.8,5,0,2,6,0
51.16,51.93,48.73,63.87,71.45,69.43,80.87,25.8,4,3,7,4,2
71.02,73.27,75.69,86.88,85.8,67.08,82.28,43.2,3,5,2,5,2
88.01,100.0,96.07,93.7,94.35,99.62,91.26,79.7,1,0,3,9,0
65.42,53.62,60.25,61.2,69.8,62.07,55.19,46.9,7,1,5,6,2
52.63,60.76,49.88,66.99,71.84,58.35,44.61,38.9,3,1,4,5,2
52.67,54.93,49.97,58.55,77.45,68.29,61.73,43.3,4,3,5,7,2
76.32,100.0,85.15,100.0,100.0,100.0,100.0,106.6,2,0,5,7,2
92.54,85.64,94.62,97.16,90.88,89.83,86.19,81.1,0,0,2,9,0
84.56,98.2,77.65,85.51,95.51,84.5,68.01,75.7,4,1,6,13,2
91.65,100.0,95.81,72.77,98.29,90.26,77.65,46.8,1,2,2,10,1
34.44,22.82,32.74,35.35,50.02,24.46,26.31,5.0,5,2,6,2,2
94.34,94.12,97.07,100.0,90.31,94.68,100.0,84.0,1,0,1,5,0
76.56,99.26,88.06,97.41,92.4,100.0,89.93,80.4,1,0,2,13,0
99.5,96.24,100.0,75.63,94.18,91.14,77.22,53.1,4,0,1,8,0
75.94,87.08,79.28,91.78,81.21,80.34,91.86,71.2,3,2,2,13,1
88.61,100.0,95.95,79.89,88.02,70.95,75.92,40.6,4,1,1,3,1
62.72,60.81,54.61,69.91,81.86,67.83,70.13,77.2,2,3,1,7,2
78.13,78.46,76.48,98.46,90.42,76.66,81.05,58.3,2,2,3,4,1
95.96,100.0,98.88,83.89,89.62,81.83,91.74,69.1,1,0,0,3,0
78.36,77.51,76.07,91.31,76.45,89.24,91.3,92.4,2,1,2,13,1
81.29,76.84,75.55,79.72,87.23,68.03,82.76,67.2,4,1,4,4,2
54.92,29.52,42.7,58.97,78.25,54.14,43.78,26.7,1,5,5,3,2
49.01,50.14,52.1,64.63,67.51,43.23,44.15,5.2,7,2,3,6,2
99.5,100.0,99.25,100.0,100.0,100.0,84.45,87.8,1,0,3,2,0
79.7,88.25,82.8,81.55,86.14,87.37,85.16,87.5,5,0,7,6,2
74.7,76.25,76.84,82.14,86.03,80.92,84.52,65.5,3,1,3,9,1
93.0,100.0,96.75,100.0,100.0,100.0,100.0,107.0,1,1,3,13,0
99.5,100.0,100.0,92.25,93.38,74.85,100.0,81.7,1,0,2,2,0
69.39,65.62,72.68,85.18,85.45,81.05,93.86,88.2,1,1,2,12,1
53.0,41.0,50.16,28.97,59.39,39.31,33.15,5.0,4,3,3,11,2
86.47,94.29,88.34,85.84,98.37,86.49,70.57,96.5,1,6,4,9,1
65.84,70.28,72.97,59.34,75.06,40.15,45.83,13.2,8,2,4,10,2
95.38,100.0,100.0,100.0,100.0,100.0,100.0,113.3,3,2,2,9,0
73.26,75.19,67.89,83.24,75.46,80.94,52.88,60.8,3,0,7,2,2
86.97,91.2,88.3,81.39,87.64,94.13,82.2,65.5,4,1,2,3,1
33.48,19.22,27.37,54.29,59.65,31.89,33.12,15.4,4,1,5,11,2
90.39,87.78,85.61,92.8,84.86,69.51,80.38,67.1,5,0,4,10,1
99.5,100.0,97.77,94.63,97.71,100.0,81.28,89.3,5,0,0,7,0
86.99,97.24,89.44,86.86,99.9,84.33,78.55,100.3,3,0,3,7,1
54.82,70.84,65.24,98.07,99.58,88.68,87.99,51.6,3,1,7,3,2
67.26,56.46,57.66,56.63,67.74,58.66,53.29,31.5,4,3,8,11,2
99.5,100.0,100.0,91.82,89.85,87.75,87.67,71.7,2,0,3,5,0
99.5,100.0,96.66,71.1,94.26,85.78,95.39,97.9,3,0,2,4,0
99.5,99.68,100.0,88.49,94.97,90.72,87.74,69.4,1,0,2,8,0
85.44,85.38,85.9,87.66,100.0,100.0,100.0,94.4,0,0,5,8,2
77.53,83.47,83.61,97.55,88.89,96.93,84.16,103.1,2,1,3,4,1
99.5,100.0,100.0,92.57,100.0,100.0,99.63,83.6,1,0,0,11,0
99.5,100.0,93.27,98.77,100.0,89.88,100.0,67.0,5,0,1,4,0
56.19,42.97,49.11,50.5,67.19,52.34,36.68,51.8,5,3,3,9,2
54.46,42.44,56.83,58.49,73.45,58.97,53.01,5.2,2,4,7,12,2
39.76,43.93,43.72,56.67,64.16,60.28,57.39,26.0,4,4,9,6,2
50.33,48.23,57.63,66.59,67.95,61.44,37.51,46.7,4,2,6,7,2
99.5,100.0,100.0,82.64,92.39,84.51,70.62,66.3,2,2,2,2,1
99.5,100.0,97.29,100.0,100.0,100.0,100.0,97.9,0,0,2,10,0
70.08,76.88,67.45,79.81,77.74,67.59,83.58,41.8,5,1,7,2,2
99.5,100.0,100.0,84.38,98.31,83.77,85.54,76.1,3,0,1,3,0
47.06,49.55,52.23,60.16,70.92,56.67,62.69,22.9,5,1,6,8,2
31.29,25.82,29.39,65.01,57.75,72.96,61.45,41.7,1,5,11,13,2
53.38,43.18,43.72,63.82,71.06,69.71,54.27,33.9,6,3,5,7,2
99.5,97.48,96.61,94.07,100.0,99.36,82.75,69.4,4,1,0,8,0
78.74,87.16,82.64,100.0,95.22,95.85,91.07,78.5,2,0,4,3,1
99.5,98.39,100.0,89.14,100.0,100.0,100.0,110.3,1,0,1,7,0
82.82,99.79,85.31,87.43,94.07,88.41,86.96,108.7,0,0,2,3,0
91.16,86.57,93.56,100.0,94.17,91.73,91.29,80.1,4,0,1,9,0
99.5,100.0,100.0,100.0,100.0,100.0,100.0,135.4,0,0,2,7,0
61.36,70.65,68.16,92.86,84.53,55.46,84.26,40.8,3,2,4,2,2
85.91,89.61,89.47,75.21,92.53,83.66,82.61,78.7,3,1,2,13,1
99.5,100.0,91.03,100.0,100.0,100.0,100.0,107.9,1,0,1,10,0
25.56,29.72,28.41,53.32,59.57,59.69,57.23,7.7,7,9,8,9,2
64.47,57.38,60.25,75.97,89.13,75.74,76.98,43.8,4,1,2,4,2
87.5,88.24,90.11,89.13,92.43,93.24,85.68,65.0,4,1,2,4,1
56.1,42.85,44.71,75.61,90.13,63.09,58.6,52.9,5,2,9,9,2
65.73,74.65,61.05,81.81,87.25,84.41,75.97,71.2,1,1,5,12,2
99.5,100.0,100.0,100.0,100.0,100.0,100.0,92.6,0,0,1,2,0
79.4,84.28,77.7,72.56,92.83,80.39,63.3,42.7,1,3,2,7,1
35.34,31.01,25.18,54.99,59.21,48.74,44.11,5.0,8,5,10,4,2
91.77,98.52,90.11,100.0,99.76,100.0,100.0,82.5,3,1,6,13,2
76.67,82.65,78.28,100.0,90.4,100.0,86.89,81.7,1,0,5,4,2
94.88,100.0,100.0,100.0,100.0,88.85,95.85,111.0,3,1,5,8,2
42.35,36.69,40.35,53.58,52.83,59.92,36.16,19.3,3,8,6,10,2
96.43,93.28,92.92,96.36,100.0,91.61,90.36,67.4,3,1,1,7,0
78.56,65.19,72.45,79.83,94.88,89.78,75.58,94.9,2,0,5,10,2
46.17,55.46,52.72,59.23,60.51,51.23,48.75,26.5,5,1,5,10,2
91.5,82.5,90.29,68.48,78.74,62.3,54.15,29.7,3,2,4,4,2
81.25,82.2,84.48,97.31,92.68,74.81,72.9,42.8,5,1,3,6,1
86.51,99.13,98.29,100.0,96.94,97.9,77.63,67.7,1,3,3,3,1
93.95,100.0,96.44,82.47,88.6,87.37,94.72,76.4,2,1,4,8,1
45.18,26.22,40.8,51.5,60.78,53.63,32.34,5.0,7,3,6,12,2
86.79,82.83,76.71,91.98,90.03,79.82,72.98,89.2,1,1,7,11,2
99.5,100.0,100.0,74.4,94.64,73.97,67.17,60.9,4,0,1,7,1
65.72,65.06,60.07,54.28,72.69,47.9,62.81,5.0,9,3,6,11,2
98.87,99.31,96.51,89.36,95.83,93.43,78.21,76.0,2,1,2,2,0
98.78,100.0,97.41,100.0,100.0,100.0,100.0,103.0,1,0,3,13,0
46.31,39.6,43.75,46.79,68.33,41.52,45.78,36.0,5,1,3,10,2
80.1,88.8,81.08,100.0,95.48,91.75,95.43,71.5,2,1,4,13,1
48.43,47.33,46.48,65.06,62.48,53.28,40.11,19.0,4,3,9,4,2
36.18,30.54,36.64,74.35,63.7,67.59,58.85,44.3,4,6,8,5,2
85.71,95.28,89.7,96.56,96.68,94.67,86.76,64.7,2,0,3,2,0
88.88,94.5,90.75,80.21,86.34,77.85,70.04,69.0,1,1,0,3,0
56.43,61.19,58.22,74.53,76.25,62.05,65.24,47.2,2,4,4,5,2
76.6,85.69,79.14,96.13,95.98,83.23,97.24,83.3,5,4,4,2,2
65.56,69.47,71.01,74.23,87.47,60.72,55.56,79.2,4,3,1,8,2
89.48,97.37,92.11,100.0,100.0,100.0,100.0,113.7,0,1,3,6,0
98.02,99.75,100.0,100.0,78.57,87.3,85.96,63.9,4,1,2,13,1
82.45,78.81,82.89,82.73,87.31,87.09,83.29,84.7,4,0,3,3,1
92.12,97.64,97.21,98.08,90.18,86.39,75.42,104.1,2,0,1,3,0
94.74,88.99,91.29,78.55,85.03,66.47,66.3,67.5,1,1,2,2,1
60.96,61.49,63.37,53.45,73.6,71.19,54.12,54.7,5,1,4,13,2
95.68,100.0,100.0,76.37,98.75,84.18,81.6,70.6,3,1,0,13,0
76.01,79.05,78.01,74.84,89.53,80.73,96.23,78.7,3,0,1,12,1
61.85,61.4,60.13,90.37,83.57,90.16,69.83,71.4,2,0,2,12,1
46.12,49.71,51.86,64.75,77.89,70.98,82.45,34.6,4,0,7,13,2
99.5,100.0,100.0,100.0,100.0,100.0,100.0,105.8,1,0,1,12,0
97.57,95.2,90.71,89.83,92.23,82.81,75.65,75.4,7,1,2,6,1
78.94,73.79,75.09,50.14,65.13,41.39,38.26,18.3,10,1,3,7,2
79.88,82.28,80.61,74.81,82.99,73.88,78.12,70.9,0,1,2,11,1
88.25,83.97,85.18,74.52,86.19,63.8,67.59,52.3,4,0,0,5,1
77.97,82.79,79.56,73.93,88.85,74.03,71.75,67.3,1,1,4,7,1
99.5,93.87,93.35,100.0,97.84,99.0,96.24,83.3,2,0,4,2,0
95.06,100.0,100.0,80.94,98.66,99.75,91.94,85.2,2,0,2,2,0
69.76,83.52,75.1,79.34,77.29,82.92,70.66,49.9,4,2,4,11,2
86.79,97.52,91.86,100.0,100.0,93.3,98.0,87.5,1,0,3,5,0
35.76,27.72,31.57,50.34,56.55,37.33,42.24,5.0,5,4,6,6,2
88.68,80.6,82.85,78.66,84.12,82.57,77.01,65.0,3,1,1,2,1
95.53,96.39,93.22,86.56,92.33,94.63,91.68,75.5,4,0,4,8,1
63.72,69.39,72.32,100.0,74.21,96.09,78.07,61.2,1,2,3,9,1
91.63,93.81,88.52,86.48,86.13,71.4,64.74,63.9,6,1,1,5,1
72.6,67.09,68.92,91.11,91.95,88.16,85.66,84.4,2,2,4,9,2
39.62,39.39,32.29,72.99,70.92,67.54,68.25,52.5,6,4,5,8,2
75.72,71.71,76.13,81.68,86.45,77.02,81.95,53.2,2,0,3,10,1
66.64,63.37,68.93,79.33,82.24,78.54,75.63,60.6,5,2,3,4,2
19.01,13.23,10.0,23.72,45.6,10.42,15.19,5.0,5,2,12,12,2
79.99,79.69,76.98,88.26,91.44,73.66,72.32,55.1,4,0,5,6,2
98.83,99.76,96.0,91.71,99.18,87.09,100.0,86.9,1,0,1,7,0
86.71,83.38,84.02,88.21,96.28,86.15,91.84,87.1,4,1,7,9,2
91.27,91.22,93.46,99.4,93.66,78.44,89.46,97.0,1,2,3,4,1
71.43,70.16,70.84,68.84,91.17,90.63,91.0,59.5,3,1,5,13,2
87.7,99.55,92.2,91.27,98.3,98.1,88.55,90.7,3,1,3,4,1
69.0,64.45,61.57,53.39,62.55,54.86,49.66,25.6,4,0,5,11,2
82.61,95.88,87.48,93.52,94.12,84.82,75.26,81.9,2,0,3,13,1
47.22,37.83,47.47,74.93,81.11,57.43,71.56,45.1,0,0,6,11,2
56.0,63.84,59.4,82.92,68.49,68.41,61.37,32.3,3,2,4,5,2
23.34,11.7,10.89,29.58,48.57,23.08,17.04,11.9,9,3,11,13,2
92.21,92.82,97.52,74.2,98.02,82.17,100.0,75.9,6,0,2,13,1
32.98,27.99,36.49,72.32,71.14,65.23,60.73,48.0,8,2,10,4,2
51.73,64.87,58.99,57.03,70.28,46.27,67.23,45.8,6,3,0,9,2
87.69,88.75,91.82,94.53,93.01,93.98,94.67,75.5,0,0,2,13,0
83.4,100.0,91.63,84.53,95.41,87.16,83.03,73.7,1,0,5,3,2
95.81,100.0,100.0,100.0,100.0,100.0,86.25,79.5,2,0,2,2,0
88.47,79.63,82.82,76.3,77.54,67.98,66.33,62.5,2,0,2,11,1
70.85,66.49,72.36,84.21,86.92,72.11,98.09,93.7,1,4,2,4,2
94.26,95.18,85.65,74.16,75.85,67.4,67.0,66.0,0,1,2,2,1
66.72,59.48,63.33,42.11,66.47,29.02,34.61,14.6,4,2,2,3,2
79.28,82.94,84.33,100.0,100.0,100.0,100.0,78.2,1,0,5,2,2
99.5,100.0,100.0,94.21,94.6,100.0,100.0,80.3,2,0,0,13,0
25.11,29.56,28.47,59.0,68.87,42.12,30.16,19.4,2,1,3,9,2
44.52,41.29,48.09,57.42,61.88,58.94,49.87,49.1,2,0,4,4,2
62.94,62.82,62.68,58.95,74.14,59.88,57.97,39.1,3,2,2,6,2
73.8,74.43,76.6,62.46,82.1,71.71,76.46,54.0,3,1,8,7,2
92.19,94.11,95.77,74.46,86.8,72.26,77.7,53.0,2,1,3,7,1
99.5,100.0,90.25,89.66,95.5,88.57,68.23,69.2,1,0,0,6,0
84.49,90.85,90.03,82.68,85.95,83.69,87.41,74.2,3,1,2,4,1
96.15,100.0,98.08,84.15,94.71,100.0,83.83,80.2,1,0,2,6,0
64.86,72.49,68.64,87.95,93.98,81.03,84.02,66.4,3,2,8,12,2
56.93,53.28,59.13,89.88,93.96,82.14,71.39,48.1,3,1,2,4,2
79.35,95.47,83.34,95.87,100.0,100.0,100.0,111.6,0,1,3,2,0
84.33,89.92,86.56,97.81,94.41,96.59,98.23,99.8,2,0,6,11,2
85.04,99.56,90.84,73.08,96.61,88.04,78.52,65.0,3,0,5,5,2
93.33,94.14,95.18,100.0,99.66,97.39,100.0,107.9,1,0,2,6,0
76.51,62.51,62.59,87.89,83.05,57.01,58.18,60.8,1,0,2,6,1
97.92,100.0,100.0,93.12,91.92,100.0,95.06,88.1,2,0,4,12,0
35.19,37.77,39.01,41.31,45.04,34.82,36.81,5.0,4,5,10,11,2
96.75,96.19,91.32,91.23,100.0,96.77,93.98,72.8,4,0,1,4,0
83.64,95.39,85.14,100.0,99.67,100.0,92.62,96.3,0,0,3,4,0
44.69,30.63,43.89,43.76,54.75,38.52,51.67,5.0,10,2,4,7,2
99.5,100.0,95.77,87.19,94.93,85.23,86.09,75.0,0,0,2,10,0
82.29,83.94,88.87,82.96,85.13,100.0,100.0,80.5,1,2,3,3,1
91.27,95.13,89.01,82.65,100.0,90.17,69.99,61.1,5,0,3,4,1
75.03,73.9,78.49,85.65,80.06,80.09,75.17,54.2,2,0,2,2,1
94.33,90.2,88.91,73.32,80.62,86.28,77.16,74.7,5,1,2,9,1
99.5,85.59,97.53,68.4,97.67,76.79,74.21,44.3,4,0,2,6,1
86.08,77.87,83.88,77.95,100.0,82.6,92.13,73.3,1,1,1,7,0
49.34,43.13,47.95,61.55,64.89,69.52,61.76,29.0,4,1,2,8,2
99.45,100.0,95.53,97.37,99.13,91.5,82.95,91.1,3,1,3,12,1
84.0,98.55,89.5,83.92,100.0,83.38,88.16,46.5,6,0,2,10,1
23.89,14.76,17.29,50.09,47.42,55.34,36.72,42.6,5,2,5,8,2
86.81,85.45,82.75,75.82,94.78,87.95,85.46,71.8,2,1,3,6,1
91.28,84.85,94.11,100.0,100.0,90.29,76.72,78.2,3,0,1,10,0
99.5,100.0,100.0,97.68,93.76,89.98,94.27,56.3,3,1,0,8,0
91.46,100.0,91.64,100.0,100.0,100.0,100.0,118.3,0,2,6,3,2
95.7,100.0,99.03,85.61,94.16,81.2,69.73,59.1,2,0,2,7,0
86.78,90.16,91.84,81.0,80.27,78.43,80.18,49.0,6,3,5,12,2
99.5,97.53,96.23,77.89,83.74,79.73,77.89,97.0,2,0,2,8,0
80.43,92.49,81.47,95.7,85.63,88.34,74.78,90.2,4,1,1,2,1
76.69,68.4,73.55,62.07,73.38,70.38,61.76,17.1,6,0,2,5,2
37.52,33.8,36.17,65.56,74.86,77.46,69.22,51.4,3,3,6,8,2
99.5,93.8,87.23,84.35,100.0,93.36,83.56,38.4,0,0,1,10,0
99.5,100.0,100.0,87.33,93.57,89.02,84.27,66.7,3,0,2,6,0
56.03,45.34,55.19,58.72,67.98,46.44,53.82,6.8,7,2,3,12,2
91.42,92.37,93.75,95.48,100.0,98.44,92.83,86.3,3,0,2,13,0
66.93,59.77,63.17,78.05,89.67,77.42,83.08,42.1,1,3,6,10,2
67.79,64.62,60.77,89.74,88.75,99.39,72.63,93.1,1,0,9,2,2
49.74,30.36,44.21,37.51,59.29,25.82,34.02,5.0,1,2,3,11,2
95.39,100.0,94.05,87.88,89.94,95.62,86.84,101.9,2,1,2,6,0
76.28,76.67,75.16,100.0,97.2,90.89,89.54,107.4,3,1,3,3,1
86.59,98.33,91.08,77.43,98.47,73.8,69.63,87.7,1,3,4,8,1
58.96,60.14,62.62,41.76,63.58,41.73,47.78,27.5,2,2,5,8,2
50.64,48.09,53.83,67.47,77.06,61.4,65.11,40.2,4,2,5,6,2
77.63,79.07,79.02,61.83,73.61,72.17,63.64,22.5,4,2,4,13,2
37.32,38.42,37.87,58.43,67.99,50.91,38.52,26.5,3,1,3,2,2
60.29,51.67,60.08,59.0,74.07,60.25,50.03,19.3,4,3,6,11,2
67.74,65.52,63.39,80.17,75.74,78.1,66.93,54.8,1,3,7,2,2
82.36,94.4,84.2,89.99,90.88,96.45,80.32,77.1,0,0,3,5,0
88.12,99.85,98.42,76.52,96.93,76.15,80.72,70.6,3,1,0,7,0
61.84,56.68,65.74,92.66,85.41,85.98,79.66,37.4,3,1,8,10,2
93.47,100.0,88.89,85.12,97.08,81.43,82.96,84.1,2,1,2,2,0
95.02,93.61,92.49,100.0,100.0,100.0,100.0,116.0,0,0,4,11,0
61.44,44.59,58.74,76.16,72.94,76.41,66.02,62.2,2,1,9,7,2
92.95,100.0,97.15,72.88,78.32,54.56,56.26,36.1,10,0,1,4,1
73.7,83.59,76.87,84.24,86.71,86.52,72.71,91.1,2,0,3,12,1
18.64,11.01,10.9,32.06,51.96,51.06,25.05,5.0,2,5,8,4,2
98.05,100.0,96.75,91.75,92.28,89.99,96.88,109.5,5,0,3,12,1
80.72,77.15,75.98,84.53,81.45,80.59,70.78,65.0,4,1,3,3,2
60.8,44.03,59.87,56.75,70.13,70.52,56.27,46.1,3,1,5,10,2
65.53,64.82,62.23,80.8,93.54,81.83,63.87,69.6,5,1,2,8,2
99.5,100.0,100.0,100.0,100.0,100.0,100.0,104.6,3,0,1,7,0
40.65,22.84,35.56,42.52,49.13,34.23,17.25,5.0,5,3,5,2,2
88.11,83.27,85.83,77.3,84.45,82.09,73.16,55.1,4,0,2,2,1
81.62,81.28,81.33,97.07,93.93,100.0,97.83,56.4,0,0,7,7,2
94.71,94.27,89.43,83.98,89.45,87.14,86.54,87.8,3,0,1,2,0
37.7,35.69,35.38,56.97,56.48,39.05,44.31,16.5,4,1,5,2,2
62.47,70.2,64.11,94.72,83.45,75.81,96.15,63.2,3,3,8,5,2
83.72,86.48,82.35,72.29,89.7,77.21,69.18,51.5,8,1,3,4,2
85.62,65.87,83.67,80.38,74.12,66.68,63.47,53.3,1,0,0,2,1
76.5,72.55,82.67,93.03,95.98,87.47,82.16,74.1,5,1,4,13,2
83.32,77.54,85.06,91.68,91.31,87.09,74.49,69.7,4,2,3,6,2
68.57,83.74,80.39,100.0,99.99,89.24,87.85,83.5,1,1,4,2,1
66.65,54.37,59.46,42.08,68.9,46.82,36.42,43.8,10,0,7,8,2
49.35,28.25,40.49,45.87,62.53,33.31,50.08,12.5,6,1,7,2,2
99.5,100.0,96.25,84.49,97.9,89.65,100.0,98.2,0,0,0,10,0
50.4,52.92,51.81,69.31,81.24,87.5,73.6,38.0,2,2,4,12,2
74.03,100.0,80.34,97.84,95.18,100.0,100.0,76.2,0,2,6,4,2
84.8,74.34,76.59,84.99,77.02,62.34,69.94,41.6,1,2,1,4,1
85.52,86.67,75.03,86.44,99.41,89.43,76.94,61.5,2,0,2,2,0
77.84,70.29,76.8,79.97,77.24,56.85,77.76,54.3,2,2,2,11,2
90.68,89.0,94.76,95.58,97.5,94.71,93.87,103.6,0,1,2,5,0
79.49,77.03,82.83,87.77,91.6,97.8,94.93,47.6,3,0,5,5,2
99.5,97.04,100.0,100.0,100.0,89.84,93.19,94.6,1,0,0,13,0
57.17,57.69,60.66,71.45,73.97,72.41,71.14,40.7,2,2,2,5,2
65.08,61.56,62.51,59.29,66.27,60.77,50.43,24.7,8,0,5,9,2
99.5,100.0,93.37,100.0,100.0,100.0,100.0,126.1,1,0,1,8,0
99.5,100.0,95.38,82.58,100.0,86.41,76.75,76.6,3,0,1,8,0
83.73,95.12,86.84,100.0,100.0,97.68,91.91,88.8,0,1,3,13,0
66.07,69.63,58.74,67.3,72.68,68.35,64.54,24.5,6,2,4,12,2
46.53,37.61,45.4,25.06,44.23,26.54,26.64,6.8,4,4,6,2,2
34.25,30.08,34.34,43.56,48.62,42.22,38.33,5.0,7,2,5,9,2
32.41,35.71,35.79,57.5,71.39,52.16,56.39,13.6,6,4,4,11,2
99.5,91.84,100.0,76.02,92.66,94.93,64.06,42.2,5,0,1,13,1
93.42,94.57,86.64,100.0,100.0,100.0,100.0,79.7,1,0,0,4,0
67.49,68.73,64.79,72.13,81.33,79.65,66.39,76.6,5,2,7,8,2
47.21,48.07,42.9,71.47,74.17,77.79,71.71,68.1,3,4,5,5,2
82.83,79.27,79.19,100.0,100.0,100.0,99.5,83.0,1,0,3,3,0
75.9,79.05,74.26,72.88,81.33,58.45,70.38,48.9,5,1,5,8,2
93.03,100.0,87.02,100.0,100.0,95.93,85.69,74.3,1,0,2,9,0
99.5,100.0,100.0,71.86,99.41,85.75,61.79,35.3,2,2,2,6,1
85.09,83.57,89.89,83.52,96.98,100.0,70.84,97.2,3,0,3,10,1
70.09,67.52,66.17,30.04,60.13,32.34,32.43,30.2,7,1,5,7,2
82.6,78.87,78.66,55.07,83.38,73.3,64.07,40.6,5,3,4,6,2
68.37,64.45,70.24,50.34,80.41,59.31,63.71,12.9,4,2,3,10,2
70.87,77.45,73.07,64.95,87.56,68.15,66.46,50.4,2,2,1,8,1
82.31,94.75,89.28,86.43,96.61,87.04,68.75,73.1,5,1,3,12,1
90.33,92.1,86.94,100.0,95.27,94.55,90.46,77.7,1,0,2,11,0
84.67,83.22,86.56,84.49,96.6,67.51,86.21,57.1,6,0,6,3,2
96.57,100.0,99.45,100.0,96.26,96.42,93.54,99.3,2,0,5,6,2
58.72,59.77,57.31,76.47,91.72,86.72,75.36,70.0,3,2,4,11,2
88.19,70.25,81.18,100.0,100.0,96.59,85.85,74.9,2,1,2,13,1
99.5,100.0,91.18,100.0,100.0,100.0,100.0,87.3,1,1,2,8,0
63.0,59.37,60.51,88.39,83.29,90.66,71.97,70.6,3,1,5,7,2
73.6,72.16,73.17,80.08,78.97,77.02,73.3,43.0,7,1,3,9,2
99.5,100.0,98.02,97.87,94.6,91.73,88.92,85.3,1,1,2,3,0
66.47,55.03,58.71,95.51,88.2,80.28,78.08,84.2,2,2,3,6,2
73.86,77.16,80.64,59.64,72.41,61.26,60.07,64.2,2,4,5,13,2
79.39,67.64,79.89,58.34,72.69,74.14,68.6,40.8,0,2,3,4,1
98.22,98.61,98.53,97.15,100.0,99.39,93.35,78.8,2,1,1,11,0
74.66,82.82,79.21,100.0,89.13,96.22,100.0,90.7,3,1,7,13,2
23.73,8.0,10.49,40.65,52.31,31.87,11.44,22.0,5,7,5,4,2
32.26,15.94,21.57,69.31,57.94,29.11,27.01,13.4,5,1,9,3,2
94.95,100.0,95.01,100.0,100.0,100.0,100.0,125.7,0,0,4,4,0
78.26,82.75,75.72,81.75,83.32,75.33,78.98,27.5,2,0,4,12,1
66.24,67.67,70.81,77.38,95.78,84.76,78.97,79.9,2,1,8,10,2
60.75,61.1,58.39,55.83,59.45,58.34,58.2,13.0,4,4,2,12,2
78.71,100.0,81.97,100.0,100.0,100.0,95.92,94.9,3,0,5,8,2
69.23,53.42,71.23,60.56,69.93,51.29,44.11,20.7,2,2,3,12,2
58.93,37.47,58.15,58.78,65.41,46.4,52.38,45.0,8,2,2,3,2
85.46,99.04,93.55,100.0,99.39,100.0,97.7,78.2,2,2,2,12,0
94.22,90.31,84.97,90.07,95.54,97.67,91.74,83.7,3,2,4,4,1
95.02,100.0,100.0,91.79,95.36,84.53,97.93,73.6,3,0,1,6,0
75.4,84.56,84.64,88.95,96.72,81.89,95.49,73.3,1,0,6,11,2
66.23,61.15,57.37,77.57,76.85,69.21,28.02,50.4,7,3,2,11,2
51.19,47.41,40.69,48.42,61.64,47.85,44.75,87.7,3,3,4,2,2
95.69,100.0,95.11,100.0,100.0,97.59,96.63,69.2,2,0,2,10,0
37.44,30.98,36.43,67.21,80.59,60.03,70.31,40.1,4,3,4,7,2
70.08,78.5,78.99,67.11,74.44,62.07,75.54,38.6,4,1,2,10,2
67.62,53.11,54.58,57.95,66.82,62.42,53.44,32.8,4,2,3,12,2
91.61,99.04,100.0,86.24,90.25,91.1,92.22,85.0,0,0,1,2,0
79.7,86.47,75.57,81.45,100.0,83.38,86.7,85.0,2,1,2,2,1
37.73,29.28,37.99,57.57,57.69,41.23,37.39,5.0,7,2,6,11,2
61.14,65.51,62.69,68.16,70.1,62.02,36.18,52.0,3,2,4,12,2
54.11,50.78,57.87,68.62,73.15,65.54,58.45,7.1,5,4,5,11,2
87.9,94.92,92.07,89.97,100.0,92.22,78.51,89.2,3,1,1,13,0
60.17,52.8,57.1,73.01,74.91,69.18,77.82,33.2,7,5,7,2,2
76.76,73.31,78.17,92.35,98.52,86.55,85.51,58.7,2,2,5,9,2
89.18,90.58,86.55,100.0,100.0,100.0,100.0,109.6,0,0,0,7,0
28.99,15.01,23.2,62.62,42.62,28.53,34.59,5.0,6,4,7,7,2
84.9,79.18,77.35,81.05,100.0,85.42,94.16,97.2,3,1,2,9,1
99.5,100.0,100.0,84.76,93.81,93.8,83.54,75.5,3,0,1,7,0
62.37,60.2,66.25,80.46,71.43,70.98,72.06,51.0,2,3,3,6,2
70.29,75.21,73.97,97.14,78.07,91.33,100.0,76.4,5,2,2,6,2
87.32,83.17,86.62,89.83,87.04,97.55,99.71,78.6,3,0,3,3,1
86.59,100.0,90.49,86.29,91.56,94.92,79.46,104.3,2,1,3,2,1
77.36,73.64,85.56,71.57,78.09,59.26,59.93,20.5,4,1,2,9,2
17.96,12.8,15.85,68.07,70.29,69.46,87.91,32.6,3,6,9,10,2
85.0,82.0,77.6,86.92,78.32,60.85,54.44,79.5,3,0,6,11,2
56.22,49.59,55.96,58.49,64.8,56.15,44.98,10.4,4,4,3,11,2
81.98,79.7,81.33,74.81,80.27,78.36,61.26,59.1,2,0,2,8,1
81.83,70.66,85.89,72.83,84.98,73.68,58.45,59.6,3,1,2,3,1
62.39,65.99,63.71,68.92,80.34,75.12,43.8,34.0,1,3,3,6,2
25.58,14.22,15.83,73.86,74.61,64.34,61.73,48.8,1,4,7,11,2
79.87,89.76,90.41,93.38,100.0,90.63,94.57,48.2,1,1,5,4,2
65.15,57.83,63.57,87.58,80.05,86.31,83.09,75.3,3,1,5,13,2
78.98,78.01,76.33,73.82,79.96,60.62,59.87,67.8,0,0,0,9,0
80.33,76.31,87.84,79.97,91.2,100.0,81.37,77.6,3,0,3,6,1
78.24,79.05,78.42,96.05,97.37,100.0,100.0,100.4,2,1,3,13,1
98.28,100.0,96.71,84.08,94.86,80.46,89.38,103.6,0,0,2,12,0
99.5,100.0,100.0,83.76,100.0,81.78,98.72,73.4,2,0,2,10,0
40.05,42.14,44.69,37.14,53.6,25.83,8.97,5.0,4,2,5,7,2
89.13,97.67,96.05,98.04,99.49,97.81,90.72,55.4,1,0,3,12,0
64.25,66.91,70.65,78.39,86.47,85.8,81.3,72.0,1,0,3,9,1
55.07,43.11,42.92,49.38,61.18,55.46,55.52,11.8,3,1,4,8,2
76.11,66.2,75.68,89.31,94.13,77.52,83.09,86.4,1,1,4,4,1
99.5,100.0,100.0,100.0,100.0,100.0,100.0,134.1,0,0,0,4,0
75.54,78.57,77.23,95.41,90.69,95.63,77.73,76.4,0,1,3,7,1
72.42,66.99,68.34,73.34,62.55,44.29,51.06,5.0,4,1,2,12,2
84.09,81.94,81.59,77.86,96.79,85.53,68.37,71.3,6,0,6,5,2
70.09,65.61,67.41,75.36,80.95,73.99,64.46,55.2,2,3,3,3,2
78.65,85.67,81.87,92.57,93.57,80.46,78.27,77.2,1,1,4,4,1
83.79,98.24,80.5,84.64,90.18,92.16,82.13,65.1,8,2,4,11,2
87.62,80.6,87.83,92.93,96.33,71.61,68.97,71.1,1,2,4,3,1
73.66,65.33,74.42,100.0,87.3,97.43,100.0,94.1,2,0,5,11,2
84.16,83.6,85.82,78.15,94.0,72.48,69.59,59.4,1,0,3,7,1
64.42,55.99,63.58,60.33,79.85,63.65,76.05,46.9,2,2,12,7,2
99.5,100.0,100.0,93.82,90.7,91.01,76.03,96.4,1,0,2,13,0
64.82,66.27,66.31,61.44,77.97,64.45,52.55,23.7,3,2,7,7,2
92.58,100.0,100.0,88.52,90.02,85.45,80.5,61.8,1,0,3,3,0
73.67,80.79,76.39,58.82,78.2,64.0,65.35,47.4,3,2,1,4,2
73.24,73.22,77.13,71.93,75.92,66.88,75.99,35.1,5,1,4,3,2
93.24,100.0,92.23,100.0,100.0,98.56,97.69,72.5,1,1,2,4,0
60.72,65.51,62.0,83.31,82.53,84.8,77.01,79.1,2,2,4,4,2
95.7,91.7,98.62,75.18,92.53,82.18,78.04,78.1,3,1,2,8,1
77.53,75.28,76.01,69.53,67.04,51.78,50.35,13.5,3,0,4,11,2
81.1,97.47,85.08,94.65,99.8,96.03,98.8,109.0,2,3,8,10,2
71.59,67.36,71.35,78.29,81.03,84.18,94.89,91.0,3,1,1,3,1
81.05,77.64,79.93,72.29,80.98,73.62,65.62,55.4,4,1,3,7,2
60.82,68.32,59.96,91.89,83.19,84.31,85.34,89.0,1,2,3,7,1
98.37,100.0,97.46,77.89,77.43,75.48,74.69,54.3,2,0,3,9,1
68.12,60.12,65.95,65.76,71.0,70.1,45.05,44.3,7,3,2,10,2
73.42,75.28,64.42,76.04,81.77,74.09,62.91,40.9,3,2,1,13,1
85.98,84.17,85.47,65.13,81.99,62.62,66.36,44.8,1,0,1,2,1
77.49,78.67,74.32,81.01,99.92,91.83,96.08,82.0,3,2,6,13,2
99.42,87.29,93.77,80.76,100.0,80.75,75.13,65.0,3,0,1,2,0
93.14,92.63,87.86,100.0,100.0,84.69,90.75,88.8,4,1,3,10,1
60.15,51.68,55.49,71.37,93.07,74.3,69.57,77.8,1,2,7,4,2
85.26,85.66,92.6,72.08,84.92,87.59,78.48,74.7,5,0,4,13,1
81.64,76.99,75.8,72.49,82.85,69.66,77.52,63.3,4,2,8,12,2
69.78,61.15,63.83,84.26,85.73,63.81,67.86,63.3,1,1,3,5,1
60.83,63.59,60.37,89.37,91.68,89.66,100.0,72.2,0,2,5,10,2
54.45,67.08,50.71,64.02,67.54,65.51,47.18,26.0,5,6,8,9,2
57.01,52.74,48.4,81.26,81.14,70.1,80.86,48.8,5,0,7,10,2
90.29,93.74,93.76,100.0,97.06,91.61,100.0,84.8,4,0,3,4,1
84.19,92.43,84.91,100.0,99.43,100.0,100.0,104.5,1,1,1,10,0
28.24,14.41,30.13,52.64,55.48,37.92,40.13,13.5,6,6,6,12,2
50.76,35.01,40.98,52.28,56.71,59.88,52.72,65.4,9,3,12,7,2
98.02,100.0,100.0,67.79,97.03,58.3,52.98,68.9,7,0,0,13,1
21.11,8.0,10.0,16.22,47.14,42.27,21.99,5.0,4,5,3,5,2
41.02,23.61,33.71,60.05,59.04,47.88,49.93,18.1,5,0,6,9,2
88.86,95.14,87.59,73.18,85.88,79.04,70.83,62.7,2,1,3,3,1
51.66,28.49,45.86,60.23,60.31,44.39,32.69,29.9,3,1,6,13,2
53.28,56.56,51.84,63.0,78.34,54.22,55.59,70.1,3,2,3,11,2
97.52,100.0,96.24,100.0,100.0,100.0,99.65,82.3,0,0,0,6,0
97.59,98.24,97.37,96.41,100.0,100.0,93.52,113.5,2,0,1,8,0
99.5,100.0,100.0,96.01,100.0,88.04,90.02,80.2,1,0,1,3,0
74.52,70.03,78.28,69.83,86.11,65.27,55.86,28.6,3,1,1,9,1
99.5,97.86,96.95,77.97,87.92,75.1,73.06,77.9,4,0,2,3,1
62.06,59.72,57.26,92.44,77.55,83.34,77.55,79.0,2,1,2,12,1
66.07,64.11,61.73,59.29,86.69,74.24,66.13,48.4,5,1,7,7,2
98.64,97.83,93.84,84.16,90.66,82.0,82.06,82.8,3,0,2,10,0
99.5,100.0,100.0,100.0,100.0,100.0,100.0,114.5,0,0,2,10,0
87.87,97.79,88.6,100.0,100.0,100.0,100.0,122.4,1,0,7,8,2
96.21,100.0,100.0,80.27,85.69,89.87,85.96,79.3,5,0,0,2,0
85.84,87.62,91.25,96.54,100.0,99.22,85.88,80.8,3,0,4,3,1
89.99,97.52,92.17,83.23,95.08,77.05,75.63,63.3,4,1,3,9,1
88.81,96.47,85.71,83.66,80.19,81.36,77.32,84.9,3,1,4,9,1
80.07,70.74,79.58,100.0,92.94,93.53,81.96,80.1,2,0,4,4,1
94.07,98.24,90.58,79.12,88.38,83.81,78.36,76.1,2,0,3,9,0
99.5,99.23,99.38,99.34,100.0,88.88,94.29,106.0,1,0,1,9,0
86.68,83.22,91.36,75.83,78.73,79.57,55.31,57.1,5,2,2,2,2
31.98,27.59,20.56,47.03,62.9,23.49,40.7,22.6,5,1,4,12,2
68.44,70.68,68.14,87.43,87.69,72.71,66.85,46.9,1,4,4,6,2
28.91,18.93,22.49,55.07,50.92,52.43,47.84,5.0,4,3,6,7,2
39.88,40.67,38.28,68.95,64.2,60.02,41.74,9.9,1,4,3,11,2
73.62,80.47,70.52,85.0,96.73,90.53,100.0,88.8,3,1,4,9,1
61.19,52.08,66.03,63.42,67.54,52.44,52.8,24.3,2,5,2,5,2
59.24,61.8,60.87,63.54,62.55,46.73,47.38,15.1,6,1,5,13,2
64.9,73.9,60.11,71.26,78.78,77.17,76.92,64.2,3,1,7,5,2
82.82,86.52,85.7,89.01,84.13,87.49,73.22,81.1,1,0,3,10,1
89.31,90.15,94.13,89.85,93.64,100.0,87.65,76.1,1,2,1,5,0
69.91,59.28,65.56,59.48,69.5,67.24,45.29,33.7,8,1,2,11,2
52.77,63.87,63.5,90.93,76.15,66.9,50.76,31.8,5,4,4,6,2
63.12,62.31,54.45,78.08,85.9,78.3,70.62,38.7,2,4,8,13,2
84.05,87.74,90.0,84.69,85.93,82.67,81.68,66.1,0,0,2,11,0
99.5,100.0,98.67,100.0,98.55,77.71,70.31,91.4,3,0,2,3,0
97.57,82.27,88.15,97.96,97.15,100.0,100.0,72.8,3,0,3,4,0
99.5,100.0,100.0,100.0,100.0,100.0,100.0,118.9,3,0,1,8,0
95.68,100.0,100.0,84.75,90.78,100.0,82.25,80.9,2,0,1,2,0
54.32,27.12,50.04,59.97,58.14,43.23,50.86,30.1,5,2,1,6,2
87.5,82.68,91.53,91.98,100.0,100.0,89.2,115.4,1,3,3,6,1
86.41,85.0,86.16,82.06,84.9,72.69,72.52,45.9,2,0,0,3,0
90.45,86.12,82.36,90.83,86.56,87.0,90.9,66.8,2,1,2,9,1
88.71,82.88,79.2,79.66,84.31,75.11,63.3,59.1,7,0,3,2,1
96.94,92.09,88.18,78.97,98.42,85.8,95.16,90.2,1,0,2,3,0
70.86,71.26,69.26,74.84,84.81,81.64,77.29,64.6,4,1,1,12,1
46.92,46.68,47.81,66.44,59.05,63.64,51.9,48.0,3,1,3,5,2
61.25,65.42,65.04,69.31,74.48,67.11,78.11,63.5,4,0,6,6,2
52.22,41.52,50.44,63.53,73.56,46.54,44.51,41.3,7,2,8,10,2
62.17,70.19,61.92,69.39,85.02,76.17,82.25,62.7,1,2,6,8,2
88.57,95.57,96.71,96.43,92.07,95.3,95.75,67.6,0,0,1,4,0
72.29,82.28,82.51,79.84,84.01,88.91,83.82,75.6,2,0,2,8,1
90.24,92.91,87.2,83.47,96.86,78.88,60.51,79.1,4,0,2,4,1
84.49,84.32,83.99,79.12,89.36,82.58,71.55,66.1,2,0,0,9,0
95.42,98.46,99.29,99.25,91.67,98.4,79.8,90.6,2,0,5,12,2
90.5,98.75,99.45,100.0,91.14,100.0,100.0,116.7,4,1,3,8,1
99.5,100.0,100.0,91.43,94.25,87.03,85.31,76.6,1,0,7,11,2
77.02,77.58,74.83,76.24,88.49,76.12,60.19,56.8,1,0,4,10,1
71.92,71.93,67.81,65.14,89.76,78.67,58.51,53.7,3,1,3,11,2
78.85,88.22,78.07,87.7,100.0,100.0,86.12,62.3,2,0,3,7,0
67.49,56.65,62.33,76.35,88.64,82.2,94.68,61.5,1,2,5,7,2
98.54,92.22,94.08,93.43,96.36,79.89,93.06,90.1,1,0,4,6,0
75.54,74.44,69.98,61.58,71.76,53.44,47.77,17.6,5,0,4,8,2
70.8,66.17,71.89,88.58,86.54,85.64,76.99,68.2,0,2,3,12,1
97.11,96.14,95.34,77.75,80.91,72.46,75.58,76.6,1,0,3,11,0
99.5,98.68,100.0,69.73,88.83,62.89,69.65,45.0,3,1,1,6,1
51.53,65.66,51.7,59.52,69.31,62.48,52.36,14.5,5,3,6,4,2
33.43,20.29,32.48,16.15,46.72,31.85,9.4,5.0,10,4,8,6,2
72.19,58.03,70.13,88.83,77.26,74.19,81.89,65.4,4,3,0,9,2
37.92,28.5,38.96,31.83,54.4,37.94,21.67,11.7,8,0,1,6,2
99.5,100.0,99.21,88.42,95.06,86.97,91.05,78.0,1,0,3,7,0
99.5,100.0,98.74,100.0,100.0,100.0,86.97,79.7,0,0,1,5,0
32.49,30.72,34.32,53.75,63.09,40.61,48.36,15.3,2,4,3,13,2
96.18,97.72,100.0,100.0,100.0,100.0,100.0,89.0,2,0,4,2,0
86.27,86.32,86.19,74.34,79.79,77.02,83.36,85.5,2,1,3,11,1
95.66,92.59,88.24,84.06,97.56,77.85,82.31,70.0,1,0,2,2,0
68.77,59.95,63.59,71.47,78.62,61.23,48.49,25.2,3,1,5,8,2
94.73,96.41,100.0,94.39,96.75,77.19,67.32,74.6,6,1,2,12,1
56.11,62.05,61.45,77.03,77.87,68.88,65.14,57.2,2,1,10,12,2
68.63,88.3,77.34,62.93,84.94,56.86,56.56,34.8,2,1,7,13,2
87.16,91.3,87.03,89.14,85.95,92.98,93.13,82.1,3,1,2,2,1
78.56,85.66,88.08,84.81,85.17,92.0,73.32,91.3,2,1,2,3,1
78.13,65.08,69.04,97.56,95.09,89.63,92.35,74.9,0,2,7,2,2
76.9,80.77,78.44,100.0,100.0,100.0,100.0,107.8,0,0,3,12,0
89.97,100.0,95.71,100.0,100.0,100.0,100.0,112.4,1,0,4,13,0
49.8,48.59,51.06,76.09,78.47,71.18,54.38,41.5,4,3,6,6,2
77.41,78.59,74.7,91.24,96.44,83.02,75.19,67.1,1,4,3,8,1
99.5,100.0,100.0,90.65,100.0,100.0,99.08,101.2,1,0,2,12,0
69.74,84.41,77.71,84.25,99.3,93.83,93.12,74.1,1,1,4,12,1
91.7,100.0,95.59,95.9,97.81,87.35,86.76,67.5,2,1,1,11,0
86.86,87.81,88.93,81.99,93.51,82.63,62.96,67.6,3,1,3,7,1
68.94,73.7,68.61,96.23,86.33,95.48,79.12,75.4,2,1,3,3,1
67.57,87.36,82.53,92.68,85.08,90.18,91.31,102.3,0,3,3,9,1
62.36,77.17,73.42,79.79,76.63,59.42,59.55,58.7,5,1,3,7,2
96.31,97.29,94.07,100.0,100.0,83.63,74.93,92.9,1,1,3,12,0
60.06,38.1,51.08,41.61,50.23,31.0,27.82,38.0,6,0,2,13,2
54.82,50.16,57.68,54.09,71.35,52.7,45.82,5.0,2,3,4,13,2
66.14,68.16,69.6,58.23,66.13,44.56,46.41,36.1,6,1,6,5,2
39.39,47.23,42.92,41.85,65.98,50.14,52.1,18.5,4,3,1,9,2
99.5,100.0,95.81,100.0,100.0,100.0,100.0,86.2,0,0,5,13,2
57.04,52.29,51.77,62.09,78.37,55.92,55.77,52.8,1,2,4,8,2
69.72,81.02,74.44,85.32,93.43,81.97,84.5,57.3,3,0,0,4,1
61.06,53.77,65.1,74.32,63.88,57.51,67.79,34.9,2,1,4,2,2
60.87,58.74,64.86,70.77,74.95,69.04,62.39,61.8,4,2,5,3,2
28.84,25.54,30.23,64.55,65.34,55.53,64.77,27.4,2,4,8,4,2
99.5,100.0,100.0,77.81,96.98,100.0,87.21,99.4,4,0,0,3,0
59.92,71.91,55.45,85.24,75.57,82.99,78.82,63.0,4,1,3,5,2
85.96,88.38,88.26,74.56,80.54,70.34,59.81,50.5,5,2,0,4,1
54.67,48.23,53.57,54.44,65.7,69.15,61.32,65.1,7,3,4,13,2
72.16,68.82,65.14,65.08,85.27,81.81,75.84,67.4,4,1,5,11,2
84.17,100.0,99.25,93.71,86.81,83.55,87.27,63.8,3,1,0,8,0
90.38,83.37,89.72,89.8,92.34,83.65,100.0,66.5,0,0,5,3,2
89.42,76.44,86.9,75.15,93.7,72.56,81.55,63.6,6,1,1,7,1
70.57,62.23,64.53,85.02,75.99,80.44,78.42,63.7,5,1,3,5,2
68.42,72.84,71.32,76.05,78.11,86.41,58.85,60.1,7,2,1,13,2
41.17,40.63,41.73,34.1,54.05,37.7,33.25,23.6,8,2,14,5,2
81.87,85.41,91.06,85.93,98.06,87.88,85.03,65.1,3,2,3,5,1
72.1,68.58,74.76,88.52,78.8,86.25,64.79,56.7,3,1,3,8,2
99.5,98.29,99.99,84.94,88.74,91.49,85.15,76.5,4,0,4,11,1
59.75,45.82,48.55,71.89,77.02,64.16,62.72,38.8,3,2,2,13,2
56.36,64.42,54.55,69.24,64.73,66.07,42.96,23.2,5,2,5,7,2
57.66,58.3,47.76,76.93,82.5,95.07,76.57,56.7,1,0,6,7,2
39.25,30.02,34.54,21.93,51.05,38.73,39.31,5.0,6,3,4,9,2
56.04,58.51,59.18,76.2,74.97,49.15,40.93,38.5,8,1,2,13,2
99.5,100.0,100.0,100.0,100.0,100.0,99.54,74.7,1,0,1,10,0
64.76,59.65,65.53,58.38,76.12,56.31,57.6,8.7,2,4,1,6,2
84.63,81.55,92.17,89.11,94.61,85.27,89.57,78.6,3,1,4,9,1
72.13,74.32,69.3,90.26,89.49,85.98,80.35,77.9,2,1,5,9,2
62.68,56.98,56.82,46.93,67.17,52.19,53.12,34.6,2,2,7,4,2
98.66,99.49,99.6,91.63,100.0,91.12,80.93,64.8,4,0,3,3,1
98.9,92.3,90.26,92.64,100.0,83.06,78.71,92.1,3,0,1,8,0
83.41,86.47,84.45,87.05,81.31,75.38,68.82,53.5,4,0,3,3,1
99.5,100.0,97.97,94.78,87.66,80.42,95.38,70.2,3,0,0,9,0
98.97,100.0,94.37,84.99,96.06,87.91,76.2,62.8,4,1,2,7,1
68.1,61.24,60.4,82.3,74.42,67.85,57.07,49.7,3,1,4,12,2
99.5,100.0,97.69,84.11,100.0,90.85,99.67,73.9,2,0,1,12,0
51.88,37.14,43.61,52.38,54.82,38.81,49.49,5.0,9,3,7,10,2
99.5,100.0,98.36,69.03,93.21,89.86,84.03,97.5,2,0,0,7,0
99.5,100.0,100.0,100.0,100.0,100.0,85.75,81.5,3,0,1,5,0
62.96,62.17,66.96,60.38,64.49,55.95,48.53,45.3,3,3,7,6,2
50.15,56.37,54.2,72.07,69.34,56.16,45.61,25.0,0,3,6,4,2
78.08,66.99,76.68,58.73,76.96,62.51,56.37,71.4,4,3,6,2,2
84.5,84.51,80.53,71.6,84.06,75.21,70.08,78.1,4,1,4,7,2
99.5,100.0,100.0,100.0,100.0,100.0,99.5,95.7,1,0,0,13,0
71.73,78.93,70.55,69.73,76.92,78.9,59.0,39.4,3,1,2,11,1
80.13,81.9,83.27,97.11,89.01,90.47,69.75,68.6,1,0,1,6,0
66.1,67.07,73.89,78.58,82.25,77.77,74.95,66.1,1,3,7,13,2
90.36,91.24,94.79,84.53,94.62,77.26,74.04,59.8,1,1,4,11,1
85.03,82.23,87.63,54.82,69.15,47.5,46.47,52.9,13,2,4,2,2
86.01,84.97,81.46,91.81,100.0,88.16,100.0,74.5,1,0,4,3,0
87.01,82.47,85.38,90.82,100.0,82.31,80.52,104.2,3,0,3,2,1
84.4,80.09,84.04,70.24,83.99,71.23,71.61,50.9,3,2,2,13,1
65.13,56.44,66.19,73.43,71.14,63.33,53.96,47.6,2,4,7,5,2
99.5,100.0,96.99,99.96,100.0,100.0,100.0,120.0,0,0,3,3,0
77.73,81.39,78.95,54.02,76.37,65.25,56.06,47.5,5,2,4,8,2
81.06,77.24,86.32,96.45,100.0,97.45,81.13,82.0,4,1,4,10,1
72.35,70.0,71.92,74.44,93.09,80.08,78.53,48.2,5,1,1,3,1
99.5,100.0,90.93,83.6,100.0,92.44,81.29,65.7,2,1,1,7,0
51.59,33.62,40.49,67.52,67.42,43.1,52.82,12.2,1,4,4,2,2
85.39,75.99,79.4,73.02,68.57,66.72,66.1,41.5,6,1,3,13,2
77.49,83.51,75.98,95.68,85.63,95.07,80.26,78.9,3,0,0,2,0
75.16,65.76,72.89,89.63,81.84,80.5,89.41,49.1,3,2,5,8,2
80.54,83.64,86.58,100.0,98.1,100.0,90.41,63.5,0,0,8,11,2
94.88,100.0,100.0,65.03,76.55,77.31,57.06,43.7,4,2,6,9,2
91.02,89.27,96.23,91.22,82.39,79.8,82.39,53.3,3,1,1,10,1
67.8,60.55,62.98,72.42,89.28,69.02,79.73,22.4,6,2,9,11,2
66.44,52.93,60.71,63.26,76.9,70.88,62.12,30.7,4,1,2,2,2
84.54,81.05,83.14,79.31,91.83,97.41,81.79,58.2,2,1,2,6,1
76.78,78.7,89.54,88.58,91.67,92.68,97.38,104.4,2,4,5,11,2
95.7,100.0,99.26,97.05,98.96,91.04,100.0,82.1,1,0,0,12,0
91.01,94.01,91.94,88.59,86.68,94.01,81.95,78.7,1,0,2,6,0
84.51,91.9,84.03,100.0,96.74,100.0,100.0,98.8,1,0,2,11,0
86.39,88.86,92.49,81.89,97.97,86.1,81.55,57.6,4,1,1,2,1
79.41,74.61,72.92,74.21,83.27,81.49,85.36,59.8,5,0,2,7,1
27.7,8.0,21.57,52.14,58.7,50.25,59.61,27.6,5,6,6,13,2
52.11,54.49,53.03,51.8,68.31,38.24,30.89,18.7,7,2,5,6,2
44.7,44.39,43.55,59.44,72.49,52.33,34.14,16.9,10,2,8,13,2
95.58,100.0,100.0,70.09,88.35,81.03,67.39,51.3,4,1,3,7,1
62.42,63.33,65.28,70.12,73.1,75.05,65.49,62.0,3,3,5,7,2
85.13,96.67,93.95,89.13,93.47,86.02,90.38,64.7,1,0,6,9,2
87.09,75.91,78.43,73.26,77.87,88.31,61.37,44.2,3,0,0,10,1
73.68,72.31,77.61,75.57,81.12,54.76,58.17,52.8,3,2,1,6,2
92.35,100.0,100.0,100.0,100.0,100.0,100.0,101.6,1,0,1,13,0
99.5,100.0,100.0,83.05,90.75,91.01,90.84,69.7,3,0,0,2,0
92.09,90.34,89.88,55.38,92.1,53.11,49.68,11.4,2,3,3,4,2
80.22,79.71,77.01,65.01,80.72,62.47,57.51,14.0,6,3,2,5,2
68.66,72.87,70.57,94.65,84.36,88.67,79.95,65.8,2,2,6,3,2
95.4,91.15,93.22,83.7,100.0,100.0,90.69,86.1,3,0,2,6,0
85.63,89.46,84.91,100.0,100.0,100.0,100.0,115.8,1,0,3,11,0
74.29,71.65,75.41,62.49,83.98,85.02,75.76,58.1,7,2,1,6,2
88.71,96.83,92.82,88.41,85.89,78.26,93.78,95.3,1,2,2,2,1
80.48,87.63,81.89,88.53,96.43,87.81,82.12,82.9,4,3,4,10,2
92.78,100.0,94.29,100.0,100.0,100.0,100.0,90.4,1,1,4,10,0
46.24,44.33,38.88,53.19,61.9,35.58,48.35,25.2,9,1,4,6,2
54.81,47.64,51.62,53.24,68.14,48.83,54.02,44.3,2,2,5,3,2
76.39,90.78,77.08,96.63,88.9,80.77,90.73,96.8,1,1,5,10,2
38.32,21.7,30.64,48.85,57.21,42.26,30.93,8.3,5,4,11,2,2
99.5,100.0,100.0,93.91,100.0,84.78,100.0,68.1,0,1,1,8,0
34.51,20.29,21.87,55.06,61.69,51.54,26.16,14.3,6,2,6,7,2
99.5,98.18,98.01,100.0,100.0,100.0,95.57,132.6,0,0,1,13,0
91.66,90.23,92.65,100.0,100.0,97.62,97.66,95.6,0,0,2,6,0
96.81,97.23,90.95,100.0,99.03,100.0,100.0,101.7,1,0,1,11,0
37.82,35.32,34.53,71.41,62.86,56.13,48.24,28.5,6,3,7,13,2
51.42,42.58,42.82,48.21,68.87,53.18,34.04,20.2,3,2,4,2,2
55.49,57.82,59.95,77.56,78.4,68.05,74.49,62.4,8,0,4,2,2
99.5,100.0,97.24,100.0,100.0,100.0,100.0,90.2,1,0,3,12,0
93.12,79.65,85.36,80.22,87.85,89.93,77.13,86.2,1,0,1,9,0
91.48,98.32,97.56,98.27,100.0,93.42,99.21,78.5,1,1,5,8,2
87.28,85.42,85.61,89.35,89.74,85.66,89.24,91.5,6,2,5,9,2
99.5,94.24,100.0,97.57,100.0,100.0,93.83,109.6,1,0,0,7,0
63.31,62.99,65.36,70.0,70.65,60.3,51.2,64.2,3,0,5,9,2
59.34,57.21,60.39,59.47,71.89,52.35,60.23,36.4,5,2,5,13,2
66.9,56.38,64.9,20.91,53.24,27.45,11.78,6.3,5,3,2,4,2
93.04,100.0,100.0,68.05,92.19,82.87,78.13,60.6,1,0,4,4,0
93.6,88.11,79.11,62.45,81.96,68.42,78.39,68.6,6,1,0,13,1
66.77,55.89,65.42,54.37,80.3,70.25,56.55,42.0,6,3,6,11,2
99.5,100.0,96.43,99.11,100.0,100.0,93.87,90.7,1,0,1,7,0
72.69,69.68,66.82,79.94,85.39,72.66,88.8,73.9,4,3,4,6,2
74.89,95.92,82.33,74.7,91.59,75.24,76.73,47.4,2,0,3,3,1
99.5,99.75,99.26,85.63,89.86,64.81,71.26,64.5,3,0,2,8,1
72.74,73.67,66.09,82.55,86.49,72.36,79.65,72.9,0,0,3,9,1
42.51,34.08,34.55,63.61,72.6,68.96,71.3,23.7,5,2,3,11,2
44.03,30.23,33.13,47.58,54.92,59.68,49.98,15.1,6,1,4,2,2
76.16,66.23,69.02,95.69,93.46,81.39,90.63,66.1,2,2,5,13,2
55.94,48.96,55.31,56.78,69.63,54.28,61.53,16.1,2,2,2,3,2
69.21,67.82,67.16,90.58,81.51,76.57,71.53,54.6,2,6,3,6,2
85.68,100.0,92.27,96.35,100.0,100.0,100.0,122.2,0,2,3,11,0
81.06,74.58,75.43,58.71,75.94,49.44,64.53,42.4,3,0,2,9,1
38.35,32.08,41.42,55.13,82.26,54.53,59.92,32.8,2,2,3,10,2
95.39,100.0,95.32,88.13,88.47,100.0,100.0,105.3,2,0,2,11,0
91.9,93.76,96.19,83.59,100.0,77.3,81.18,89.7,2,0,2,2,0
81.6,86.22,83.61,73.69,90.25,74.42,58.99,31.1,9,1,5,4,2
57.83,63.56,56.9,54.81,58.69,58.17,40.51,34.8,4,3,6,8,2
79.21,74.08,85.93,64.18,71.51,55.95,52.51,33.5,4,1,2,2,2
70.02,59.91,71.12,61.67,81.07,66.8,56.62,42.4,6,1,1,13,2
57.37,54.43,55.4,81.03,73.09,80.38,61.15,50.6,0,2,7,7,2
65.75,62.63,68.25,54.97,67.0,57.84,57.26,42.1,7,4,4,13,2
99.5,94.34,97.48,100.0,100.0,100.0,90.0,80.0,3,0,2,11,0
84.55,87.68,84.65,99.18,85.66,100.0,93.17,91.3,2,0,2,3,0
99.5,93.17,94.29,90.05,100.0,100.0,100.0,58.3,4,0,0,5,0
42.32,43.2,42.61,64.08,78.26,56.6,54.28,40.0,5,4,2,2,2
88.14,79.51,86.11,80.12,92.23,64.81,80.72,31.1,2,0,4,4,1
72.37,74.72,74.12,88.84,98.28,98.69,100.0,81.3,2,0,3,12,1
33.85,31.14,35.14,74.65,75.25,65.3,78.8,33.8,7,3,9,2,2
92.97,86.31,90.35,84.9,93.64,90.85,80.84,75.9,0,1,4,13,1
73.0,73.42,67.95,71.29,74.84,79.69,60.46,48.0,2,1,0,12,1
67.79,62.07,67.21,81.63,86.04,98.36,80.78,62.3,0,1,5,10,2
88.95,100.0,90.22,93.68,99.38,100.0,99.44,99.1,2,0,6,13,2
86.96,98.53,84.66,85.24,88.27,82.25,64.95,62.5,5,2,4,4,2
74.74,85.9,77.95,88.56,86.47,79.18,75.75,74.3,2,0,7,2,2
78.66,80.29,77.04,74.88,83.3,78.31,72.97,46.0,2,0,3,4,1
87.97,92.17,86.05,78.92,95.59,76.34,85.63,61.9,4,0,0,6,0
99.5,100.0,94.31,84.6,100.0,98.77,94.75,92.9,0,0,0,7,0
62.44,60.96,62.84,52.71,64.5,50.88,47.94,30.7,5,0,3,9,2
97.25,100.0,95.48,98.37,100.0,93.55,97.73,81.7,1,0,3,3,0
56.01,42.18,46.83,48.55,67.93,54.58,45.33,6.4,5,2,2,3,2
73.62,69.88,73.6,53.0,60.44,47.02,40.63,5.0,0,3,5,5,2
99.5,92.4,95.78,100.0,100.0,100.0,83.07,82.3,0,0,1,5,0
99.5,96.12,99.45,68.6,92.8,71.06,65.48,43.5,5,0,2,11,1
82.53,81.07,81.14,89.65,79.9,77.6,70.09,43.1,4,0,3,12,1
39.91,40.23,41.23,76.61,74.59,60.96,51.48,39.0,3,3,7,3,2
35.92,35.74,29.78,55.57,56.88,60.26,58.61,23.4,2,3,6,9,2
92.92,100.0,100.0,75.39,90.1,82.88,84.91,75.2,0,1,2,3,0
50.04,36.88,37.9,60.81,75.14,58.23,76.58,29.9,4,2,4,5,2
81.28,88.58,87.23,94.67,95.79,80.99,77.78,52.5,2,2,3,12,1
92.29,100.0,94.51,96.78,100.0,100.0,94.39,62.8,2,0,2,3,0
35.39,22.17,38.85,34.64,50.29,33.03,18.46,5.0,5,7,3,6,2
57.45,46.3,53.2,46.81,65.97,45.83,52.13,30.4,6,5,7,10,2
78.57,80.12,81.66,87.83,83.5,67.8,77.21,62.3,2,0,5,11,2
62.53,66.26,55.47,97.03,97.27,100.0,91.48,60.9,3,1,9,10,2
61.64,54.3,63.64,51.1,65.64,41.93,49.87,5.0,6,4,0,11,2
72.07,89.75,80.47,90.37,91.7,100.0,100.0,127.4,2,1,5,5,2
76.59,91.86,75.07,64.49,76.88,65.13,51.71,50.5,8,2,3,6,2
99.5,100.0,96.84,100.0,100.0,100.0,98.26,97.5,1,0,3,4,0
93.42,100.0,94.51,86.64,82.75,85.8,80.93,78.1,2,0,1,3,0
66.06,61.13,68.39,59.89,77.11,69.66,73.59,40.0,4,0,2,2,2
52.28,59.09,53.61,79.79,92.71,66.47,70.82,61.0,5,0,7,8,2
82.06,82.85,77.04,100.0,100.0,100.0,100.0,91.4,1,1,3,7,0
92.25,91.32,89.91,100.0,81.65,92.73,87.11,83.4,5,2,2,7,1
95.18,94.09,96.8,78.21,87.24,76.78,80.34,64.4,2,0,3,3,1
52.67,57.82,54.03,84.06,86.9,64.19,69.04,45.4,3,3,9,7,2
94.09,100.0,98.82,100.0,100.0,100.0,100.0,108.4,2,0,1,12,0
99.36,92.01,86.67,90.53,100.0,100.0,96.49,59.1,2,0,6,10,2
88.46,83.17,93.61,86.48,91.95,91.73,80.07,93.6,3,0,5,6,2
52.6,37.36,46.55,51.75,73.42,69.94,59.88,49.8,9,2,2,11,2
63.62,64.98,65.27,64.8,78.62,75.49,63.31,26.8,2,4,1,13,2
94.05,99.23,99.34,100.0,93.85,100.0,98.22,68.5,1,0,6,4,2
99.5,100.0,100.0,93.59,93.6,88.82,92.02,63.8,0,0,2,8,0
99.5,100.0,100.0,85.93,100.0,94.04,100.0,105.0,0,0,0,2,0
69.98,65.69,65.06,75.14,91.04,82.82,86.06,83.0,1,1,3,12,1
66.69,75.6,63.27,100.0,99.45,100.0,100.0,100.1,0,1,6,4,2
62.17,76.33,69.45,86.25,82.12,82.12,65.07,73.5,2,2,4,3,2
85.52,94.89,93.76,97.74,93.66,88.24,94.79,93.7,2,2,1,2,0
96.25,89.34,95.54,80.47,90.36,86.06,89.17,76.9,3,2,4,8,1
88.86,90.01,80.87,85.44,93.64,89.71,89.39,96.6,2,1,4,4,1
99.5,99.35,100.0,92.59,100.0,88.58,90.29,98.2,1,0,1,9,0
99.5,100.0,97.53,89.98,99.34,89.07,99.44,95.5,1,0,3,2,0
99.34,97.3,100.0,99.31,97.82,91.97,90.31,87.8,0,0,1,9,0
85.12,80.44,75.66,45.79,69.67,52.47,56.41,14.4,4,1,5,5,2
99.35,100.0,100.0,92.23,100.0,100.0,89.98,92.4,1,0,0,6,0
78.29,75.17,81.05,88.23,98.32,92.19,79.34,62.4,1,2,3,6,1
85.33,89.62,85.19,83.49,91.96,79.16,63.55,73.0,4,2,5,7,2
60.47,61.39,65.93,85.34,88.9,92.03,87.58,60.6,6,0,3,12,2
83.57,85.8,85.11,67.75,72.55,68.25,44.83,15.7,3,1,2,5,1
93.9,91.21,96.19,74.29,86.29,80.52,85.89,64.0,0,1,0,8,0
99.5,96.5,97.87,100.0,100.0,99.53,100.0,100.7,2,0,1,9,0
98.49,99.49,96.0,76.52,98.02,88.63,79.58,55.2,3,1,1,10,0
71.92,78.32,81.58,100.0,90.29,82.87,73.99,69.6,0,3,3,7,1
98.81,100.0,100.0,92.8,94.85,78.06,80.4,81.2,1,0,1,6,0
53.03,44.25,44.13,50.86,60.12,42.43,38.71,8.1,6,3,4,5,2
53.18,51.51,53.12,52.36,66.01,39.5,35.49,12.7,9,1,6,3,2
78.93,72.44,79.24,89.37,95.08,69.76,80.08,79.2,2,2,4,7,2
99.5,100.0,100.0,95.71,100.0,95.94,100.0,104.7,0,0,2,13,0
81.29,86.87,91.96,81.26,88.4,85.76,68.38,77.9,2,1,1,9,1
95.57,96.5,98.41,97.93,92.45,100.0,72.7,94.2,2,0,3,9,0
61.39,62.24,58.78,56.36,64.66,46.67,45.24,30.4,4,3,4,11,2
73.05,72.65,72.02,65.42,71.99,59.11,63.71,45.5,7,0,6,5,2
99.5,100.0,100.0,89.42,94.27,99.61,86.5,91.9,2,0,0,11,0
99.5,95.43,95.16,75.21,89.84,89.1,75.84,77.5,1,0,3,13,0
70.65,63.58,68.78,69.78,76.07,66.98,59.81,16.4,1,0,6,12,2
32.82,33.09,30.99,57.79,67.19,62.37,50.0,40.3,6,2,7,13,2
60.85,59.65,59.13,56.88,76.92,71.53,68.97,66.6,4,2,3,11,2
74.8,65.79,70.46,81.7,86.81,95.2,79.11,70.6,3,1,4,12,2
79.77,94.51,86.28,78.88,87.65,55.44,67.01,48.2,2,1,2,5,1
20.41,27.81,22.67,59.59,51.74,55.43,52.1,35.5,5,1,7,9,2
80.19,85.39,75.71,89.92,80.42,88.52,96.72,59.9,0,1,9,6,2
87.59,87.43,92.44,87.52,89.67,95.35,92.74,85.2,2,0,4,11,1
70.1,69.45,74.3,99.38,94.43,97.37,88.91,86.9,1,2,1,9,1
19.64,11.96,17.55,21.01,56.69,29.67,31.63,24.9,2,6,5,12,2
84.53,98.7,94.93,77.86,91.52,89.95,99.01,90.1,1,0,1,9,0
90.85,100.0,97.3,89.13,98.6,89.58,84.3,78.6,5,1,4,12,1
75.09,80.26,80.24,100.0,89.45,100.0,100.0,103.4,2,1,5,3,2
91.44,94.41,93.87,95.36,91.93,100.0,95.85,66.1,2,0,2,7,0
45.14,40.86,46.55,58.23,70.33,55.07,55.26,36.2,4,5,6,11,2
95.64,100.0,93.19,92.38,100.0,88.39,82.94,53.9,2,1,1,3,0
65.31,59.83,61.93,77.64,83.99,82.75,99.19,91.1,6,1,4,13,2
99.08,92.7,90.83,80.48,86.65,91.86,84.18,69.6,4,1,3,4,1
15.68,8.0,10.0,40.5,45.4,40.3,35.45,5.0,8,2,5,3,2
32.62,29.92,36.6,50.87,54.38,52.2,41.49,24.1,5,7,5,5,2
71.74,85.49,78.65,72.14,85.01,71.4,70.7,75.2,2,2,5,13,2
65.6,56.72,60.25,71.81,75.14,71.55,41.8,48.2,5,1,2,12,2
95.86,100.0,93.58,100.0,100.0,100.0,100.0,97.9,1,1,1,3,0
27.84,22.17,20.17,41.55,56.13,44.09,37.77,27.2,8,3,7,7,2
78.32,78.81,73.66,72.67,82.4,88.33,82.15,75.4,0,3,3,7,1
99.23,90.99,93.61,81.86,100.0,100.0,82.17,59.5,5,2,4,13,1
50.6,48.14,38.3,66.38,55.12,51.0,33.33,37.1,4,2,5,3,2
78.83,85.25,84.88,83.99,97.83,88.28,88.25,90.0,3,0,7,12,2
81.72,99.7,89.8,86.15,83.06,64.45,71.81,75.5,0,3,2,5,1
99.5,100.0,100.0,100.0,98.53,100.0,100.0,81.2,5,0,2,8,0
67.43,76.85,73.55,74.55,79.32,70.83,62.06,42.1,3,1,6,6,2
96.31,98.86,97.14,87.17,96.52,92.18,80.87,93.3,4,1,4,12,1
88.32,88.98,89.43,88.05,86.0,86.64,87.0,91.1,4,0,10,13,2
99.5,89.1,95.37,88.44,91.0,71.98,83.31,88.2,0,1,0,6,0
52.34,53.82,58.71,50.75,53.8,45.69,35.15,5.4,6,2,7,10,2
99.5,100.0,96.07,100.0,89.84,84.28,86.63,78.3,0,0,4,8,0
49.25,48.29,52.2,85.05,76.84,73.82,71.48,46.3,3,2,4,8,2
48.61,44.88,42.87,77.55,70.44,68.36,54.92,62.1,6,2,3,3,2
61.03,60.06,55.99,69.86,80.13,61.1,72.41,38.1,5,1,7,13,2
93.38,94.1,87.75,100.0,96.37,100.0,100.0,100.9,2,0,3,4,0
54.1,54.79,46.64,72.85,67.11,55.36,61.72,32.3,1,1,5,12,2
44.67,33.3,41.36,71.84,63.97,68.09,41.78,9.1,6,3,9,4,2
94.1,100.0,92.21,99.92,100.0,100.0,100.0,95.4,0,0,1,4,0
77.85,81.8,80.64,84.68,80.78,74.81,61.52,49.7,2,1,2,4,1
38.94,45.17,47.84,61.01,59.88,52.23,52.65,19.8,6,4,4,12,2
99.5,100.0,97.85,100.0,100.0,100.0,100.0,94.6,0,0,2,3,0
99.5,100.0,100.0,89.39,95.48,85.49,90.59,54.4,1,0,5,11,2
93.42,100.0,100.0,98.36,100.0,100.0,97.62,84.2,0,1,3,12,0
75.32,67.55,73.53,69.79,93.97,79.75,57.68,39.7,5,4,6,5,2
63.41,74.82,68.25,60.57,69.42,50.91,46.5,44.4,4,1,3,7,2
49.83,44.57,41.1,62.75,66.75,58.78,47.77,21.9,3,5,5,4,2
62.46,70.48,65.99,76.34,94.04,68.27,82.83,62.5,3,3,5,2,2
79.84,77.4,81.36,73.98,79.06,90.38,80.04,71.2,2,2,3,10,1
92.69,96.42,100.0,79.77,93.66,75.84,60.2,44.1,3,0,4,13,1
90.88,94.1,90.64,77.42,91.13,75.65,79.07,90.2,3,0,6,3,2
91.38,94.72,97.54,73.93,85.48,75.52,89.25,82.0,4,1,3,6,1
82.32,100.0,86.56,86.21,92.78,100.0,88.82,90.7,1,1,6,8,2
80.02,86.95,86.38,91.91,100.0,89.57,79.33,80.7,4,1,5,12,2
73.48,75.04,70.74,96.87,92.18,85.13,86.87,77.4,3,0,9,13,2
94.89,100.0,97.33,97.16,92.88,90.76,81.1,65.0,2,0,1,12,0
81.48,75.22,76.48,100.0,94.82,100.0,100.0,89.9,1,1,3,9,1
87.64,80.96,85.13,87.51,84.75,100.0,89.25,70.2,1,0,7,3,2
78.53,90.15,82.97,98.77,93.84,93.5,84.0,75.1,3,1,1,8,1
99.5,100.0,100.0,100.0,100.0,100.0,100.0,129.2,0,0,0,2,0
97.82,97.95,94.69,86.13,99.72,98.36,89.13,51.7,1,0,3,9,0
78.99,81.58,79.79,75.85,82.49,63.54,60.73,54.0,4,0,5,9,2
56.88,67.22,62.18,86.62,85.06,77.62,76.67,64.5,0,1,5,9,2
65.81,57.97,61.52,80.0,77.67,79.16,72.98,59.6,2,3,7,10,2
52.48,51.79,48.74,76.48,79.94,81.79,80.08,86.4,1,1,5,8,2
55.73,52.45,51.48,55.26,62.14,63.42,59.98,15.8,4,2,4,5,2
41.46,34.67,42.85,38.8,48.74,34.45,23.94,5.0,7,3,5,9,2
82.33,92.68,86.29,97.36,92.57,100.0,100.0,84.3,0,1,2,6,0
59.11,36.58,56.13,55.18,55.19,48.96,32.14,39.2,2,4,3,2,2
90.99,97.35,92.44,89.52,100.0,87.21,84.85,45.3,1,1,3,2,0
96.29,87.55,92.38,98.18,97.41,83.86,100.0,84.8,2,0,3,6,0
75.58,81.57,80.0,100.0,95.19,96.48,100.0,80.4,1,0,5,4,2
78.11,75.27,79.25,100.0,100.0,100.0,88.02,82.2,0,2,7,6,2
59.93,60.94,65.67,65.01,74.63,67.77,70.37,34.7,6,1,7,4,2
85.82,95.5,80.85,93.87,87.16,99.84,93.18,76.7,4,1,0,7,0
70.91,68.53,71.91,53.82,72.03,65.09,48.99,45.8,3,2,3,9,2
42.99,31.12,34.22,49.47,57.7,47.06,36.61,7.9,6,4,3,13,2
81.29,75.67,78.66,88.65,93.37,99.88,94.41,88.7,4,0,3,5,1
96.02,100.0,93.09,100.0,98.39,100.0,100.0,128.0,2,0,3,3,0
91.81,96.74,94.53,100.0,100.0,100.0,99.2,109.5,1,0,1,8,0
89.92,96.37,88.1,100.0,95.86,89.55,71.88,92.8,0,1,3,2,0
40.91,31.0,29.53,48.63,58.81,48.59,27.5,28.5,7,2,3,7,2
69.88,80.54,69.29,78.29,90.33,80.86,87.91,51.0,3,1,6,2,2
65.67,73.19,73.08,100.0,96.54,98.68,94.17,67.2,2,1,6,12,2
59.93,66.44,65.07,83.72,79.47,73.93,62.75,40.6,2,4,2,12,2
84.7,78.18,87.28,65.23,86.26,55.54,66.75,53.3,2,1,3,11,1
72.4,72.29,64.5,47.91,69.71,47.98,37.38,6.8,3,4,5,7,2
92.57,99.73,100.0,73.53,80.73,81.52,77.14,67.1,1,0,1,5,0
83.21,83.54,92.86,100.0,100.0,92.45,100.0,85.8,2,0,5,10,2
96.72,87.95,89.19,87.67,85.62,90.44,81.6,54.2,4,1,1,3,1
62.56,74.9,68.74,88.08,86.1,85.98,71.53,92.8,2,4,7,11,2
77.72,73.47,73.59,82.62,74.95,86.25,60.51,56.2,5,0,5,6,2
54.44,46.59,54.55,65.63,74.92,61.84,64.38,59.7,2,1,6,12,2
69.65,65.64,74.71,58.95,72.33,63.03,59.67,62.5,5,0,6,5,2
48.15,34.24,38.93,41.38,60.25,50.79,39.89,28.8,3,4,2,2,2
99.5,100.0,94.42,100.0,100.0,100.0,99.12,67.2,1,1,4,12,0
84.22,89.57,85.2,100.0,89.68,100.0,100.0,70.2,3,0,3,4,1
53.33,45.45,64.88,60.22,52.47,36.5,26.75,9.0,4,2,5,4,2
30.07,32.73,34.44,54.28,49.99,47.15,31.52,19.6,3,7,12,9,2
86.95,90.88,90.44,100.0,99.98,89.18,90.86,65.9,2,1,3,4,1
94.41,100.0,100.0,100.0,100.0,100.0,100.0,119.1,0,0,1,13,0
26.78,21.5,29.44,51.65,61.47,60.12,36.36,63.7,6,4,6,7,2
81.92,73.28,79.98,78.79,84.27,77.87,89.24,68.9,3,3,3,8,2
60.6,51.62,56.97,69.06,70.49,70.15,56.23,38.5,1,0,7,7,2
99.5,100.0,97.38,100.0,95.47,100.0,100.0,101.5,0,0,1,4,0
82.01,81.0,82.5,68.13,83.36,72.04,44.83,51.3,8,2,4,3,2
44.84,54.94,53.25,64.84,67.02,74.81,69.1,54.3,6,5,5,8,2
50.59,45.18,52.87,54.91,62.09,45.84,31.72,18.4,2,3,5,11,2
66.4,58.92,61.36,53.64,71.64,42.59,52.96,13.5,9,0,6,3,2
48.55,39.6,44.69,55.65,76.8,32.34,40.22,7.4,6,1,5,6,2
66.79,72.67,64.24,82.64,78.03,84.7,84.02,63.4,0,1,3,3,1
73.68,78.92,79.97,83.87,88.63,82.35,82.66,60.5,3,1,3,9,1
87.82,95.08,92.65,95.53,86.24,71.41,74.38,47.1,4,0,2,2,1
88.1,85.64,86.07,79.83,82.65,97.04,77.37,52.3,2,0,1,8,0
83.71,99.58,88.06,75.52,97.19,66.86,59.35,58.5,2,2,2,3,1
91.91,89.9,87.27,83.67,79.96,77.29,81.54,40.8,1,1,3,7,1
81.08,74.68,78.98,77.65,81.18,68.39,48.78,49.6,7,1,4,7,2
80.86,94.38,91.98,86.12,93.42,98.12,79.26,106.1,3,4,2,12,1
34.09,32.95,30.52,49.16,57.43,44.13,32.74,5.0,5,3,5,8,2
55.74,50.97,48.42,73.33,98.69,68.08,52.74,54.4,6,3,4,5,2
87.31,93.36,90.08,79.59,89.85,68.61,71.21,51.1,3,2,2,4,1
97.05,100.0,100.0,100.0,100.0,100.0,100.0,101.1,2,0,1,5,0
65.28,65.8,69.32,62.77,77.42,60.71,65.52,22.8,2,1,1,4,2
78.33,87.52,86.69,100.0,100.0,100.0,100.0,85.5,4,1,6,13,2
99.5,100.0,97.63,96.8,100.0,84.1,72.66,88.3,2,1,5,11,2
98.18,100.0,100.0,79.34,100.0,89.89,85.83,88.3,2,0,1,4,0
98.07,100.0,100.0,100.0,100.0,100.0,100.0,103.3,1,1,4,13,0
70.94,80.58,73.55,90.27,94.11,81.33,90.07,61.4,3,4,7,5,2
83.38,82.95,83.33,100.0,100.0,100.0,100.0,101.5,0,0,2,7,0
67.12,62.66,68.71,45.96,65.95,50.48,40.51,48.4,3,1,4,12,2
73.69,72.08,75.37,77.84,93.09,77.65,74.07,57.5,5,1,3,5,2
60.56,61.51,63.12,76.08,83.0,69.05,69.76,98.3,4,1,1,13,2
99.5,100.0,100.0,75.47,100.0,73.31,88.33,78.5,3,0,0,11,0
42.27,20.72,32.46,29.54,49.88,35.31,41.69,5.1,7,1,6,4,2
81.92,85.23,77.88,98.58,92.15,98.17,98.03,84.2,2,1,2,4,1
78.75,82.54,77.43,81.65,98.72,88.67,74.39,64.0,1,1,1,2,0
72.01,84.44,80.27,98.56,97.02,93.51,86.76,81.0,1,3,3,9,1
67.56,59.78,58.91,57.56,74.89,73.75,51.94,58.5,3,2,2,13,2
96.31,100.0,97.75,100.0,100.0,100.0,100.0,131.1,1,1,2,11,0
31.15,18.02,26.76,47.56,62.85,43.04,41.53,5.0,6,4,6,11,2
69.77,67.36,71.76,65.54,83.61,72.53,60.68,57.9,8,1,4,9,2
70.84,61.88,62.34,71.99,79.4,70.97,62.1,24.2,3,3,3,11,2
94.95,100.0,87.86,71.87,89.19,72.73,74.87,37.6,1,2,1,5,1
85.57,91.77,85.65,74.64,88.19,78.53,68.68,61.9,5,1,3,11,1
42.58,66.42,53.88,79.58,83.91,99.23,83.14,76.6,1,3,10,10,2
31.6,23.46,34.07,68.39,75.53,49.79,50.69,43.2,7,2,9,7,2
99.5,100.0,97.01,79.0,92.05,84.18,86.54,73.4,1,0,3,11,0
63.53,52.37,55.93,66.91,77.31,66.72,57.9,41.6,3,1,3,10,2
79.34,90.8,84.68,76.43,82.2,70.13,55.31,29.0,5,1,2,5,2
72.46,71.97,80.62,80.45,81.57,75.49,74.2,62.4,2,0,6,4,2
66.78,62.0,66.81,50.52,70.34,68.83,46.71,32.2,6,2,4,8,2
50.54,56.7,55.02,64.92,70.21,66.95,68.95,17.0,5,3,8,11,2
81.44,92.5,93.48,78.47,82.46,85.03,68.14,63.9,1,3,4,8,1
77.17,68.89,77.75,76.13,77.45,69.22,70.52,52.1,7,1,2,6,2
85.91,85.91,86.58,85.31,75.13,71.61,71.34,72.3,3,2,2,8,1
92.07,100.0,90.6,89.37,100.0,93.62,100.0,99.8,3,0,2,9,0
69.98,65.72,68.65,66.27,80.03,73.42,67.77,25.8,2,4,4,10,2
53.8,55.61,57.38,85.33,82.02,67.19,81.01,32.5,3,5,6,4,2
70.29,74.47,67.72,79.41,74.4,78.34,49.26,36.5,3,1,2,9,2
51.87,56.93,57.53,49.59,65.8,41.02,44.55,28.0,1,5,5,9,2
96.76,100.0,97.54,76.53,92.02,89.34,74.13,50.0,3,1,3,3,1
88.28,92.13,88.89,100.0,99.81,90.75,100.0,86.1,2,0,2,13,0
99.5,89.44,91.95,91.36,95.69,99.79,93.37,87.3,2,0,2,11,0
95.02,100.0,98.32,87.51,93.2,100.0,97.19,63.5,0,3,3,4,0
89.37,94.07,93.89,89.49,95.85,99.97,84.84,75.5,1,0,2,7,0
50.74,59.04,49.61,48.11,63.38,58.23,55.5,32.1,4,6,5,13,2
72.19,80.17,77.29,90.45,89.8,100.0,86.29,53.0,4,4,4,9,2
65.11,55.08,64.88,55.87,62.81,44.19,39.7,13.2,5,2,4,10,2
73.55,67.49,74.61,82.49,88.1,80.46,85.1,57.6,3,0,2,9,1
86.04,88.32,87.83,91.87,99.29,90.13,95.42,74.0,1,0,3,3,0
37.29,37.26,35.99,60.18,72.61,53.18,61.96,25.0,5,4,3,8,2
72.78,68.06,69.93,54.78,72.16,67.86,48.7,68.7,7,0,2,8,2
80.57,76.51,73.45,85.55,98.21,100.0,98.17,91.8,1,1,2,11,0
45.46,21.03,33.66,63.1,60.03,54.42,56.33,31.2,7,3,9,6,2
55.63,48.36,51.7,82.98,88.19,66.8,65.99,56.0,3,1,6,11,2
94.18,74.84,83.6,61.45,95.52,69.59,66.3,43.8,2,0,4,4,1
44.66,34.97,41.56,72.19,67.15,64.04,41.77,36.0,8,4,3,13,2
79.53,79.2,85.37,63.8,76.75,54.86,41.08,35.8,5,2,6,5,2
72.82,88.71,85.54,100.0,95.25,95.95,97.81,79.5,1,3,2,11,1
42.9,20.26,31.96,71.8,68.42,57.6,42.34,34.8,6,3,7,10,2
52.96,46.48,57.54,81.13,77.93,92.13,65.82,46.6,4,2,5,9,2
84.57,89.4,90.93,86.8,89.9,84.38,79.66,45.1,7,1,0,7,1
31.81,22.99,25.67,57.83,63.7,58.12,44.82,35.7,6,1,6,3,2
87.6,92.13,91.31,95.28,87.26,91.99,86.29,94.5,1,0,3,13,0
88.88,91.67,89.85,74.2,83.66,77.3,61.33,52.0,3,1,2,4,1
97.32,97.5,89.15,93.02,99.39,83.38,87.66,73.8,1,0,1,7,0
96.38,100.0,92.64,90.08,100.0,88.32,87.93,81.7,4,1,1,9,0
83.64,100.0,92.69,100.0,100.0,99.41,100.0,83.4,3,2,7,2,2
99.5,92.48,90.62,72.28,94.7,75.59,70.34,74.3,4,0,0,11,0
57.71,61.19,66.24,59.52,69.17,53.32,58.14,28.2,6,3,7,10,2
90.22,100.0,97.94,91.92,96.43,97.9,87.26,97.3,2,0,0,9,0
99.5,100.0,100.0,100.0,100.0,98.13,100.0,89.2,3,0,0,5,0
69.74,56.83,58.6,51.92,61.47,51.3,34.62,7.1,5,2,2,13,2
87.5,87.94,91.85,90.69,90.53,82.69,84.73,63.3,1,0,4,7,1
74.99,66.47,75.59,89.25,92.18,75.44,96.37,61.1,5,0,4,3,2
65.07,63.92,68.23,98.1,96.54,93.83,81.34,76.2,0,4,8,6,2
97.67,97.88,100.0,100.0,100.0,100.0,100.0,86.0,1,0,2,6,0
82.81,84.8,90.54,72.38,92.43,66.88,71.1,32.1,3,1,2,13,1
90.53,85.1,85.55,83.46,86.25,86.79,72.56,75.5,2,0,1,8,0
98.66,100.0,98.38,73.29,98.24,78.79,80.93,60.5,4,2,1,7,1
55.79,53.49,51.38,66.2,70.83,70.15,58.23,30.5,3,3,4,6,2
56.58,52.35,58.1,71.02,73.45,70.05,72.22,45.7,4,1,2,2,2
82.51,84.49,82.3,66.31,73.97,48.15,42.55,32.7,5,0,0,11,1
83.34,84.94,78.6,100.0,89.16,90.75,89.88,81.3,4,1,0,6,1
43.81,39.52,42.48,47.3,61.21,51.23,47.96,16.7,4,0,5,3,2
94.82,91.95,85.7,100.0,100.0,100.0,95.73,100.6,0,0,0,2,0
70.2,60.34,66.74,60.53,66.68,62.65,44.71,39.4,5,1,5,11,2
78.9,85.43,81.87,83.53,76.02,68.68,59.6,37.4,2,1,0,11,1
99.5,89.57,93.94,83.3,94.09,87.23,75.78,81.7,4,0,2,4,1
99.5,100.0,100.0,100.0,100.0,100.0,100.0,134.2,0,0,3,7,0
99.5,100.0,92.45,95.91,88.15,93.55,84.79,76.0,1,0,0,3,0
51.76,31.31,44.37,67.02,67.37,46.78,49.82,5.0,3,0,3,9,2
65.8,63.21,65.6,74.19,85.98,92.62,81.9,42.9,3,3,4,7,2
36.49,43.96,39.15,76.16,80.45,78.63,75.24,71.2,3,2,6,10,2
69.09,84.84,79.99,56.95,67.74,72.47,63.91,40.4,2,1,1,2,1
96.64,100.0,95.34,100.0,97.1,100.0,100.0,104.4,1,1,3,7,0
66.55,55.83,62.09,63.47,68.86,64.36,51.25,58.9,3,1,6,11,2
86.97,93.77,89.99,77.53,79.46,73.46,64.1,45.2,2,2,1,3,1
99.5,100.0,98.12,100.0,100.0,100.0,81.95,81.5,1,0,1,6,0
64.13,57.72,55.41,79.71,80.87,62.93,71.32,63.4,4,2,4,6,2
93.41,100.0,100.0,77.0,93.68,79.54,76.35,57.3,3,2,2,2,1
46.99,40.83,41.51,44.53,66.22,52.8,40.34,5.0,8,5,4,12,2
60.12,52.25,54.07,27.69,49.65,37.3,27.77,5.0,4,0,2,8,2
79.97,67.9,66.41,78.37,76.29,76.75,82.38,80.1,5,1,3,2,2
65.36,59.12,63.22,75.37,89.79,78.86,63.78,71.8,3,3,5,9,2
99.5,99.64,100.0,99.18,99.15,91.23,98.02,78.0,1,0,1,11,0
53.45,56.01,59.44,70.07,78.78,56.58,60.54,36.7,3,2,5,10,2
51.87,50.47,49.83,53.16,54.69,48.73,33.07,5.0,3,7,4,11,2
32.38,36.1,34.81,38.76,47.73,33.22,10.48,9.3,12,2,9,3,2
38.13,23.97,36.76,62.74,56.85,38.68,38.7,26.1,6,6,7,2,2
94.8,100.0,100.0,88.6,89.1,92.03,89.26,76.6,4,0,0,3,0
86.03,88.75,88.56,83.64,80.63,85.92,100.0,72.8,3,2,4,9,1
99.5,100.0,98.29,100.0,100.0,100.0,100.0,107.6,1,0,4,10,0
61.19,51.42,62.29,46.26,72.81,32.31,21.24,5.0,4,1,2,4,2
86.74,90.09,92.93,85.88,91.79,85.43,67.49,57.7,6,0,4,4,1
81.19,86.38,76.24,75.47,77.57,71.9,63.5,62.5,2,1,4,3,1
99.5,100.0,100.0,86.78,91.27,92.86,83.71,80.1,0,1,0,11,0
99.5,100.0,100.0,100.0,100.0,100.0,100.0,127.6,1,0,1,2,0
82.73,89.94,88.36,100.0,100.0,95.2,98.42,66.3,2,0,2,6,0
83.96,82.9,82.47,97.34,92.17,98.49,86.11,69.6,2,3,4,13,1
57.63,56.07,55.12,41.61,72.76,52.76,38.92,9.5,6,1,5,7,2
80.83,82.58,87.01,69.73,79.59,66.21,84.62,67.9,3,2,2,9,1
89.66,89.69,90.65,93.78,99.01,91.65,97.41,82.6,1,1,3,13,0
72.38,54.91,65.01,36.42,71.88,34.25,25.79,6.5,6,3,1,5,2
97.02,100.0,97.59,78.12,93.61,97.14,100.0,76.1,1,0,0,6,0
79.07,82.93,80.53,55.3,81.82,44.52,52.03,20.4,5,5,3,7,2
75.62,99.27,84.0,100.0,100.0,100.0,100.0,120.2,0,1,6,5,2
84.99,81.08,88.11,100.0,94.26,96.99,93.1,74.5,2,0,2,11,0
94.7,100.0,98.47,100.0,98.75,93.6,100.0,75.9,0,0,4,2,0
88.86,100.0,94.58,100.0,93.1,100.0,98.33,86.3,5,1,4,12,1
63.36,72.17,65.91,74.2,66.57,66.99,55.01,67.4,1,1,3,8,2
66.16,69.95,69.91,65.98,61.45,82.05,79.23,43.9,5,1,6,2,2
67.87,64.9,63.14,77.73,74.21,67.33,74.49,47.7,2,2,2,3,2
90.95,100.0,95.1,100.0,89.93,100.0,99.93,97.7,3,0,3,3,0
82.97,67.39,70.55,97.94,86.85,82.44,81.57,98.3,2,2,6,11,2
69.79,56.13,63.61,43.1,74.24,37.8,53.17,32.1,4,1,2,5,2
80.87,75.1,76.6,84.46,84.47,73.49,69.7,40.9,2,2,3,12,1
81.48,78.27,80.15,78.39,98.4,80.14,77.99,58.9,3,0,3,7,1
92.27,84.44,87.64,82.08,90.33,86.46,76.59,67.2,2,0,6,6,2
87.12,89.86,90.23,100.0,100.0,94.7,91.61,77.6,2,0,5,9,2
88.13,84.66,84.08,78.64,85.03,74.8,87.29,57.9,5,0,8,2,2
95.07,97.16,99.34,90.2,96.08,88.9,99.21,98.8,1,0,2,2,0
80.59,86.2,88.94,85.04,98.24,98.5,94.42,76.4,2,2,4,2,1
84.92,78.82,78.27,85.8,100.0,91.03,86.66,76.3,4,0,7,6,2
49.95,46.07,50.96,70.91,73.23,60.15,56.43,36.8,6,2,8,9,2
65.75,65.81,64.7,76.64,75.65,72.75,76.18,72.5,3,2,6,7,2
83.82,73.59,83.67,88.48,94.2,93.15,89.58,80.4,2,1,3,9,1
39.44,32.29,32.38,48.65,60.39,42.97,40.37,22.4,5,0,11,6,2
60.92,61.1,65.82,61.9,79.63,62.12,68.0,58.1,3,0,2,9,2
62.18,62.31,60.73,54.52,69.55,43.16,60.52,15.3,3,4,4,6,2
95.92,85.94,91.24,77.09,80.22,74.0,64.96,34.3,4,0,2,13,1
75.89,76.0,75.06,85.66,97.21,90.84,77.46,65.2,2,0,3,3,1
66.36,75.89,65.51,84.03,77.27,69.01,62.62,53.1,4,2,4,9,2
61.15,48.43,59.47,74.4,77.89,82.83,75.59,51.0,4,3,8,4,2
77.08,77.98,75.04,81.5,91.25,80.76,72.07,81.9,5,0,2,10,1
21.63,8.0,18.43,61.78,51.92,49.33,48.86,42.4,5,3,7,9,2
45.53,36.09,40.91,47.97,62.1,51.06,36.0,23.4,6,1,7,6,2
73.73,65.38,69.71,68.23,79.62,54.27,54.13,27.9,4,3,5,10,2
41.82,35.97,43.61,44.94,54.81,41.96,11.28,59.4,7,2,5,11,2
39.03,35.56,31.71,58.2,74.64,67.57,64.31,54.7,3,4,7,9,2
81.34,74.61,69.6,86.31,89.44,85.47,79.44,70.4,2,0,6,2,2
51.89,67.29,54.92,91.62,88.89,90.96,88.46,68.5,4,1,5,9,2
91.27,98.35,93.56,92.53,94.33,100.0,94.76,83.8,0,1,3,8,0
81.08,88.65,82.97,82.72,75.15,69.32,75.65,43.0,0,2,2,12,1
99.5,99.42,96.43,100.0,100.0,93.5,100.0,83.7,1,0,3,10,0
66.61,63.19,72.01,76.24,79.79,56.29,60.57,49.4,3,2,3,4,2
85.39,98.42,95.36,88.5,100.0,94.81,99.71,99.9,0,0,2,10,0
72.06,71.63,61.23,93.92,99.53,100.0,84.5,83.0,2,3,4,2,2
90.92,95.15,89.83,85.57,100.0,89.4,84.97,41.0,1,1,2,5,0
77.48,78.11,79.26,94.07,76.99,88.12,73.52,83.7,1,2,2,6,1
46.17,24.35,39.18,56.39,61.01,52.15,57.73,12.1,1,3,8,11,2
51.53,43.61,45.28,48.76,58.07,47.81,26.85,5.0,5,5,5,3,2
84.07,82.18,88.65,88.09,89.65,75.2,64.24,75.5,5,0,3,2,1
86.48,87.7,83.29,79.19,89.63,75.41,80.49,77.3,2,2,0,5,1
36.19,22.19,30.76,37.96,58.08,38.0,6.72,25.3,5,3,7,7,2
99.5,95.08,97.51,100.0,100.0,97.43,100.0,95.3,2,1,4,8,0
41.26,24.53,35.87,43.64,55.94,30.79,27.94,8.0,7,3,3,12,2
85.13,79.87,80.83,63.99,74.69,75.52,63.16,37.1,4,0,1,5,1
56.12,63.32,60.8,78.75,85.68,88.68,86.75,61.6,1,0,3,10,1
60.68,58.94,56.67,89.1,85.95,92.75,64.88,72.7,4,2,10,12,2
99.5,100.0,100.0,97.82,100.0,100.0,95.46,76.1,2,0,3,11,0
82.62,83.94,80.83,71.07,82.99,72.98,73.55,56.4,4,1,2,4,1
99.5,97.22,100.0,84.46,100.0,69.7,62.6,82.7,1,0,1,2,0
33.15,29.54,30.79,26.63,50.77,25.35,22.27,5.0,7,4,4,4,2
63.19,59.62,62.53,76.48,70.68,74.04,62.92,69.5,4,2,7,11,2
96.22,97.5,100.0,98.35,90.97,97.87,77.67,83.4,4,1,6,4,2
91.88,100.0,95.81,85.87,95.16,100.0,92.43,84.7,0,1,5,11,2
60.92,65.07,65.71,85.07,79.46,95.74,87.1,85.6,4,2,7,7,2
86.65,68.49,74.93,72.69,95.83,77.2,50.75,20.0,1,0,5,2,2
50.93,25.32,43.41,58.63,73.01,51.93,49.29,39.8,4,1,7,13,2
72.61,83.22,75.84,63.47,76.87,66.42,72.97,43.5,1,4,7,2,2
67.95,66.23,70.72,74.64,78.65,69.07,48.9,35.6,4,1,3,13,2
99.5,100.0,100.0,93.0,95.72,92.35,76.99,67.2,0,0,1,11,0
84.81,68.24,80.61,83.36,82.95,67.02,78.0,58.7,2,1,4,4,1
21.22,18.29,22.92,59.22,62.19,73.83,57.91,55.4,3,7,8,4,2
68.31,61.02,69.65,80.07,85.4,64.02,81.33,61.6,4,1,5,5,2
75.67,73.75,66.69,78.68,82.88,71.33,71.51,37.6,5,1,2,6,2
68.02,62.02,62.63,75.18,78.26,69.1,56.31,70.9,3,2,3,5,2
49.98,45.6,48.24,69.84,71.25,58.59,49.83,17.3,6,2,6,8,2
73.98,74.56,69.5,74.42,85.5,64.35,82.07,57.0,3,2,2,2,2
99.5,100.0,98.74,70.23,92.17,86.11,66.91,58.6,1,0,0,9,0
65.34,62.21,64.95,77.41,72.22,59.77,54.61,29.8,3,2,4,13,2
99.5,100.0,100.0,100.0,100.0,100.0,100.0,95.8,1,0,1,3,0
71.1,57.14,68.69,69.65,83.44,72.17,50.76,31.2,4,1,7,4,2
92.23,97.99,97.31,100.0,100.0,100.0,100.0,111.2,2,1,4,10,0
90.85,100.0,94.54,100.0,100.0,100.0,97.6,100.0,2,0,3,5,0
97.25,100.0,91.39,89.25,100.0,92.59,100.0,86.6,0,1,2,8,0
45.11,48.71,43.59,36.84,64.1,29.28,35.39,13.0,4,2,5,7,2
57.66,56.15,50.57,88.1,74.52,80.68,76.46,69.3,5,1,11,13,2
96.05,90.93,96.36,91.85,100.0,92.97,72.05,82.2,2,0,4,13,0
72.07,78.78,75.03,100.0,90.58,100.0,96.3,95.4,1,0,4,10,1
80.27,78.45,80.42,78.33,88.82,67.0,87.79,71.6,2,0,4,9,1
82.1,74.71,81.3,100.0,89.89,93.42,89.57,84.3,2,0,4,13,1
85.44,82.12,82.31,77.89,81.12,68.45,62.39,42.8,6,1,2,12,2
86.82,100.0,86.62,100.0,100.0,100.0,92.8,106.6,0,0,2,6,0
99.22,100.0,97.78,100.0,96.93,100.0,95.14,80.3,2,0,1,9,0
79.73,95.53,87.56,100.0,100.0,100.0,94.16,113.7,3,0,4,8,1
90.24,98.44,86.51,92.41,98.24,72.18,79.57,84.3,1,2,4,11,1
87.84,100.0,93.26,87.27,91.77,73.47,67.79,76.2,2,0,2,9,0
58.27,61.23,54.59,71.71,72.03,69.89,76.28,38.8,4,3,4,5,2
52.21,45.24,51.93,59.98,68.48,44.97,43.77,29.1,8,1,4,11,2
38.5,38.45,33.38,85.55,72.68,73.23,57.08,62.8,3,4,4,6,2
82.25,89.09,87.99,100.0,89.18,86.34,100.0,60.5,1,1,7,5,2
38.71,33.42,31.12,47.12,65.93,66.43,57.25,29.3,6,1,6,2,2
61.18,56.22,55.5,71.88,84.71,59.11,67.16,75.9,3,2,5,7,2
90.95,100.0,97.1,100.0,100.0,100.0,100.0,101.8,0,0,3,4,0
81.47,78.12,79.49,79.08,84.58,78.39,79.47,84.5,4,0,4,13,1
63.7,48.36,50.0,71.0,77.67,60.66,56.94,62.5,3,0,3,8,2
66.78,57.36,66.03,77.36,73.52,72.75,57.66,46.9,3,0,3,3,2
92.39,100.0,86.81,99.41,90.21,82.94,55.99,82.7,4,0,0,2,0
99.5,100.0,98.98,100.0,100.0,100.0,100.0,110.2,0,0,1,2,0
46.33,47.31,55.0,60.26,65.37,58.61,50.42,5.3,5,1,3,2,2
99.5,100.0,100.0,100.0,100.0,100.0,98.12,81.5,2,0,1,10,0
79.86,89.73,82.22,88.37,92.35,85.01,88.48,86.1,2,2,1,5,1
91.95,95.97,93.19,93.92,94.06,76.9,69.55,58.2,3,1,2,11,1
75.93,89.69,76.79,74.22,94.2,61.02,68.53,33.9,5,3,5,2,2
47.93,55.32,51.42,78.82,55.21,70.41,47.43,56.7,3,3,2,9,2
58.99,64.7,69.83,83.6,79.73,71.3,71.79,54.7,3,4,4,10,2
61.94,54.19,57.3,67.51,69.18,66.24,61.53,55.8,3,3,6,12,2
97.4,90.61,91.57,73.12,99.04,83.73,71.14,51.6,4,0,5,12,2
97.01,97.57,99.12,90.8,89.91,77.36,100.0,87.7,3,0,4,4,1
87.05,91.2,91.6,79.19,92.38,83.57,76.2,84.3,3,1,3,3,1
82.04,79.72,81.57,77.55,84.76,88.22,77.77,69.6,2,2,2,11,1
60.69,69.69,62.87,80.56,94.7,92.79,85.91,84.4,5,1,3,2,2
86.67,95.06,92.08,100.0,91.84,100.0,100.0,96.5,0,0,2,12,0
92.43,96.97,88.29,90.5,95.15,99.99,87.57,63.0,2,0,3,10,0
52.51,58.97,53.01,61.78,68.72,54.36,40.07,11.7,8,2,5,7,2
79.4,82.04,71.15,68.43,95.33,79.24,85.28,79.3,0,0,4,4,1
99.5,93.78,96.9,99.21,90.06,82.96,82.86,78.6,2,1,1,7,0
68.35,71.64,68.75,65.24,66.47,47.03,57.42,40.9,2,2,6,4,2
64.48,60.57,67.2,48.07,70.91,56.33,35.14,28.3,2,1,8,4,2
36.87,28.49,30.27,48.14,56.26,43.48,36.21,19.7,6,2,7,4,2
44.11,37.77,45.85,88.58,67.57,71.22,66.02,61.6,4,2,5,9,2
86.94,97.44,90.09,81.97,92.95,82.92,62.71,76.7,5,0,6,9,2
89.18,100.0,95.85,90.13,89.84,80.57,68.67,55.1,0,0,3,12,0
94.97,88.07,95.44,56.63,78.03,63.05,73.99,41.7,5,1,2,13,2
67.26,72.5,69.44,86.32,80.57,77.41,100.0,82.4,1,1,6,4,2
62.52,60.33,62.78,62.43,70.03,43.16,30.44,5.0,7,5,4,11,2
50.86,36.65,43.16,66.67,67.87,69.14,75.27,52.9,3,4,3,3,2
56.89,63.18,64.08,96.68,95.77,100.0,100.0,81.3,1,5,8,2,2
95.73,91.37,100.0,100.0,100.0,100.0,100.0,111.6,1,0,1,11,0
79.24,79.45,73.49,72.04,77.54,85.48,59.94,34.3,5,0,4,13,2
88.67,100.0,93.25,88.17,95.64,76.03,81.37,69.9,3,0,6,4,2
96.75,94.01,94.55,100.0,100.0,100.0,90.65,78.9,0,0,3,4,0
69.76,82.52,76.39,71.09,75.35,60.09,62.69,35.7,4,0,2,12,1
12.0,19.45,10.0,68.51,52.39,48.01,37.74,23.2,5,5,13,13,2
82.67,87.94,80.45,95.48,93.11,94.58,91.34,71.7,3,2,4,12,1
92.42,100.0,100.0,100.0,100.0,99.93,100.0,93.7,2,0,3,2,0
99.5,100.0,100.0,87.12,97.41,100.0,73.81,65.3,3,0,1,4,0
62.64,56.31,53.83,64.57,70.03,60.01,45.93,32.1,4,2,8,11,2
92.56,99.27,100.0,100.0,94.03,97.32,89.26,94.5,2,0,4,5,0
63.8,55.55,57.69,71.49,71.03,67.27,67.64,45.0,3,4,5,13,2
93.36,100.0,99.23,95.92,100.0,100.0,100.0,113.0,1,0,2,4,0
97.56,100.0,98.06,84.22,90.37,92.65,100.0,75.8,0,0,3,2,0
72.78,62.16,69.79,66.77,71.21,68.07,59.85,52.1,7,3,3,3,2
73.76,79.09,76.42,78.91,86.0,65.01,72.73,62.8,3,1,4,12,2
95.17,100.0,100.0,86.14,98.57,100.0,92.36,118.7,2,1,3,13,0
83.25,97.08,86.55,100.0,91.35,98.99,70.4,125.2,2,1,5,8,2
44.67,29.95,46.64,36.02,48.63,36.86,34.02,5.0,16,4,5,6,2
99.5,100.0,100.0,90.32,100.0,100.0,100.0,87.7,2,0,0,12,0
47.99,59.9,51.2,62.58,61.62,44.11,50.24,22.1,3,4,5,11,2
65.65,57.57,62.88,33.28,65.77,33.29,26.67,21.0,0,1,1,13,2
74.02,69.34,72.87,47.74,67.87,47.82,58.3,16.9,7,2,3,2,2
90.75,96.66,91.52,82.44,89.39,67.64,61.07,62.8,1,1,1,2,0
64.53,47.12,56.72,62.86,75.31,67.75,55.2,32.5,5,2,5,7,2
82.98,74.98,83.3,77.96,94.43,75.49,75.91,64.4,1,1,1,7,1
63.92,59.72,64.84,81.81,73.63,71.52,74.24,52.0,3,1,2,12,2
99.34,100.0,97.58,95.56,96.52,90.51,91.41,81.4,0,0,0,10,0
74.19,72.38,73.92,62.84,72.61,61.4,63.68,57.5,3,1,5,11,2
53.82,56.63,51.0,77.93,80.07,84.86,80.12,65.8,7,2,4,13,2
87.68,79.03,91.34,94.27,87.16,75.84,75.19,75.3,0,1,4,3,1
76.69,83.11,82.3,73.54,68.85,65.84,70.5,48.0,4,1,3,11,2
75.37,82.66,77.89,84.6,86.89,88.06,80.35,63.1,0,1,3,4,1
51.65,50.17,51.87,79.25,82.29,69.19,57.81,52.9,1,5,4,4,2
99.5,100.0,100.0,98.59,100.0,97.73,99.37,80.3,2,0,0,2,0
87.52,86.74,85.16,90.04,81.88,92.59,93.56,67.5,5,0,4,8,1
83.38,84.01,83.64,78.44,93.43,71.46,92.14,59.9,1,0,4,13,1
43.47,26.96,40.06,40.89,59.3,29.82,27.09,32.5,4,6,5,9,2
99.5,86.87,89.92,92.22,100.0,93.43,89.32,79.8,1,0,2,4,0
74.37,78.35,78.12,98.43,98.29,100.0,87.01,91.4,0,1,4,12,1
86.65,100.0,100.0,100.0,91.06,100.0,91.1,104.6,0,1,7,7,2
72.16,66.62,63.48,63.24,81.16,69.97,68.27,40.1,3,5,4,3,2
93.26,85.86,94.12,91.25,100.0,87.56,93.35,98.6,3,0,1,3,0
81.98,90.84,80.47,78.95,93.72,85.06,92.28,74.1,0,1,2,6,0
99.5,100.0,94.18,100.0,100.0,100.0,99.97,97.6,3,0,3,10,0
72.51,76.58,72.5,86.3,75.15,70.09,72.69,52.3,4,0,1,4,1
14.13,8.0,13.93,41.06,49.01,20.4,13.59,5.0,5,8,6,9,2
91.43,89.23,92.87,93.23,83.07,83.39,77.78,62.0,1,1,2,5,0
99.5,100.0,99.23,97.58,89.59,96.65,94.09,104.4,0,0,2,7,0
72.4,73.14,68.41,77.64,78.5,75.08,68.9,90.1,0,1,4,10,1
90.7,78.0,85.31,77.08,80.82,81.03,74.38,39.6,3,0,2,4,1
51.24,44.97,41.61,65.77,78.32,66.79,61.54,60.6,2,1,3,13,2
91.79,93.11,95.66,100.0,96.66,100.0,97.66,98.9,1,1,3,7,0
63.58,46.86,55.66,61.28,70.16,58.89,36.31,21.9,5,2,9,11,2
40.33,29.35,40.59,54.86,60.03,59.37,56.15,28.0,6,4,8,12,2
83.33,88.68,81.47,74.91,93.66,83.02,64.46,75.1,3,1,4,10,1
82.87,83.9,85.41,77.5,83.79,80.11,69.53,70.3,3,1,5,6,2
55.57,40.97,42.94,69.57,79.26,81.01,60.99,42.6,2,2,1,10,2
72.72,67.98,76.32,91.26,85.54,90.09,84.92,85.8,3,3,3,13,2
99.5,100.0,100.0,100.0,100.0,100.0,100.0,113.5,2,0,2,11,0
61.42,56.97,58.28,75.27,67.59,44.65,46.59,21.1,5,2,4,10,2
90.4,95.07,90.43,100.0,100.0,100.0,100.0,77.4,1,0,5,3,2
96.46,100.0,96.55,89.31,84.62,87.11,76.63,54.4,1,0,0,7,0
97.74,100.0,98.59,79.17,94.32,87.76,84.01,74.5,2,2,3,12,1
92.73,92.23,86.17,91.12,95.34,95.23,97.55,68.3,3,0,5,13,2
71.3,64.62,67.44,68.75,68.43,69.11,59.25,52.1,4,1,4,10,2
64.17,62.26,62.2,79.14,69.29,71.46,70.54,67.2,3,1,4,7,2
68.65,52.14,66.45,76.06,86.67,78.6,75.98,45.6,3,2,2,4,2
99.5,100.0,97.61,100.0,100.0,99.73,98.39,95.6,3,1,4,11,1
60.91,52.98,53.77,80.71,86.82,85.11,64.36,42.9,2,1,7,7,2
68.63,79.03,72.31,78.65,92.52,79.2,75.53,79.4,2,2,3,4,1
78.23,60.95,74.01,50.71,78.29,57.89,53.96,43.7,4,2,3,2,2
99.5,100.0,100.0,94.71,100.0,89.44,94.69,78.2,3,0,1,7,0
76.96,64.38,72.41,84.25,80.73,87.58,79.07,63.2,2,2,4,8,2
43.08,32.19,39.13,62.58,59.93,42.03,44.01,19.0,4,4,4,6,2
77.45,78.76,77.31,68.54,93.29,64.28,59.79,48.1,3,3,6,7,2
95.24,100.0,94.81,95.83,100.0,100.0,100.0,96.2,2,2,0,6,0
50.34,51.06,47.47,58.02,48.93,44.29,45.71,21.8,8,0,7,5,2
66.77,64.05,65.85,36.49,66.56,47.71,28.96,10.3,8,0,4,7,2
83.15,86.82,85.84,69.24,74.52,70.85,71.25,52.9,7,0,1,7,1
86.36,92.61,89.0,70.23,80.28,68.43,73.88,60.8,1,0,2,11,1
68.93,70.19,62.22,88.45,99.94,100.0,86.32,110.6,2,3,2,8,1
74.7,73.53,77.97,83.55,86.56,77.71,70.81,78.9,0,0,3,12,1
99.5,100.0,94.19,55.4,88.87,79.46,61.4,32.2,3,0,1,5,1
41.01,49.01,38.77,79.47,71.24,58.79,90.92,52.5,4,3,5,8,2
49.49,40.89,42.03,48.77,63.58,48.32,20.84,9.6,8,1,2,4,2
88.4,88.24,86.62,87.05,96.7,96.33,100.0,64.2,6,2,2,3,1
78.04,77.77,77.48,98.43,96.75,87.07,86.07,79.4,3,0,9,12,2
61.96,57.36,64.12,86.36,79.59,84.09,71.26,76.2,1,0,3,13,1
84.57,84.56,88.54,54.38,80.88,55.84,65.6,32.5,1,1,1,4,1
42.25,47.28,37.21,67.66,78.92,55.9,53.25,39.4,3,0,6,6,2
79.98,83.92,74.3,81.46,91.05,82.46,87.18,58.6,2,1,4,3,1
60.3,58.38,63.86,66.88,75.72,76.96,62.32,50.7,7,3,4,6,2
75.21,87.98,79.35,69.04,74.8,62.27,66.7,32.6,0,2,3,5,1
96.01,100.0,93.41,100.0,90.29,100.0,93.15,105.9,3,0,2,10,0
94.11,100.0,98.68,100.0,92.16,100.0,100.0,94.0,0,0,2,3,0
64.92,55.41,65.81,62.56,66.29,58.69,58.85,39.8,2,2,8,5,2
79.15,83.15,82.34,86.12,81.15,79.93,77.72,98.4,4,1,2,2,1
85.36,78.16,79.53,66.17,90.49,68.64,70.21,50.1,5,1,1,8,1
50.15,42.96,38.79,78.75,84.1,73.58,68.52,46.3,2,1,4,8,2
98.68,100.0,100.0,100.0,100.0,100.0,100.0,107.0,1,0,4,3,0
86.6,92.24,88.24,92.46,99.11,95.77,98.52,89.1,2,0,3,9,0
58.48,47.47,50.94,40.97,67.06,48.32,35.54,27.4,4,1,8,2,2
73.06,54.26,59.65,61.3,76.11,63.41,54.09,53.9,7,1,5,11,2
53.87,47.3,52.26,65.14,72.75,55.89,47.04,39.4,4,5,3,6,2
69.6,64.16,65.33,68.68,85.19,76.79,66.36,56.1,5,1,3,10,2
60.29,41.41,53.77,48.85,70.92,55.79,50.66,6.3,4,1,4,11,2
48.59,51.77,53.44,75.75,70.87,79.41,64.42,77.4,4,2,8,6,2
74.39,76.41,72.43,62.58,78.21,67.13,49.35,27.0,2,2,2,8,2
96.15,99.81,100.0,70.66,95.87,62.24,73.19,52.8,3,2,2,7,1
99.5,100.0,99.24,76.88,88.92,85.55,84.17,78.1,5,1,3,13,1
99.5,99.79,100.0,100.0,100.0,100.0,99.67,95.3,1,0,1,10,0
61.96,54.42,56.98,77.74,92.54,74.61,67.07,74.3,3,1,2,11,2
89.13,91.68,92.43,91.75,89.44,85.72,93.53,62.6,1,1,2,8,0
51.39,54.5,48.96,90.74,76.88,91.17,82.53,83.5,1,2,5,3,2
52.49,51.89,54.88,67.82,74.04,55.41,68.92,50.6,3,2,13,8,2
99.5,100.0,100.0,84.02,96.77,97.03,83.28,58.1,3,0,3,13,0
81.31,82.31,77.34,83.73,90.14,86.95,80.93,73.5,3,0,5,11,2
85.59,91.41,78.5,64.91,71.91,67.14,83.24,36.9,3,3,4,12,2
92.05,92.23,89.68,99.27,92.0,89.63,84.35,112.2,0,0,3,5,0
59.84,55.65,59.44,74.84,78.3,66.93,60.6,50.9,5,1,3,7,2
71.03,56.6,65.91,69.1,69.07,45.76,33.19,18.9,4,1,0,13,2
71.4,46.32,60.18,75.39,91.54,78.43,76.21,55.4,6,3,4,2,2
55.11,38.75,53.19,69.36,67.99,65.81,39.19,26.6,2,1,3,5,2
55.73,61.01,55.92,76.42,73.38,63.51,77.15,62.1,4,2,5,5,2
64.43,75.62,72.2,91.51,90.16,91.41,81.28,31.5,6,1,2,12,1
89.04,82.54,85.06,87.8,100.0,82.78,75.97,79.7,1,0,4,12,1
94.56,100.0,93.04,100.0,95.11,86.87,95.68,83.9,2,2,2,2,0
55.69,27.63,45.5,32.64,62.8,31.62,25.04,5.0,8,1,2,8,2
61.95,57.08,60.78,90.3,84.05,82.68,93.85,69.9,2,2,3,3,2
93.26,96.95,100.0,100.0,96.15,100.0,100.0,95.9,3,0,1,4,0
95.8,100.0,99.11,67.5,84.58,72.74,70.57,57.2,1,3,1,9,1
96.62,100.0,99.02,81.88,95.2,94.54,92.89,76.1,4,0,0,13,0
80.34,81.36,81.19,100.0,100.0,93.35,96.0,59.6,1,1,1,12,0
77.74,78.16,75.65,81.63,90.2,69.57,75.32,52.9,4,0,4,11,1
94.04,100.0,95.33,82.81,100.0,96.1,80.91,86.3,2,0,3,10,0
75.99,93.9,80.69,88.51,81.02,80.91,90.44,63.4,1,1,3,10,1
99.5,100.0,100.0,100.0,99.0,100.0,99.62,84.3,1,0,1,12,0
98.4,89.44,88.85,83.03,82.26,70.82,65.57,54.4,2,1,4,12,1
83.34,95.73,81.12,100.0,100.0,88.53,100.0,88.7,2,0,1,11,0
76.52,66.82,69.82,56.18,79.28,55.83,53.83,23.0,6,1,3,12,2
60.09,70.68,60.65,62.78,83.45,91.62,75.74,55.3,2,1,6,3,2
87.3,92.87,90.58,73.71,81.24,60.65,69.64,57.2,4,2,4,13,2
26.65,9.31,17.76,25.23,46.6,39.4,17.79,5.0,7,6,7,10,2
93.61,100.0,98.14,80.48,100.0,78.79,86.98,52.4,5,0,1,5,1
68.69,74.56,68.33,92.91,89.64,85.88,75.89,80.5,3,4,5,4,2
80.26,82.64,89.93,68.51,89.85,64.65,67.98,59.4,5,1,2,5,2
73.14,73.91,72.33,70.27,85.69,80.37,85.24,45.4,6,0,4,7,2
98.89,98.3,100.0,99.51,99.07,95.73,96.02,81.1,4,2,2,6,1
99.5,100.0,97.08,84.71,92.78,85.5,73.02,83.5,6,0,1,5,1
53.33,73.14,59.11,90.11,89.46,91.01,95.79,71.3,5,2,4,7,2
99.5,100.0,100.0,100.0,100.0,100.0,100.0,112.6,1,0,2,12,0
44.79,35.5,41.24,54.52,57.88,35.9,33.92,5.2,9,4,4,9,2
87.29,76.42,86.06,94.89,94.78,93.81,100.0,95.2,1,1,5,2,2
43.76,36.55,45.08,69.64,55.34,64.35,52.05,31.6,7,5,5,8,2
95.56,100.0,100.0,86.52,93.68,100.0,94.63,73.0,3,0,3,2,0
60.32,66.35,65.48,99.77,92.75,86.57,95.14,57.9,1,1,5,7,2
99.5,100.0,99.83,82.76,95.35,82.13,70.26,37.9,2,0,2,13,0
99.5,100.0,98.04,94.69,100.0,98.14,89.02,125.4,2,0,1,10,0
99.5,100.0,96.88,100.0,100.0,100.0,100.0,89.2,0,0,1,8,0
94.6,94.16,92.78,88.63,91.27,96.78,85.8,82.3,3,1,4,11,1
76.63,79.35,78.52,100.0,100.0,100.0,100.0,86.4,0,2,7,10,2
55.92,43.04,55.69,58.62,61.05,56.69,46.81,33.5,6,0,7,11,2
53.27,53.37,54.78,80.02,69.26,56.56,45.35,73.1,3,0,6,3,2
75.82,82.95,77.39,64.14,77.34,80.37,69.93,54.5,3,1,2,5,1
90.4,100.0,89.25,91.46,94.64,88.93,91.42,57.8,1,0,1,6,0
88.01,73.74,79.44,81.87,92.84,99.85,89.9,75.7,3,2,5,7,2
99.5,100.0,100.0,100.0,100.0,73.25,79.89,73.3,5,0,0,12,0
88.02,91.42,91.55,100.0,100.0,100.0,100.0,124.8,1,1,2,10,0
68.29,73.42,74.02,78.32,84.77,69.09,80.89,54.4,3,1,4,9,2
99.5,94.56,100.0,90.0,100.0,78.68,71.06,84.9,4,0,0,12,0
84.1,93.74,83.72,92.11,100.0,78.33,87.25,75.2,2,2,1,4,1
50.94,40.86,44.32,51.72,69.98,53.67,61.25,21.4,2,2,5,8,2
83.32,81.22,85.93,80.67,96.26,81.05,74.77,55.6,1,1,3,9,1
63.28,72.71,71.03,88.6,83.57,89.01,90.19,98.0,5,2,9,7,2
35.03,25.74,31.46,37.67,58.61,53.19,45.24,18.4,7,2,7,9,2
99.5,100.0,100.0,100.0,91.04,97.28,80.06,104.0,2,0,2,8,0
78.89,88.29,87.05,100.0,95.32,94.15,94.58,62.9,2,2,2,8,1
73.1,74.7,76.41,83.38,85.13,92.7,64.89,58.7,3,1,5,6,2
66.07,60.9,65.49,79.3,73.94,66.15,61.78,47.4,2,4,4,8,2
77.12,87.82,74.36,76.66,86.48,76.47,95.35,54.2,1,3,2,2,1
78.51,82.58,76.33,63.79,82.12,57.42,60.09,39.6,4,1,4,5,2
62.94,74.8,67.07,75.62,77.09,75.29,55.55,26.0,2,1,5,13,2
78.21,64.36,79.41,76.64,84.18,65.51,61.44,34.7,1,1,2,2,1
54.06,45.4,56.07,45.34,56.7,47.94,48.26,25.2,9,3,6,8,2
70.25,63.9,65.02,67.16,82.7,74.65,56.76,44.8,2,0,4,11,2
73.99,84.14,81.73,100.0,84.94,90.54,88.36,76.8,1,2,4,5,1
99.5,100.0,96.12,90.74,100.0,100.0,100.0,97.8,0,0,7,4,2
50.36,36.6,34.66,44.72,63.49,42.26,35.96,5.0,7,1,4,4,2
99.5,100.0,100.0,91.72,100.0,85.87,97.79,87.2,3,0,2,13,0
77.19,66.78,64.32,85.52,95.88,97.15,82.4,93.4,3,0,3,7,1
99.5,85.71,82.87,76.61,82.71,72.96,77.22,40.7,4,0,1,10,1
83.13,89.84,86.66,100.0,84.77,100.0,95.4,102.0,1,1,1,11,0
56.22,75.36,62.22,61.88,85.23,73.61,71.27,28.7,0,2,4,12,2
88.49,93.2,91.68,98.19,93.01,81.41,78.57,94.2,3,2,3,4,1
98.4,95.56,100.0,74.98,90.2,74.19,68.09,86.5,4,1,1,6,1
70.61,73.32,75.52,82.64,76.09,80.59,61.79,55.3,2,1,4,9,2
85.81,93.88,91.08,85.75,94.15,92.93,92.14,62.2,0,1,5,6,2
78.12,74.98,73.43,74.47,69.53,62.31,63.61,40.4,4,0,5,3,2
55.52,48.71,50.93,73.24,74.29,71.19,64.76,48.9,5,2,8,11,2
82.89,70.74,80.59,61.99,85.44,57.33,82.89,61.5,2,4,8,3,2
96.03,100.0,95.8,89.51,85.73,86.63,92.96,62.9,2,0,3,5,0
86.41,86.02,89.46,100.0,100.0,77.37,89.43,66.5,2,0,2,10,0
82.55,85.34,84.51,78.99,75.68,72.21,73.15,64.0,2,1,1,5,1
81.72,96.61,86.59,94.76,96.8,100.0,97.81,100.5,1,1,2,3,0
95.02,95.49,99.69,83.25,92.84,79.73,79.92,61.7,3,0,4,12,1
29.28,11.88,21.69,57.43,68.26,53.69,40.28,44.1,5,4,8,3,2
93.2,100.0,90.31,100.0,100.0,100.0,99.08,102.2,0,1,3,10,0
99.5,100.0,100.0,96.32,100.0,100.0,94.61,77.0,0,0,2,7,0
28.35,25.24,27.19,37.75,51.06,51.77,41.45,5.0,1,4,7,10,2
55.22,49.21,52.04,74.43,72.22,67.35,71.93,68.5,4,4,5,3,2
99.5,97.1,98.09,82.65,93.86,79.97,77.75,81.9,2,1,0,5,0
54.16,43.92,47.99,55.56,50.66,41.32,25.71,22.1,6,2,4,11,2
42.85,43.08,53.41,68.69,62.0,65.17,50.43,54.1,4,4,2,7,2
93.01,100.0,90.48,100.0,100.0,100.0,91.31,108.5,1,0,4,5,0
99.5,100.0,100.0,100.0,100.0,100.0,100.0,92.2,0,0,2,13,0
34.33,41.87,38.02,46.71,59.87,46.88,38.36,5.0,10,3,2,10,2
69.33,70.19,72.87,85.08,88.66,85.44,81.54,56.2,3,1,5,2,2
30.66,17.49,24.23,40.14,49.11,49.94,43.97,18.1,5,1,7,9,2
86.26,84.3,90.47,75.68,97.99,94.79,77.65,79.3,1,0,1,12,0
29.66,9.14,20.53,34.33,52.66,28.52,21.67,10.4,5,4,3,13,2
90.15,92.49,89.07,75.35,88.3,69.57,75.93,87.7,2,0,1,5,0
68.79,65.7,67.96,99.1,88.3,91.98,96.79,97.6,4,1,5,6,2
50.43,34.54,45.78,45.52,58.58,50.63,37.82,30.1,4,3,4,11,2
83.64,74.15,84.41,71.46,76.0,66.14,65.29,51.2,5,2,1,12,2
86.32,98.28,85.69,93.49,94.41,100.0,88.14,82.1,4,0,4,11,1
48.13,43.52,50.06,61.95,69.4,49.13,45.86,35.1,4,2,8,6,2
60.46,44.32,58.27,57.77,66.9,51.79,48.45,12.0,5,3,3,2,2
91.34,99.52,97.39,83.65,94.14,83.23,79.71,38.5,2,1,1,13,0
12.83,12.3,12.37,28.61,47.98,45.4,24.13,26.1,13,5,8,9,2
72.98,74.91,71.78,93.33,87.25,96.89,90.66,78.7,2,1,7,12,2
86.44,83.25,87.23,100.0,91.04,88.06,83.86,69.2,2,2,5,12,2
97.76,93.32,97.01,86.61,96.01,87.23,73.46,68.7,1,1,0,4,0
31.96,22.35,22.39,28.76,57.86,18.19,11.26,5.0,6,4,6,4,2
87.48,97.03,94.76,82.71,92.09,81.48,67.76,60.8,1,0,5,4,2
87.82,87.35,84.94,79.21,80.39,68.79,68.07,32.2,5,1,2,2,1
92.11,82.69,85.97,82.26,88.67,77.93,70.43,31.8,2,0,1,2,0
50.69,56.6,57.23,59.29,77.34,63.38,56.84,47.5,5,1,5,13,2
67.67,71.26,69.73,100.0,84.86,93.35,89.2,98.9,1,1,4,5,1
86.67,87.87,86.5,88.25,96.42,86.36,81.92,74.2,4,2,3,8,1
84.95,90.41,85.57,86.26,91.19,89.51,71.97,56.7,3,0,7,12,2
82.74,94.77,86.37,100.0,100.0,88.15,85.7,74.5,2,0,2,2,0
85.16,81.16,83.55,94.38,95.16,94.98,94.08,87.5,2,0,2,5,0
62.46,49.58,64.18,68.29,76.87,59.66,58.12,49.1,6,2,3,9,2
52.03,52.34,44.45,67.88,77.7,73.38,80.6,48.4,4,1,6,9,2
99.5,100.0,100.0,80.33,95.07,87.75,80.7,45.7,0,0,0,11,0
68.92,88.16,85.61,100.0,100.0,100.0,100.0,110.9,0,2,6,8,2
99.5,100.0,98.25,100.0,100.0,100.0,89.29,102.4,1,0,3,13,0
81.38,81.42,82.15,92.23,91.24,86.43,99.61,56.9,7,1,4,5,1
87.15,98.0,92.02,92.16,100.0,100.0,100.0,89.7,2,0,5,9,2
77.38,85.73,84.84,96.94,93.71,100.0,96.91,81.2,1,2,3,9,1
83.74,89.31,86.42,87.18,78.1,70.49,88.73,86.4,5,0,5,7,2
80.11,72.39,78.72,80.05,98.94,88.62,91.88,72.0,1,1,2,7,1
74.56,78.18,80.68,70.13,81.24,69.18,53.69,64.3,3,2,8,5,2
97.31,93.98,88.31,76.42,96.88,84.68,67.01,52.7,2,0,2,12,0
81.87,88.31,83.7,87.78,85.93,80.4,66.33,63.0,3,0,4,12,1
97.3,94.57,97.2,95.06,98.25,97.96,86.55,63.7,0,0,2,7,0
82.99,87.77,83.53,100.0,97.17,96.47,98.13,82.4,1,1,0,7,0
81.21,85.5,76.06,91.94,100.0,99.73,100.0,81.9,4,0,5,3,2
99.5,100.0,99.88,100.0,100.0,100.0,100.0,106.2,1,0,3,5,0
93.22,88.74,89.35,78.71,95.53,82.67,78.19,57.4,2,0,3,10,1
90.77,89.42,88.56,98.68,99.51,100.0,100.0,107.6,1,0,4,2,0
82.27,95.08,87.12,80.66,87.18,82.3,76.82,60.8,1,0,7,13,2
94.17,100.0,89.64,100.0,96.59,100.0,83.96,83.6,2,0,1,12,0
53.66,52.96,52.25,68.57,77.98,63.25,55.88,34.2,6,1,2,11,2
86.59,76.98,80.24,62.34,65.85,46.22,50.56,24.8,5,1,2,2,2
69.9,62.24,61.87,80.19,76.73,81.4,79.87,65.9,3,4,4,4,2
60.2,58.37,61.53,76.19,88.91,71.14,60.14,53.2,1,3,6,3,2
99.5,100.0,94.57,100.0,100.0,100.0,92.09,83.0,2,0,0,6,0
75.71,68.73,75.27,70.19,81.9,73.93,76.39,53.1,1,2,6,2,2
72.18,72.44,75.81,90.99,91.26,85.54,83.34,100.0,0,0,0,12,0
77.38,76.69,76.68,92.95,94.2,96.1,79.77,89.6,2,1,2,5,1
99.5,100.0,100.0,82.31,92.01,96.32,83.87,77.9,3,0,1,7,0
82.48,73.53,88.36,95.39,91.1,76.0,89.46,82.9,3,2,5,2,2
99.5,100.0,100.0,95.19,90.62,88.79,73.52,54.7,2,0,2,12,0
74.41,74.77,73.33,73.48,84.37,65.87,66.91,66.5,4,4,7,3,2
73.63,75.47,79.07,87.84,92.95,83.95,78.6,71.3,3,0,3,7,1
97.45,100.0,90.67,86.13,89.75,81.42,68.19,61.4,1,0,3,5,0
62.26,58.4,70.17,46.63,63.58,37.47,39.17,12.9,5,4,0,7,2
48.68,40.13,45.84,45.34,59.96,45.42,27.05,16.5,7,3,9,8,2
77.94,87.85,82.84,80.41,83.33,81.74,79.16,60.0,3,0,4,6,1
86.7,66.96,72.96,83.61,79.17,70.42,60.33,50.5,0,2,5,6,2
60.39,70.52,67.9,63.21,74.23,53.31,42.13,27.4,3,7,2,3,2
47.03,45.45,46.93,39.23,52.75,35.05,19.58,10.8,10,1,6,11,2
72.36,77.44,73.76,53.7,66.13,39.0,47.53,5.0,3,2,2,10,2
96.64,93.77,93.06,80.53,89.11,87.62,77.65,72.7,1,1,2,10,0
94.22,96.67,91.61,85.39,96.17,81.42,79.4,78.3,3,2,0,7,1
62.11,65.65,60.51,69.21,89.8,86.97,72.2,81.8,2,7,7,9,2
97.87,100.0,92.19,97.43,100.0,94.21,90.74,76.6,3,1,2,2,0
59.14,60.26,60.37,70.34,85.78,70.24,68.38,78.9,1,4,5,4,2
33.42,32.65,39.47,72.72,64.55,59.63,53.08,43.0,1,2,5,5,2
45.02,33.91,42.38,69.3,85.34,66.23,45.6,25.4,2,2,6,5,2
94.57,100.0,93.35,90.13,93.65,94.65,100.0,85.9,0,0,1,3,0
99.5,100.0,100.0,84.97,93.24,100.0,78.94,67.9,3,0,1,4,0
41.27,29.65,26.24,36.49,53.18,39.87,49.45,8.6,9,3,6,9,2
87.29,82.07,92.12,100.0,99.1,86.6,83.06,59.7,2,0,3,13,1
91.46,95.74,90.85,98.94,100.0,98.84,91.93,73.4,2,1,1,8,0
99.5,97.61,100.0,98.33,88.35,78.35,84.64,85.8,2,0,4,3,0
98.79,100.0,99.03,86.09,97.46,95.34,85.12,78.8,3,0,1,3,0
48.69,39.01,47.34,55.74,68.4,53.61,42.77,29.2,7,4,3,3,2
51.5,61.82,64.74,60.81,81.23,69.27,54.47,31.5,10,5,3,3,2
97.47,98.71,89.39,97.59,97.17,99.91,91.48,107.0,2,1,3,12,0
57.18,49.2,55.18,55.01,80.92,78.27,72.59,52.6,0,2,5,3,2
85.97,89.18,88.33,72.56,100.0,84.49,91.7,23.1,4,1,1,12,1
94.74,88.03,90.68,100.0,95.94,100.0,95.54,75.1,2,0,2,9,0
99.5,93.66,94.32,89.71,84.0,73.79,85.69,68.0,6,0,3,13,1
59.55,46.58,58.44,69.55,89.38,66.59,66.38,69.2,2,2,6,5,2
89.26,89.47,89.2,74.07,84.33,64.08,58.23,60.6,4,0,4,9,1
57.58,62.13,59.31,63.39,69.29,60.89,55.57,46.4,8,3,5,6,2
48.15,38.22,43.17,58.76,57.34,37.29,44.55,6.1,8,2,7,10,2
91.43,100.0,94.05,100.0,100.0,98.19,94.44,107.8,0,0,3,2,0
57.42,46.41,55.68,62.7,67.74,63.15,60.56,40.9,4,4,5,9,2
92.81,92.02,94.78,73.59,91.19,90.24,77.64,69.2,5,0,6,5,2
95.25,100.0,93.95,81.96,86.87,81.05,85.46,68.5,4,1,5,2,2
86.15,95.02,88.31,85.59,91.39,91.24,89.18,77.2,1,0,5,12,2
89.7,94.25,95.5,89.84,90.02,76.38,80.24,53.5,6,0,2,2,1
83.57,92.8,93.81,75.6,92.71,78.31,65.39,57.0,3,0,2,3,1
75.8,78.34,83.5,85.38,84.27,88.7,63.92,80.8,2,0,6,3,2
98.2,100.0,100.0,94.79,100.0,100.0,100.0,101.7,2,0,1,8,0
21.56,8.0,17.2,42.01,61.42,38.35,24.55,5.0,6,1,2,11,2
87.69,100.0,96.51,86.15,90.44,87.42,83.56,56.9,2,0,2,10,0
60.97,53.04,59.42,56.67,72.7,50.6,53.59,42.7,5,1,5,8,2
48.71,37.12,41.35,46.95,53.31,28.69,21.3,6.3,9,2,3,13,2
59.68,54.91,57.38,52.02,62.05,53.67,35.29,5.0,6,4,4,2,2
94.71,97.89,95.1,64.66,87.86,73.76,62.02,47.4,5,2,0,6,1
34.08,33.02,37.38,47.64,56.86,46.32,27.34,19.2,4,3,5,13,2
95.99,80.93,93.45,100.0,100.0,100.0,89.59,109.4,3,0,1,6,0
99.5,100.0,99.28,69.16,96.22,88.73,74.06,52.4,5,1,1,10,1
65.57,73.02,67.49,53.79,63.66,55.91,53.22,21.1,5,0,5,5,2
99.5,100.0,96.97,99.78,100.0,93.09,91.02,78.8,1,0,2,2,0
66.42,68.46,65.89,76.71,81.65,74.93,73.11,87.6,3,0,4,6,2
96.16,100.0,97.2,87.24,98.1,77.47,89.53,95.4,1,0,6,10,2
74.42,75.08,75.99,78.97,85.68,76.69,66.74,56.9,3,2,3,11,2
79.97,79.04,80.07,63.43,73.94,75.49,63.72,31.9,5,2,4,3,2
31.29,27.18,26.52,33.49,57.51,37.31,20.64,5.0,4,1,8,2,2
82.27,89.85,83.21,100.0,97.84,82.97,81.05,63.6,3,2,1,8,1
95.86,100.0,97.0,100.0,100.0,100.0,100.0,65.9,0,0,1,8,0
44.05,19.63,36.8,47.46,60.86,33.44,25.6,5.0,8,4,6,4,2
90.69,91.1,88.86,90.46,88.08,90.93,71.59,49.6,1,1,2,9,0
99.5,96.29,92.42,93.57,97.16,93.71,100.0,92.6,0,0,2,2,0
81.16,88.97,79.67,91.61,87.85,78.56,74.46,63.8,4,2,6,7,2
53.84,47.5,52.71,90.38,81.21,81.96,76.88,62.2,4,2,4,11,2
61.7,52.16,59.93,42.68,64.99,43.92,49.79,30.2,1,1,1,9,2
70.62,78.69,71.34,75.99,90.74,66.87,71.16,54.4,5,2,2,3,2
49.0,52.78,46.48,58.22,60.23,51.73,55.29,5.0,5,3,9,3,2
96.56,100.0,92.25,90.81,91.17,73.89,72.58,41.0,2,0,1,12,0
99.5,100.0,94.27,79.31,76.34,72.81,55.34,29.8,3,0,2,5,1
83.14,77.27,79.36,87.28,91.53,78.78,85.0,82.1,3,0,3,8,1
51.31,43.07,41.89,77.44,68.83,72.92,63.56,35.5,1,3,5,9,2
99.5,100.0,100.0,100.0,100.0,100.0,100.0,89.6,0,0,1,11,0
98.38,89.59,97.09,74.9,77.41,77.19,60.65,54.1,4,0,1,9,1
99.5,100.0,94.23,79.98,92.84,87.39,71.76,57.5,3,1,5,7,2
98.77,100.0,95.1,100.0,100.0,100.0,100.0,96.0,0,1,4,3,0
17.27,14.0,15.66,33.18,45.37,32.85,35.9,5.0,5,2,3,11,2
83.56,72.46,76.1,73.36,90.23,83.95,84.64,53.6,2,1,1,3,1
87.72,88.73,88.87,71.33,85.01,80.29,78.68,87.2,4,1,2,10,1
61.4,58.14,64.1,80.51,86.17,73.8,58.12,38.4,2,4,3,3,2
97.51,84.44,91.72,84.91,92.89,81.79,83.4,48.9,3,0,3,2,1
83.61,93.19,80.44,89.5,100.0,75.17,88.12,92.9,3,1,5,10,2
48.64,59.84,53.56,100.0,86.04,97.8,96.2,91.7,0,5,6,12,2
75.21,77.11,74.57,100.0,100.0,100.0,100.0,62.7,1,1,0,11,0
63.28,58.33,63.53,82.15,75.32,70.21,55.26,16.8,4,3,3,2,2
93.1,100.0,100.0,100.0,100.0,99.34,93.29,117.4,1,1,5,2,2
96.43,100.0,93.95,80.24,87.28,91.56,99.79,58.5,2,0,1,10,0
59.52,53.66,54.36,62.13,69.55,68.02,72.43,31.6,5,2,4,2,2
83.6,77.44,82.41,64.16,91.59,70.05,77.3,70.7,3,1,1,7,1
44.54,31.0,42.85,66.33,72.5,42.98,36.39,49.0,5,2,7,10,2
35.08,36.36,43.73,30.67,47.44,31.74,28.2,5.0,7,2,14,6,2
54.85,56.55,53.81,36.44,70.62,37.66,46.47,18.6,3,0,9,2,2
84.77,77.53,78.53,77.15,76.83,83.7,80.12,73.8,2,2,3,4,1
73.4,64.65,66.9,64.22,80.42,55.47,68.31,26.5,4,1,5,6,2
52.68,42.48,47.05,62.83,67.12,68.95,57.88,38.8,1,1,8,13,2
69.84,62.2,65.95,98.36,90.87,83.22,77.2,53.8,1,0,0,4,0
66.82,81.95,73.25,79.46,89.23,77.32,67.73,52.4,2,0,2,6,1
28.11,14.13,22.92,49.94,42.31,34.18,35.84,19.6,4,4,5,6,2
64.55,74.47,63.2,100.0,91.17,98.04,84.66,81.6,2,1,5,11,2
74.68,73.25,68.01,74.67,77.1,77.01,81.58,50.2,2,0,6,10,2
61.42,59.42,60.22,76.29,74.27,77.52,69.39,52.6,5,2,3,5,2
54.17,50.69,49.8,61.27,77.5,70.19,63.32,15.5,4,4,7,6,2
85.53,89.06,84.49,89.73,88.23,83.48,72.58,46.7,0,0,2,13,0
89.4,87.78,92.31,73.69,87.63,69.81,55.62,83.5,0,0,1,10,0
84.13,93.93,90.48,70.42,85.2,100.0,78.98,84.8,1,1,6,8,2
93.46,100.0,94.48,82.67,100.0,88.35,97.69,93.4,1,0,0,9,0
96.67,94.53,99.93,95.98,88.5,85.23,79.04,56.0,4,1,4,9,1
66.14,69.6,71.79,70.54,90.99,81.54,74.78,50.1,3,4,4,12,2
98.58,85.6,99.12,72.56,84.69,75.86,56.37,37.3,4,1,3,12,1
33.18,22.84,35.48,55.07,62.7,56.63,45.74,20.0,3,8,4,13,2
96.2,100.0,96.82,93.88,100.0,89.08,70.25,97.1,2,1,4,4,1
44.88,38.38,46.84,74.9,63.05,59.29,51.43,35.1,5,3,12,3,2
65.27,61.36,62.56,63.7,82.54,53.98,38.72,35.9,3,2,4,7,2
68.42,69.61,73.73,59.02,80.38,64.57,57.74,46.0,4,1,3,2,2
79.0,87.68,81.35,82.17,93.39,98.21,91.23,97.2,4,0,3,10,1
86.12,75.11,82.01,100.0,88.96,95.3,89.04,68.8,0,2,3,5,1
53.77,57.49,51.17,67.75,81.18,86.4,79.48,93.3,2,0,7,12,2
85.47,85.81,81.55,87.88,95.04,92.58,90.85,77.2,3,1,2,3,1
79.84,79.13,81.2,98.54,90.48,82.82,70.29,93.5,2,0,1,9,0
51.19,58.62,57.89,65.06,72.4,74.87,54.25,43.0,3,1,4,8,2
83.82,69.72,74.32,81.71,87.43,68.58,60.01,72.7,4,0,4,7,2
27.92,20.1,30.25,32.83,49.85,45.27,35.69,18.0,3,0,5,10,2
54.72,60.23,61.67,64.87,68.13,41.34,45.61,37.8,2,2,3,11,2
44.58,44.04,45.97,73.3,79.74,76.66,72.63,56.1,1,3,3,5,2
97.52,94.51,100.0,87.85,93.62,93.21,76.2,83.0,4,0,1,9,0
65.59,70.68,65.42,97.83,87.77,100.0,100.0,78.5,2,2,4,13,1
80.49,93.17,79.63,85.94,76.75,65.16,80.28,46.1,3,2,4,5,2
57.82,59.55,56.38,43.35,66.95,57.23,34.23,28.4,4,3,5,2,2
99.5,100.0,100.0,87.61,96.63,96.38,91.44,70.8,2,0,1,13,0
82.06,97.33,92.91,100.0,86.05,100.0,78.82,80.1,3,2,6,8,2
65.97,66.94,61.61,63.64,69.44,59.98,67.42,39.5,3,2,3,10,2
99.5,89.94,91.07,100.0,100.0,100.0,96.27,78.0,0,1,0,3,0
83.81,78.37,78.18,51.17,71.39,56.45,47.91,6.2,9,1,2,5,2
99.5,100.0,91.94,86.53,100.0,89.87,90.28,99.5,2,0,0,7,0
96.15,98.79,94.71,100.0,96.7,87.1,70.7,91.4,2,0,9,12,2
71.76,83.21,78.04,78.51,83.02,74.81,58.38,58.7,3,2,4,8,2
43.82,30.16,26.61,64.77,63.95,73.59,51.22,35.7,5,5,7,7,2
54.47,42.89,49.77,66.99,71.1,52.19,58.8,39.6,1,3,5,2,2
99.5,100.0,100.0,96.24,100.0,100.0,95.42,77.7,0,0,2,12,0
69.05,70.41,73.21,51.33,74.47,46.77,28.87,17.8,8,1,1,3,2
46.02,39.66,45.2,55.26,65.08,47.56,48.46,15.8,13,0,2,2,2
85.36,100.0,91.35,100.0,100.0,100.0,100.0,134.0,0,1,4,11,0
99.5,100.0,100.0,91.78,100.0,99.17,92.59,76.6,2,0,2,6,0
97.34,87.03,95.44,72.1,80.7,75.72,58.97,45.1,1,0,2,6,1
76.4,78.08,75.94,81.2,86.38,73.67,57.39,22.5,6,2,3,13,2
90.98,94.26,95.97,100.0,95.82,91.59,99.58,73.6,0,0,1,13,0
71.72,67.98,64.84,45.25,67.79,46.76,49.37,11.2,3,2,1,4,2
90.96,94.34,95.42,81.38,100.0,87.35,88.48,65.8,3,0,1,2,0
86.93,82.11,87.29,55.28,83.63,66.71,63.18,38.5,2,1,0,7,1
43.87,55.09,48.94,69.22,65.66,66.81,47.77,12.9,5,4,10,8,2
74.04,63.28,70.33,69.72,76.96,68.68,53.17,41.5,3,1,3,2,2
89.23,89.34,96.0,71.98,81.86,66.4,58.54,55.9,1,0,2,9,1
95.01,100.0,100.0,100.0,100.0,100.0,100.0,130.4,2,0,1,5,0
53.29,53.59,58.89,64.02,76.66,68.25,50.01,38.7,4,1,2,10,2
99.5,100.0,100.0,100.0,98.34,100.0,100.0,103.6,1,0,3,2,0
44.22,53.92,52.5,73.75,76.7,81.75,76.81,59.9,4,5,9,4,2
98.08,100.0,100.0,81.55,89.24,71.58,71.51,64.7,1,0,3,11,0
84.5,81.4,82.75,79.21,90.39,81.86,81.98,69.2,4,1,4,6,1
99.5,96.49,100.0,97.86,91.23,92.56,86.84,93.6,0,1,0,5,0
53.74,45.18,49.43,62.54,63.45,58.42,57.46,45.0,3,1,6,3,2
52.78,40.21,52.73,59.58,64.13,40.61,34.04,6.0,4,1,6,8,2
99.5,100.0,94.85,70.81,99.08,74.6,69.82,50.3,5,0,0,2,1
85.83,89.09,86.09,94.52,95.14,87.43,94.77,68.4,2,0,3,5,0
92.43,97.69,91.73,65.2,100.0,79.52,84.74,55.5,5,0,0,2,1
33.84,17.96,37.17,53.92,62.02,48.85,55.46,14.4,3,1,15,3,2
57.51,48.12,51.35,57.46,62.61,42.6,36.25,5.0,9,3,5,10,2
73.31,80.09,75.69,87.04,84.79,79.72,83.06,84.3,2,0,5,3,2
63.0,70.4,57.58,82.84,86.93,57.79,71.98,44.5,5,2,4,3,2
66.0,57.02,69.46,77.07,84.07,91.59,74.33,62.2,0,0,2,13,1
48.73,61.07,50.2,79.29,80.04,78.46,62.27,74.0,1,1,5,9,2
65.97,80.18,77.4,82.99,74.57,83.73,88.41,63.9,1,2,6,3,2
75.62,81.26,73.61,78.59,85.63,65.66,57.0,48.1,4,1,3,4,2
66.29,76.26,66.21,71.68,85.39,86.24,69.91,77.3,3,1,5,12,2
92.43,89.98,94.85,70.45,86.79,84.77,83.02,36.0,7,0,2,10,1
99.5,100.0,93.53,100.0,100.0,90.93,93.94,94.9,1,0,1,7,0
87.86,96.06,92.72,95.75,100.0,100.0,100.0,108.9,2,0,1,8,0
81.9,88.14,81.25,85.12,100.0,92.57,86.63,74.1,3,0,2,13,1
89.89,89.35,98.34,95.44,92.51,100.0,88.81,61.1,3,0,5,6,2
64.94,61.81,70.99,48.69,63.94,35.55,22.95,10.4,4,4,5,3,2
47.72,50.35,53.82,40.69,52.37,40.36,38.75,28.1,6,4,8,8,2
86.09,98.79,100.0,97.73,100.0,93.33,100.0,76.4,3,1,3,2,1
93.86,98.47,93.16,100.0,100.0,89.49,99.25,85.2,1,0,2,13,0
74.28,56.57,70.7,70.97,79.27,76.91,70.96,49.2,3,2,5,8,2
56.8,48.23,49.79,87.05,84.84,80.89,98.11,90.3,2,0,3,2,1
90.95,99.25,97.64,100.0,100.0,100.0,100.0,103.6,1,1,1,12,0
69.62,71.74,71.82,72.6,77.13,63.29,56.81,22.5,2,0,0,9,1
84.04,74.01,75.33,69.58,78.48,82.43,85.25,59.2,5,3,2,6,2
95.6,100.0,97.07,96.21,100.0,96.58,97.88,76.6,0,0,3,4,0
64.11,71.31,67.26,80.56,82.03,84.28,81.63,63.1,2,0,5,4,2
56.05,52.49,54.99,59.32,63.31,60.42,67.97,44.1,4,1,6,10,2
92.64,91.92,99.57,93.77,100.0,95.51,82.84,76.7,3,1,3,2,1
70.14,56.81,60.83,72.29,91.47,54.33,59.23,50.0,5,1,2,11,2
36.1,36.33,33.5,57.59,62.99,44.31,32.39,46.3,4,3,8,7,2
95.96,92.22,82.68,67.85,87.97,74.2,70.24,53.9,6,2,3,12,2
57.48,68.25,64.28,67.46,67.09,58.8,67.13,45.7,3,1,6,7,2
87.65,99.4,95.4,100.0,100.0,100.0,100.0,116.0,0,0,2,10,0
99.5,100.0,100.0,100.0,100.0,100.0,100.0,123.3,1,0,1,12,0
86.78,96.7,90.4,83.57,89.04,91.61,70.34,87.8,1,1,1,4,0
99.5,100.0,96.74,100.0,97.13,97.84,96.73,81.3,2,0,2,13,0
82.35,88.83,80.04,92.64,87.02,99.08,76.15,52.3,1,0,3,13,0
64.23,60.25,64.97,70.56,81.55,82.28,80.64,65.5,2,2,5,3,2
99.5,96.89,95.21,93.24,94.92,91.92,76.9,73.8,2,1,2,9,0
33.73,18.67,21.31,48.6,50.16,38.36,40.97,30.9,6,4,3,5,2
76.82,74.28,80.0,74.61,85.95,89.46,63.39,61.1,0,1,3,13,1
25.65,32.97,26.97,48.38,56.2,38.09,36.64,9.4,4,3,6,9,2
44.77,34.23,41.44,58.23,76.32,62.01,53.31,31.2,8,3,2,7,2
98.76,100.0,85.67,65.81,91.81,75.02,74.72,32.6,4,0,4,2,1
80.99,75.95,78.91,59.94,82.45,61.5,53.34,33.0,1,2,1,3,1
75.27,64.31,70.16,58.97,68.41,67.07,65.37,33.1,5,2,5,11,2
70.41,75.99,79.97,70.16,65.81,78.47,70.39,18.6,2,2,3,8,2
99.5,100.0,98.7,100.0,100.0,100.0,100.0,109.0,0,0,1,13,0
61.04,54.38,46.39,66.83,80.78,61.11,55.82,33.7,5,1,7,6,2
72.06,80.47,74.3,79.62,73.86,68.98,62.24,26.7,3,1,3,4,2
99.5,100.0,99.72,93.76,96.76,89.13,90.29,68.9,4,0,3,9,0
80.69,80.8,86.0,62.46,76.37,68.03,55.95,57.3,8,3,3,9,2
99.5,100.0,99.5,87.03,100.0,94.3,97.03,71.4,2,0,1,3,0
88.98,90.29,87.7,91.73,93.9,82.24,76.29,57.7,2,0,2,10,0
84.33,75.91,80.52,94.01,88.18,73.99,75.65,55.8,3,0,5,3,2
35.5,25.35,43.43,12.89,43.39,9.45,5.0,5.0,10,7,8,13,2
99.5,100.0,100.0,96.19,100.0,83.36,86.85,102.7,1,0,3,6,0
99.5,100.0,98.48,91.27,85.44,76.51,66.74,69.8,6,0,4,5,1
78.17,81.16,83.52,81.05,94.26,83.71,79.2,73.4,1,5,3,7,1
83.78,91.39,81.9,75.95,73.16,73.1,76.7,72.9,9,0,4,6,2
85.15,87.24,82.78,74.95,84.96,86.75,80.7,48.2,1,0,2,2,0
71.14,89.24,75.72,90.78,98.89,100.0,100.0,112.7,0,0,5,12,2
96.06,88.98,85.91,70.71,100.0,84.32,56.53,66.8,1,0,3,7,0
52.02,45.44,53.67,76.12,66.57,80.81,74.79,21.1,3,3,6,9,2
71.78,86.19,73.91,68.74,78.55,74.43,66.87,68.7,1,1,4,7,1
71.98,82.94,76.67,97.54,95.06,94.18,91.84,110.1,1,4,2,12,1
66.01,78.62,68.38,61.67,73.56,65.4,76.08,55.7,4,1,6,11,2
73.1,79.5,76.91,78.49,89.06,90.0,72.28,85.8,2,1,1,5,1
69.74,70.65,78.17,85.95,86.96,90.13,90.14,72.2,1,2,5,3,2
99.5,100.0,98.17,95.87,98.86,96.13,98.93,88.3,0,0,2,7,0
73.58,63.58,67.73,90.01,92.37,95.0,73.66,75.2,7,0,5,12,2
71.45,80.57,69.54,87.03,92.29,87.85,90.42,74.3,1,1,5,4,2
96.32,82.35,89.77,95.75,92.81,100.0,90.25,75.0,1,2,0,12,0
83.4,97.73,80.72,97.8,86.24,78.49,78.9,73.6,2,1,1,9,0
76.32,79.49,83.71,100.0,100.0,100.0,100.0,119.6,0,1,5,3,2
74.22,74.55,71.54,89.28,86.99,87.75,84.27,75.1,1,3,4,13,1
87.67,85.81,82.9,91.21,100.0,93.03,88.15,112.6,2,0,2,12,0
88.19,99.15,91.55,100.0,100.0,100.0,87.31,104.5,0,0,2,6,0
71.84,70.31,74.0,82.2,83.97,70.15,68.08,53.5,5,2,5,2,2
31.99,42.61,34.92,83.88,73.39,76.35,68.34,57.8,0,2,8,5,2
61.79,52.69,63.07,56.97,67.9,61.86,51.89,50.3,5,2,6,11,2
91.19,84.88,86.83,92.03,99.12,87.04,84.03,67.7,4,0,5,4,2
78.96,72.2,73.0,65.71,78.04,51.27,63.44,19.0,6,2,3,10,2
59.88,63.6,61.01,44.33,49.41,47.45,40.17,5.0,7,1,6,13,2
99.5,100.0,98.97,95.81,100.0,99.35,100.0,88.0,3,0,4,5,0
99.5,100.0,100.0,86.75,89.94,88.22,85.7,61.6,5,0,0,9,0
49.02,43.75,50.49,65.58,75.83,81.4,57.26,47.3,5,2,10,3,2
28.24,8.42,18.65,37.33,58.19,32.04,27.63,5.0,5,3,5,13,2
50.55,60.78,47.68,84.36,76.63,77.31,64.63,52.2,4,4,8,3,2
56.25,42.69,53.61,59.39,85.51,48.39,47.32,13.6,3,1,4,3,2
73.59,77.69,69.87,100.0,83.73,100.0,84.59,77.1,4,2,4,11,2
68.67,52.7,62.13,29.04,61.71,32.81,39.33,5.0,4,2,3,3,2
98.91,100.0,100.0,100.0,95.2,100.0,89.77,72.2,2,0,3,10,0
86.39,78.1,91.05,83.0,87.38,89.21,100.0,83.0,2,1,7,6,2
43.56,46.68,54.14,66.52,76.34,74.24,64.03,33.0,5,3,9,5,2
91.19,100.0,96.31,79.05,93.04,95.42,89.54,68.1,2,0,4,13,0
91.2,100.0,86.01,86.3,88.69,84.15,83.05,55.0,4,0,4,7,1
94.37,95.4,89.93,100.0,100.0,100.0,100.0,94.5,1,0,2,10,0
94.5,100.0,95.88,100.0,100.0,100.0,85.79,89.5,3,0,4,11,0
99.5,98.1,97.43,67.13,94.47,75.72,73.8,42.8,5,0,0,13,1
65.07,63.63,65.0,71.97,83.86,68.99,64.4,38.1,4,0,6,4,2
77.86,93.4,84.32,92.06,84.21,90.1,70.39,63.4,3,1,2,12,1
64.77,59.07,57.48,70.99,72.87,53.68,60.48,15.9,2,1,1,10,2
80.59,85.61,85.06,69.53,80.3,80.19,69.44,45.1,2,1,1,4,1
67.52,53.36,58.21,72.96,74.8,64.23,67.19,44.9,5,2,5,5,2
63.61,64.19,64.51,72.59,73.5,74.18,91.4,52.4,2,1,6,9,2
43.03,45.1,51.59,58.71,63.97,51.91,61.76,45.2,5,4,10,9,2
99.5,100.0,95.43,88.43,100.0,100.0,99.67,94.0,1,0,1,5,0
86.19,94.99,90.16,100.0,94.76,82.8,96.61,76.8,2,0,2,7,0
56.05,46.75,50.8,59.53,59.54,50.89,52.56,41.1,0,7,6,12,2
46.84,40.85,40.25,69.91,77.72,61.21,53.76,41.4,8,3,5,8,2
99.5,100.0,100.0,84.06,88.99,81.16,95.01,84.7,7,1,3,4,1
67.9,66.23,63.98,73.48,91.86,77.58,77.94,57.9,1,0,5,10,2
67.5,76.03,74.1,87.52,83.81,85.16,80.68,62.0,5,0,8,2,2
97.77,100.0,100.0,87.89,100.0,79.9,73.24,51.5,3,0,3,12,0
74.35,79.1,83.32,81.55,90.46,71.86,70.13,53.0,1,2,1,9,1
99.5,83.9,96.87,91.36,100.0,97.74,90.39,67.0,5,0,1,7,1
99.5,100.0,100.0,100.0,100.0,84.73,100.0,105.5,0,0,0,10,0
47.67,50.04,40.19,63.42,74.88,54.31,48.3,35.2,2,1,8,4,2
61.08,61.13,64.94,74.39,83.37,80.35,89.58,86.6,3,0,2,5,1
36.0,32.33,37.86,85.23,74.36,68.32,64.18,50.7,3,1,10,2,2
44.81,46.81,42.47,51.13,63.96,44.09,48.49,50.5,5,3,9,5,2
61.47,60.67,68.67,50.75,58.1,41.85,36.54,30.6,5,2,5,12,2
99.23,100.0,100.0,100.0,100.0,100.0,100.0,88.0,3,0,1,7,0
76.61,72.02,75.79,100.0,92.84,100.0,100.0,107.3,3,3,3,9,1
83.84,75.43,83.8,75.27,88.04,79.51,73.08,65.3,3,1,3,4,1
63.49,64.97,66.03,72.74,78.37,66.07,64.09,21.9,2,3,2,9,2
56.27,38.66,50.4,63.99,70.86,65.39,72.92,28.9,3,2,7,4,2
43.02,48.71,44.4,54.95,56.77,48.08,41.28,8.1,6,3,4,12,2
99.5,100.0,100.0,81.22,100.0,90.88,74.7,66.8,3,0,1,4,0
70.22,69.88,64.19,100.0,88.06,94.44,100.0,83.4,3,0,2,13,1
63.92,57.97,62.51,84.98,76.85,64.27,64.38,45.8,4,5,1,8,2
46.61,53.47,55.35,75.39,65.1,77.52,49.44,35.8,5,3,6,4,2
90.59,83.37,88.35,69.96,94.58,88.98,72.41,48.7,4,1,5,6,2
64.68,46.59,61.08,58.32,72.57,60.57,52.21,40.4,7,0,4,9,2
92.6,80.96,88.2,66.95,76.03,60.34,55.19,5.0,3,0,1,10,1
64.38,62.94,59.71,54.27,70.25,53.95,29.02,18.1,5,1,6,12,2
63.11,74.82,71.33,65.39,67.35,71.29,47.91,50.6,1,1,3,4,2
72.13,84.76,82.99,90.27,92.63,81.42,86.13,47.4,2,0,5,13,2
66.64,64.07,63.38,75.36,85.58,76.75,84.06,56.5,2,1,6,7,2
99.5,100.0,100.0,100.0,100.0,100.0,100.0,90.3,3,0,1,2,0
67.77,71.42,70.36,70.16,85.14,76.26,66.6,73.3,7,1,2,13,2
94.43,97.07,93.91,91.56,89.59,76.55,78.96,41.9,4,1,4,8,1
97.05,86.66,97.85,85.81,97.34,88.44,93.82,86.7,0,1,4,3,0
79.29,80.76,78.86,87.5,93.17,95.54,88.63,85.3,2,0,0,5,0
69.52,79.27,68.99,93.48,86.09,100.0,96.6,85.5,3,2,6,13,2
36.5,52.89,41.22,83.5,85.7,74.24,74.44,72.8,5,2,4,11,2
88.39,94.74,90.14,85.45,97.19,93.26,87.89,87.0,3,0,0,5,0
84.04,93.26,84.79,86.48,75.69,77.77,90.13,61.5,4,2,5,10,2
23.71,21.36,20.56,44.49,47.04,28.89,27.9,5.0,5,5,11,3,2
87.48,91.05,84.09,100.0,100.0,96.02,94.5,114.7,2,0,4,4,0
83.44,76.17,79.4,83.49,100.0,86.41,88.2,79.7,3,1,2,4,1
69.1,81.94,74.67,83.33,93.52,92.65,92.14,82.0,3,1,2,10,1
84.07,100.0,86.4,93.62,84.69,86.85,66.59,72.4,4,0,5,13,2
99.5,100.0,95.23,87.61,88.3,87.1,97.74,78.6,2,0,1,9,0
86.91,96.58,86.41,69.23,87.33,65.28,63.54,61.8,6,2,3,9,2
85.21,91.9,87.11,94.55,98.29,97.98,100.0,104.4,2,0,1,4,0
92.45,84.48,87.27,84.52,93.39,90.83,79.52,54.3,3,0,2,5,1
65.1,62.78,57.48,55.93,65.57,55.06,58.02,49.2,7,3,6,12,2
87.03,82.35,80.04,71.25,86.62,76.86,68.82,44.6,3,0,5,12,2
27.29,24.59,25.79,52.99,58.52,49.87,36.65,5.0,3,1,6,7,2
73.61,80.66,74.63,82.31,85.0,99.86,97.59,49.4,2,2,9,3,2
58.59,49.56,54.67,67.82,77.32,59.48,52.5,14.1,1,4,2,7,2
86.77,79.49,90.18,76.5,94.72,96.55,78.58,56.4,4,0,7,8,2
82.1,77.96,81.44,77.84,82.72,78.73,80.3,29.5,6,1,0,10,1
91.61,100.0,87.21,98.56,91.9,85.87,94.31,90.0,2,1,3,6,0
42.95,27.73,34.49,69.4,66.11,43.38,34.99,6.4,4,1,3,12,2
33.12,34.42,34.88,60.7,61.38,45.42,58.58,47.0,3,5,7,7,2
99.02,100.0,96.55,78.06,98.53,95.53,79.23,91.7,3,0,2,11,0
68.63,60.91,61.59,53.53,76.56,57.48,67.8,47.7,5,4,1,2,2
84.6,81.5,86.92,86.01,85.96,89.9,81.71,85.5,2,1,4,3,1
63.39,68.6,63.56,61.41,81.57,65.79,69.09,87.3,2,4,3,9,2
99.5,100.0,96.07,79.02,100.0,76.93,78.24,73.1,1,0,0,7,0
76.99,76.28,73.15,91.99,80.99,83.85,83.62,75.4,1,0,5,4,2
57.52,56.35,63.67,73.24,69.42,53.37,46.2,35.4,6,3,4,3,2
99.5,100.0,94.98,100.0,100.0,99.78,100.0,112.4,2,0,0,4,0
67.49,74.48,69.2,59.81,70.06,63.08,48.78,29.1,4,1,4,8,2
80.79,83.32,81.04,89.18,78.18,81.51,79.6,70.7,3,0,2,2,1
40.22,10.63,31.59,69.02,80.04,58.79,56.14,17.0,1,5,5,12,2
95.33,99.16,93.4,94.18,87.83,95.58,100.0,112.7,3,0,1,6,0
99.5,98.83,95.74,100.0,100.0,100.0,95.54,95.4,2,0,1,7,0
85.73,91.66,91.08,100.0,100.0,100.0,100.0,99.9,0,2,4,8,0
41.48,36.47,49.36,69.23,76.95,74.0,67.36,30.3,5,2,8,2,2
60.64,52.42,55.11,48.93,68.3,59.8,47.33,11.5,3,4,4,8,2
95.78,100.0,94.71,100.0,100.0,100.0,100.0,108.0,0,0,4,7,0
97.25,98.03,100.0,76.81,91.92,76.6,87.43,84.4,2,1,1,6,0
94.79,93.34,92.67,72.73,86.5,74.5,83.42,85.5,4,0,0,8,1
99.5,100.0,98.28,87.44,94.12,84.69,79.35,55.3,2,0,1,3,0
77.18,75.75,77.36,99.14,99.08,99.62,100.0,96.6,0,2,2,2,0
53.62,42.62,51.07,33.15,62.42,36.99,24.3,5.0,4,4,4,5,2
99.5,96.06,99.18,100.0,100.0,100.0,96.34,119.5,1,0,0,2,0
70.08,72.96,75.02,76.93,79.23,63.8,69.79,30.4,6,1,5,3,2
99.5,100.0,94.11,82.64,87.56,78.17,79.31,72.3,3,0,0,4,0
40.16,57.44,45.82,82.13,79.35,74.97,70.74,86.8,1,2,5,11,2
67.89,55.23,67.43,84.76,83.88,78.39,79.42,34.9,2,1,2,6,1
86.66,99.52,82.36,100.0,100.0,96.43,100.0,80.0,0,0,9,11,2
59.15,39.11,46.27,53.64,76.77,48.54,37.41,29.5,5,4,2,13,2
29.64,18.66,28.3,72.59,60.61,59.13,75.23,23.3,5,4,7,4,2
60.32,38.75,52.45,63.39,73.01,46.43,42.03,10.1,4,0,3,12,2
95.14,100.0,94.4,100.0,100.0,100.0,100.0,134.0,0,0,5,7,2
99.5,100.0,100.0,95.96,100.0,82.99,88.76,86.6,2,0,0,10,0
55.85,43.88,53.06,40.53,62.26,35.57,15.67,5.0,6,6,3,6,2
88.14,78.54,80.94,100.0,92.68,100.0,100.0,123.3,2,0,1,7,0
85.95,90.55,87.39,100.0,100.0,100.0,100.0,73.3,1,0,3,11,0
90.4,100.0,89.34,100.0,100.0,100.0,100.0,96.1,0,0,2,6,0
47.14,34.16,46.82,65.83,64.27,40.36,39.73,34.6,3,4,6,3,2
77.05,81.77,72.6,95.94,100.0,82.04,87.63,61.9,2,2,1,11,1
99.5,100.0,99.17,100.0,100.0,100.0,100.0,92.7,0,0,3,4,0
56.62,52.06,58.06,59.92,73.96,89.46,67.89,68.3,4,1,3,8,2
95.9,89.83,100.0,80.91,97.51,71.41,73.8,44.2,1,0,4,9,1
91.64,95.35,92.28,93.76,93.81,99.37,94.0,86.8,1,0,0,4,0
92.43,100.0,100.0,94.37,98.39,88.6,74.76,77.2,1,4,8,2,2
81.11,83.96,77.65,72.4,79.38,73.69,68.01,51.9,3,3,4,9,2
49.42,32.21,45.23,47.57,67.86,50.6,50.75,63.6,5,0,6,12,2
91.98,100.0,92.23,78.18,85.97,69.58,61.45,62.3,3,2,4,4,1
40.79,35.58,45.36,55.64,69.19,62.7,48.04,50.7,6,3,3,9,2
88.13,91.81,89.17,100.0,91.01,100.0,83.87,92.2,5,0,2,13,1
89.49,85.31,83.78,100.0,98.57,100.0,90.88,74.4,3,2,3,13,1
96.06,98.56,100.0,69.0,80.1,69.9,66.05,75.6,1,2,8,4,2
85.1,71.34,78.12,73.5,87.52,78.21,86.0,65.4,2,0,3,7,1
98.49,98.58,93.33,100.0,100.0,100.0,100.0,93.8,0,0,4,2,0
87.91,93.66,88.81,92.89,92.06,70.81,69.67,59.8,3,0,2,7,1
52.0,47.48,54.32,54.86,65.29,59.09,39.76,18.1,5,4,4,2,2
97.49,96.79,96.62,97.57,98.14,92.44,98.44,74.5,4,0,4,11,1
43.03,35.15,38.46,53.4,64.47,47.9,50.48,21.1,4,5,5,2,2
99.5,100.0,99.68,76.95,91.41,94.87,80.11,63.3,2,0,2,13,0
96.2,100.0,88.02,90.89,97.14,98.73,91.72,75.4,2,1,3,5,0
61.84,59.65,72.45,43.53,54.33,52.53,42.56,13.2,8,0,5,5,2
92.18,89.99,91.12,100.0,97.3,95.19,100.0,87.1,2,0,2,9,0
99.5,100.0,100.0,95.28,100.0,100.0,100.0,84.0,2,0,1,4,0
82.95,100.0,95.41,99.78,90.84,96.29,100.0,95.1,2,2,4,12,1
74.04,76.91,70.82,97.85,96.23,92.73,100.0,94.3,2,0,2,2,0
77.33,73.13,70.6,73.36,84.86,74.31,62.75,38.3,6,0,2,12,2
95.81,97.48,100.0,86.33,84.87,74.42,70.81,31.2,1,0,0,2,0
55.43,56.58,52.58,76.77,76.5,76.78,55.79,56.2,0,0,6,9,2
85.66,85.55,84.03,100.0,94.33,99.97,100.0,89.2,1,0,1,5,0
79.45,62.12,69.8,84.55,88.7,80.35,76.83,68.1,3,1,0,13,1
95.45,96.99,84.02,87.25,94.69,100.0,83.62,85.9,1,0,3,11,0
57.28,53.59,54.95,54.97,65.03,62.33,56.76,47.8,3,1,6,4,2
58.53,38.26,50.5,56.91,58.59,43.99,35.73,5.0,6,5,8,5,2
64.17,59.03,66.48,44.23,58.65,46.06,31.88,36.9,2,2,4,2,2
99.5,100.0,97.85,81.4,97.35,72.74,94.32,62.8,2,1,0,8,0
76.34,88.85,78.61,100.0,95.77,94.44,88.58,63.5,0,0,3,10,0
17.86,8.0,16.24,36.3,49.41,15.22,16.18,5.0,6,4,8,6,2
99.5,100.0,100.0,85.8,87.3,84.33,88.18,44.0,5,0,2,12,1
61.12,61.43,56.53,67.69,75.93,50.42,45.03,41.8,3,1,3,3,2
74.74,89.64,72.42,87.24,81.88,91.73,88.26,92.1,3,1,2,2,1
99.5,100.0,100.0,100.0,100.0,97.59,100.0,94.6,1,0,3,8,0
55.35,63.96,64.83,79.01,95.88,76.34,77.87,69.5,5,2,3,3,2
89.19,94.58,88.5,89.58,87.66,100.0,100.0,83.5,1,0,2,13,0
60.77,51.12,55.73,54.03,63.67,53.89,50.32,24.3,5,5,7,5,2
70.35,77.41,72.8,58.8,72.35,63.06,69.22,17.2,11,1,6,13,2
38.75,20.45,28.28,38.61,52.43,43.56,35.72,11.3,4,2,3,12,2
78.39,89.71,80.26,61.15,77.05,72.8,83.34,68.9,4,2,3,10,2
81.44,88.57,83.58,78.22,72.27,79.16,59.03,52.6,2,1,3,3,1
63.33,58.19,55.61,67.82,78.21,56.98,61.12,58.5,5,3,1,10,2
99.5,93.68,100.0,89.1,100.0,98.26,100.0,100.1,2,0,0,3,0
46.68,39.77,37.21,54.43,56.04,53.92,39.81,48.2,1,3,7,2,2
85.95,83.44,76.5,69.17,97.83,87.7,85.18,62.8,5,0,2,5,1
30.92,14.39,28.17,54.17,64.37,65.86,45.11,41.2,4,3,10,8,2
66.64,55.9,60.88,50.77,66.04,52.52,52.98,31.3,2,2,9,13,2
76.56,83.18,80.69,75.27,84.4,66.83,69.42,45.6,2,1,3,3,1
62.16,60.53,61.45,71.73,78.79,54.27,61.31,19.7,3,1,3,5,2
59.2,54.07,55.64,51.8,69.47,63.55,50.06,27.5,4,2,2,4,2
74.85,61.66,69.36,71.75,82.11,72.24,64.51,61.5,4,2,3,2,2
79.55,76.63,79.97,74.9,83.19,67.73,75.45,57.5,3,2,2,9,2
99.5,100.0,100.0,89.42,97.21,100.0,98.59,86.8,2,0,0,2,0
82.3,82.22,79.16,72.91,78.36,73.83,61.85,61.6,5,1,8,9,2
78.54,76.43,79.54,68.22,82.24,82.89,73.74,66.9,4,0,5,4,2
60.34,64.71,60.06,77.3,74.26,70.73,68.55,40.3,2,0,3,7,1
60.13,69.61,62.18,67.1,77.56,75.33,68.56,66.8,4,2,8,8,2
78.14,96.29,81.44,100.0,100.0,100.0,100.0,87.5,0,2,4,8,0
89.99,91.93,89.47,88.91,87.3,85.16,76.95,48.5,7,1,2,12,1
95.35,87.49,87.37,89.41,98.0,92.33,88.93,74.9,1,1,0,8,0
83.94,93.34,82.88,78.03,93.59,86.42,82.52,84.7,7,1,2,9,1
80.96,82.27,77.73,90.86,87.44,94.94,97.6,72.0,3,0,2,9,1
83.47,78.97,72.63,80.89,88.79,70.24,73.8,46.8,5,1,3,10,2
85.91,76.24,78.36,60.62,85.43,59.05,61.12,43.9,3,3,4,2,2
96.43,100.0,95.69,78.54,88.34,100.0,100.0,79.0,1,2,0,3,0
77.73,91.44,84.28,100.0,90.46,100.0,93.21,75.6,1,0,4,13,0
50.42,40.6,41.01,57.86,63.45,54.19,35.91,41.3,2,4,5,12,2
82.43,88.06,84.31,77.45,87.64,74.83,76.53,30.4,2,0,3,2,1
78.82,89.63,84.31,86.08,77.46,91.82,96.77,76.0,5,1,7,9,2
99.5,100.0,98.49,88.15,100.0,88.11,100.0,96.6,3,0,0,4,0
92.26,91.67,92.65,72.35,88.94,74.29,60.64,41.7,3,0,2,11,1
18.94,8.5,15.69,42.46,59.71,37.7,24.96,5.0,4,2,5,11,2
82.79,77.56,79.2,78.22,92.17,73.56,55.31,36.2,5,2,3,12,2
89.97,97.67,90.07,83.75,89.19,89.55,80.09,55.0,2,1,1,8,0
52.42,52.59,53.0,27.2,54.69,41.32,39.06,5.0,5,4,5,5,2
29.78,19.67,21.43,31.5,52.96,27.61,13.83,17.6,5,4,5,11,2
72.31,70.09,62.3,80.5,90.32,75.43,71.75,45.7,2,1,3,13,1
59.91,56.32,55.46,49.18,65.71,42.56,49.04,22.1,2,1,5,9,2
75.7,72.23,71.92,85.47,85.46,85.47,100.0,99.2,1,2,6,3,2
59.3,70.17,63.84,95.11,81.49,78.63,83.4,30.2,5,2,11,2,2
99.5,100.0,99.91,94.39,97.11,100.0,91.02,100.4,0,0,1,6,0
99.5,100.0,96.91,100.0,94.37,96.49,100.0,78.3,2,0,4,10,0
91.27,97.29,93.7,100.0,100.0,100.0,100.0,110.5,0,1,2,8,0
74.61,69.97,76.25,67.02,69.33,66.81,53.13,33.3,7,1,4,8,2
92.59,83.73,88.29,81.47,100.0,100.0,83.81,67.5,3,0,4,2,1
82.34,81.27,78.01,100.0,91.87,97.79,72.6,78.3,2,0,1,9,0
68.16,80.21,70.91,100.0,81.78,100.0,100.0,86.1,1,1,5,13,2
87.13,85.51,89.16,88.08,96.66,97.0,100.0,94.6,1,1,3,13,0
26.98,36.08,24.46,39.62,61.41,41.28,31.22,5.0,10,0,7,13,2
99.5,100.0,100.0,90.23,100.0,100.0,97.86,85.8,1,0,1,6,0
97.36,95.75,94.31,93.72,96.27,88.39,93.21,81.2,1,0,3,8,0
96.86,100.0,100.0,100.0,97.22,96.48,100.0,84.3,3,0,2,5,0
99.5,100.0,100.0,97.71,98.02,97.67,91.33,96.1,0,0,1,8,0
99.5,100.0,100.0,100.0,97.94,100.0,98.78,95.3,0,0,2,12,0
67.49,73.4,73.13,100.0,91.91,92.59,100.0,94.3,1,0,5,12,2
85.21,77.4,86.34,70.0,83.03,76.79,64.88,76.6,5,0,2,6,1
99.5,100.0,100.0,92.22,100.0,100.0,100.0,112.0,1,1,2,6,0
83.24,96.58,84.29,89.9,94.75,92.8,97.99,91.0,2,0,6,13,2
47.71,54.53,53.02,54.28,60.86,52.67,40.59,34.3,5,3,5,6,2
71.43,69.52,65.05,90.96,86.89,71.72,79.13,98.9,2,1,1,3,1
82.93,83.26,78.05,76.49,90.35,76.42,73.79,74.8,5,1,5,4,2
58.14,70.51,62.23,78.68,73.82,85.57,74.97,91.5,1,3,3,8,2
86.31,94.84,94.27,82.35,87.82,92.22,76.43,82.6,3,1,4,7,1
56.27,57.65,56.09,88.93,89.52,100.0,100.0,84.5,2,1,7,9,2
44.69,35.55,37.77,62.53,72.39,73.66,81.16,32.1,1,5,4,2,2
65.37,55.86,63.98,59.64,79.38,64.29,57.38,39.7,3,3,4,3,2
50.44,55.81,50.37,62.71,64.34,70.28,83.15,32.7,4,5,2,3,2
86.96,79.52,85.71,88.81,78.47,92.97,94.38,79.0,4,0,3,4,1
89.51,96.02,92.26,100.0,100.0,99.8,93.72,84.3,0,1,3,7,0
92.56,90.89,87.85,74.31,83.98,75.92,74.08,61.5,4,1,0,2,1
74.3,71.17,77.42,93.65,84.65,87.77,82.47,82.1,3,0,2,13,1
35.22,21.34,23.12,32.66,52.09,30.53,33.84,5.0,5,3,9,6,2
82.7,90.18,81.73,69.48,95.0,77.46,77.5,74.6,1,0,4,6,1
54.53,52.21,55.99,49.72,59.87,51.22,53.04,5.0,5,1,7,13,2
71.13,72.64,82.96,55.32,66.76,52.71,37.5,35.0,2,2,1,10,2
48.87,32.85,35.49,44.61,49.25,33.97,25.53,5.0,7,3,2,12,2
58.73,46.89,53.5,82.17,78.66,77.89,78.01,69.9,4,3,5,5,2
79.16,75.47,68.11,69.78,80.91,56.72,41.53,55.3,7,0,1,13,2
47.02,44.13,45.12,67.44,69.23,64.5,62.47,25.2,6,2,4,4,2
86.2,82.75,82.06,73.85,77.42,70.72,54.59,33.7,1,2,5,11,2
79.83,67.32,75.01,85.24,89.85,91.24,87.09,76.4,3,0,3,9,1
83.37,88.92,90.91,64.17,84.1,66.65,63.06,42.1,5,4,6,4,2
94.29,77.15,91.02,100.0,100.0,100.0,91.1,100.2,2,0,3,6,0
87.48,97.84,89.8,86.09,97.35,99.9,87.75,72.5,1,0,2,4,0
81.76,85.93,85.97,66.36,92.38,75.08,67.43,64.0,4,0,3,9,1
89.52,96.29,92.2,84.3,95.7,92.06,73.98,73.3,3,1,3,13,1
99.5,100.0,95.36,100.0,100.0,100.0,100.0,97.7,1,0,2,6,0
67.15,50.73,60.52,81.78,82.33,92.82,76.68,76.7,4,2,3,7,2
80.14,70.69,78.27,88.67,77.74,85.87,60.98,57.7,3,1,3,9,1
90.51,87.18,100.0,93.04,88.14,74.71,80.56,74.7,4,0,1,6,1
43.0,47.47,49.82,45.1,49.46,33.44,35.21,5.0,5,4,10,6,2
32.13,34.87,35.91,61.54,61.63,66.14,46.06,39.7,3,7,2,4,2
40.9,28.63,28.97,34.77,47.82,43.71,30.9,5.0,3,2,7,9,2
52.35,45.16,50.27,71.88,64.64,78.3,48.74,42.0,9,2,5,6,2
99.5,100.0,100.0,98.7,100.0,100.0,87.09,69.3,2,0,0,4,0
35.15,35.3,37.32,63.06,52.46,49.72,29.59,18.3,3,5,9,9,2
99.5,100.0,100.0,100.0,100.0,96.3,81.19,75.2,0,0,2,9,0
82.69,74.46,81.54,83.28,83.41,97.45,72.54,63.1,2,2,4,3,1
99.5,100.0,100.0,100.0,100.0,99.46,96.89,76.1,1,0,1,3,0
61.75,62.05,54.95,74.76,63.64,59.54,46.78,55.8,2,2,3,5,2
59.19,57.84,65.23,100.0,82.2,91.76,78.77,71.1,6,2,1,2,2
92.3,98.94,98.04,99.93,97.52,84.24,76.95,87.6,2,2,3,5,1
54.43,64.18,62.83,71.79,76.32,72.47,75.74,75.5,3,3,2,12,2
99.5,100.0,100.0,77.11,91.11,74.18,71.78,52.6,5,0,2,9,1
99.5,100.0,100.0,79.63,100.0,87.59,91.9,103.6,3,0,4,11,1
99.5,100.0,100.0,94.26,100.0,92.66,84.94,71.7,4,0,4,12,1
99.5,94.76,96.99,94.37,85.33,77.57,57.41,33.5,3,1,2,9,1
67.26,61.14,61.75,83.37,70.79,71.06,58.33,66.7,3,3,7,4,2
64.44,61.53,58.88,78.62,80.03,78.76,71.73,63.2,0,1,8,7,2
71.87,81.89,75.16,93.58,90.5,86.06,77.65,64.3,2,0,2,5,1
89.58,98.68,89.56,87.27,90.71,75.09,79.98,101.8,2,0,2,8,0
59.85,58.58,56.46,75.42,77.91,56.46,60.95,18.0,5,0,4,11,2
12.0,8.0,16.36,48.66,59.16,55.57,47.08,25.5,6,3,5,10,2
85.33,100.0,97.39,84.57,83.03,82.35,83.02,67.8,3,2,2,4,1
76.0,63.51,69.84,67.35,75.6,64.78,49.64,50.2,4,1,4,12,2
47.12,40.77,49.91,66.71,69.88,75.94,65.46,50.9,5,4,6,5,2
87.68,85.82,86.22,78.07,100.0,89.71,73.7,70.7,2,1,3,9,1
86.6,94.39,88.05,62.19,89.35,81.72,75.06,41.6,4,1,3,9,1
73.71,72.62,74.77,67.26,79.43,73.09,68.49,67.5,3,1,3,6,2
99.5,100.0,96.7,100.0,95.71,100.0,100.0,86.1,2,0,5,13,2
94.28,100.0,95.11,100.0,100.0,100.0,100.0,120.3,0,0,1,7,0
80.0,80.09,85.4,95.18,99.94,100.0,100.0,91.5,3,2,6,9,2
99.5,100.0,100.0,100.0,100.0,100.0,100.0,96.1,4,0,0,12,0
74.77,70.6,74.7,61.12,76.64,65.13,69.29,79.6,7,0,2,13,2
99.5,100.0,98.78,94.36,96.35,100.0,73.72,71.3,3,0,1,10,0
88.28,99.61,91.31,97.51,100.0,91.43,100.0,71.8,1,0,2,13,0
28.43,14.49,23.59,74.11,56.81,65.99,61.96,51.0,3,3,6,11,2
98.46,100.0,100.0,70.72,93.46,75.38,76.57,43.5,2,1,1,7,0
92.08,96.09,94.97,92.32,98.24,100.0,87.67,101.5,1,0,4,10,0
99.5,91.67,98.96,82.1,85.41,86.85,82.5,20.6,4,1,2,7,1
99.5,99.45,92.27,90.02,100.0,97.73,100.0,70.2,2,0,4,8,0
94.01,98.38,91.65,100.0,100.0,86.5,90.77,86.6,1,0,6,2,2
99.5,85.88,91.87,88.66,97.33,91.22,87.72,81.8,2,0,0,5,0
77.91,85.27,82.44,92.06,91.52,100.0,95.11,81.5,2,4,3,10,1
28.23,23.44,27.87,54.92,57.92,45.96,49.19,26.8,10,3,7,6,2
43.96,35.77,43.45,59.82,60.08,50.94,44.69,40.0,3,2,12,9,2
62.33,64.45,61.76,77.37,87.11,85.15,88.06,79.7,2,1,4,4,2
65.64,60.38,64.07,54.42,64.83,67.0,49.22,32.3,4,1,3,9,2
58.09,51.19,62.55,74.07,80.76,77.4,77.86,66.8,1,2,2,13,2
57.19,51.95,55.33,91.15,76.77,78.1,68.93,46.8,3,1,5,4,2
30.83,8.18,14.78,18.29,36.44,8.0,5.0,5.0,7,6,5,7,2
69.2,71.05,71.85,58.23,75.58,56.04,47.39,22.0,0,0,8,6,2
58.46,46.01,58.46,59.82,70.63,50.99,53.57,22.6,6,1,4,13,2
83.68,84.7,88.64,97.4,84.73,95.99,100.0,98.9,2,0,3,5,0
71.29,70.78,69.78,73.71,69.39,75.0,63.66,52.0,4,0,4,8,2
87.21,78.12,82.72,80.9,100.0,85.62,69.32,88.8,4,1,1,6,1
84.1,83.19,86.78,75.8,90.39,82.64,86.66,100.2,1,0,6,9,2
80.31,86.86,83.37,95.17,97.88,99.14,92.55,96.3,1,3,1,12,1
99.5,100.0,100.0,93.05,91.63,88.9,82.45,81.1,1,0,2,6,0
95.93,100.0,95.18,95.52,84.93,77.51,86.01,54.8,1,0,0,8,0
73.68,71.18,74.19,89.71,90.72,80.53,74.06,55.2,3,0,2,13,1
97.15,93.6,93.65,97.87,100.0,85.05,79.73,47.4,0,1,2,7,0
34.22,30.59,31.99,67.99,69.36,84.45,76.5,54.6,8,1,7,8,2
90.8,91.37,86.69,71.21,86.6,73.62,66.61,72.9,6,0,1,13,1
76.14,76.04,72.85,91.61,95.0,88.51,69.11,53.4,5,0,1,6,1
84.9,77.21,76.24,70.01,83.63,79.45,69.09,69.3,2,1,1,10,1
85.36,100.0,84.64,100.0,98.85,88.51,100.0,87.3,4,1,5,8,2
84.68,77.1,78.03,70.85,79.02,65.35,62.11,29.4,3,1,2,8,1
52.11,38.15,48.49,65.6,70.95,45.48,51.32,46.3,9,3,3,4,2
91.96,93.92,93.65,90.19,100.0,100.0,92.62,95.5,2,0,1,3,0
87.27,96.52,94.12,91.57,95.19,80.77,82.3,96.2,1,0,2,10,0
96.79,100.0,96.17,91.05,97.72,85.55,84.48,81.9,3,1,0,3,0
81.8,97.71,81.79,86.15,86.53,88.63,68.6,92.1,2,0,3,6,1
51.81,36.42,47.36,37.98,66.01,39.66,37.41,5.0,6,5,2,10,2
36.86,29.45,33.96,63.49,67.76,60.1,36.24,30.3,4,0,5,12,2
98.67,100.0,98.62,79.42,98.0,93.35,84.33,39.9,0,0,1,2,0
49.78,43.87,43.17,86.74,82.41,94.45,92.87,37.3,2,2,5,2,2
64.42,72.43,65.98,75.95,83.26,78.63,71.73,56.3,2,0,4,10,1
45.41,48.08,49.12,87.05,76.63,86.19,68.17,45.1,1,2,7,4,2
93.81,90.13,87.58,83.51,87.77,83.03,73.56,44.1,3,3,1,10,1
82.03,71.33,70.61,88.13,83.25,79.71,70.34,57.9,3,3,4,3,2
99.23,100.0,100.0,100.0,100.0,100.0,100.0,116.5,0,0,4,13,0
84.96,100.0,87.42,91.01,91.93,86.28,92.96,87.0,4,0,4,4,1
85.99,90.29,90.58,87.84,84.09,81.18,65.98,68.7,4,2,2,3,1
90.97,98.74,92.57,100.0,95.61,94.78,91.43,83.9,1,1,4,11,0
78.88,79.3,74.84,69.89,72.47,67.65,72.33,29.6,4,0,6,8,2
43.69,40.92,43.2,29.92,56.78,22.55,27.92,5.0,5,4,11,5,2
85.25,91.48,87.46,62.79,75.6,61.35,52.32,54.6,9,4,1,13,2
54.17,27.11,43.74,59.85,75.47,49.66,54.65,24.6,2,2,7,10,2
84.59,82.35,79.4,74.11,91.27,82.13,80.78,64.0,4,1,6,6,2
12.0,8.0,15.29,51.64,70.88,65.42,54.01,29.4,5,2,6,6,2
71.44,72.19,69.32,75.27,72.86,65.83,64.78,51.1,5,0,6,9,2
93.73,91.76,98.71,78.41,88.01,85.14,76.36,68.2,4,1,3,13,1
83.48,90.95,79.44,87.29,100.0,86.79,100.0,79.1,3,1,3,12,1
68.07,68.89,71.83,71.57,86.4,63.71,55.53,30.2,1,3,4,9,2
94.42,82.93,92.04,93.24,85.37,86.6,85.87,62.7,3,0,3,7,1
82.7,71.0,77.04,90.64,98.58,97.25,100.0,53.4,1,0,3,3,0
59.34,65.31,54.94,82.84,80.87,67.75,79.95,63.7,2,3,6,11,2
93.44,91.79,93.03,94.16,98.71,96.59,72.97,70.0,1,0,1,5,0
80.17,98.96,79.88,91.39,90.71,97.03,96.71,89.4,0,1,3,9,0
68.48,73.98,68.72,59.07,78.88,66.29,72.05,37.6,4,1,5,9,2
90.19,77.99,88.68,82.21,94.04,71.88,81.67,61.0,1,2,0,13,1
67.27,55.35,61.92,53.03,74.12,51.33,55.78,45.6,4,4,5,13,2
99.5,100.0,98.86,86.11,97.13,96.29,78.15,70.8,4,0,2,9,0
76.4,78.16,82.56,91.27,99.67,85.99,89.4,86.3,1,1,2,9,1
78.59,79.76,79.53,77.2,92.68,77.19,84.55,82.6,1,1,4,8,1
80.95,76.99,86.27,94.42,100.0,86.04,91.55,91.9,2,0,3,13,1
84.0,89.99,84.93,81.53,94.57,91.11,100.0,66.0,2,1,4,4,1
87.62,92.32,93.45,91.37,100.0,96.22,80.97,98.4,1,0,3,6,0
50.54,52.25,50.55,57.66,69.91,58.34,61.37,45.5,7,1,4,13,2
99.45,100.0,100.0,73.86,100.0,73.76,83.19,72.8,5,0,0,5,0
89.7,86.22,85.04,84.95,81.43,78.42,72.93,29.6,3,1,6,4,2
88.8,94.61,91.98,92.96,94.59,82.56,93.17,93.2,4,1,2,3,1
92.11,100.0,96.34,100.0,100.0,99.48,98.29,93.5,2,0,3,10,0
94.37,98.81,96.53,86.79,82.24,97.84,74.48,97.8,1,0,1,4,0
36.03,39.74,30.47,67.63,59.17,36.61,46.37,38.2,4,3,10,12,2
93.01,91.1,96.36,100.0,100.0,89.56,100.0,97.4,3,0,1,13,0
84.35,89.44,87.49,66.12,90.33,61.81,70.55,26.9,2,1,3,9,1
90.43,76.32,86.8,50.25,66.22,49.01,49.63,5.0,5,2,1,8,2
77.26,84.79,86.14,76.69,79.92,84.97,85.79,81.8,1,1,3,9,1
82.07,66.41,75.79,70.55,75.38,83.33,72.48,66.7,2,3,0,2,1
37.65,34.02,38.96,65.56,66.89,68.78,66.42,38.9,6,5,5,13,2
59.91,59.97,62.99,46.12,64.53,37.35,39.58,5.5,5,1,3,7,2
82.37,85.97,82.61,96.34,100.0,81.82,100.0,81.7,2,0,4,2,1
99.5,100.0,99.69,89.37,99.48,89.37,84.83,59.7,2,0,2,6,0
37.06,32.08,31.99,41.97,69.5,42.35,33.29,8.8,5,4,5,5,2
60.2,41.29,43.19,65.54,83.59,74.22,59.22,53.2,3,2,1,10,2
94.9,98.52,93.25,79.89,79.99,81.11,74.5,57.6,3,0,0,5,0
31.68,20.8,22.01,56.53,63.32,57.2,51.69,17.9,2,4,3,9,2
34.2,37.07,29.27,67.16,56.78,52.99,45.86,44.2,3,5,7,3,2
97.62,100.0,95.68,84.32,100.0,93.23,88.14,78.7,1,0,0,7,0
99.5,100.0,100.0,89.65,96.32,97.51,90.54,95.1,0,0,2,5,0
85.04,73.92,76.14,65.7,74.65,72.03,72.96,48.9,4,2,2,7,2
45.89,45.79,47.88,51.11,70.12,52.45,38.42,18.5,2,3,3,4,2
96.18,98.63,89.57,100.0,91.77,86.06,81.02,59.0,5,1,2,11,1
74.7,65.84,72.49,95.2,94.11,90.78,99.09,96.3,2,2,5,8,2
85.39,90.52,90.02,100.0,100.0,100.0,100.0,110.9,1,1,2,11,0
87.29,96.98,86.49,96.97,100.0,100.0,96.57,80.4,3,2,9,13,2
99.5,100.0,97.07,95.42,81.84,74.45,68.06,50.9,3,0,0,13,0
85.93,95.37,85.76,91.65,100.0,97.72,91.86,59.5,1,1,1,11,0
82.13,79.3,83.03,74.79,89.75,81.12,70.42,50.2,2,1,5,5,2
94.75,100.0,97.87,95.64,100.0,97.66,98.58,107.2,1,0,1,13,0
45.29,51.09,50.67,58.24,64.58,57.19,49.33,45.2,5,2,5,7,2
85.99,74.13,80.83,84.32,90.5,82.61,82.9,37.5,4,1,3,7,1
99.5,100.0,93.53,100.0,100.0,100.0,100.0,99.4,2,0,2,5,0
15.59,17.98,12.02,28.17,49.91,33.85,48.44,5.0,2,2,11,4,2
86.72,95.32,84.52,98.16,100.0,99.17,87.3,83.0,4,0,5,5,2
53.91,46.64,47.67,54.17,62.9,46.39,32.04,25.0,3,4,4,5,2
77.75,73.19,73.64,100.0,96.37,99.86,94.66,67.3,0,1,0,11,0
74.12,76.32,73.05,89.85,88.81,98.52,96.36,93.6,2,2,1,5,1
78.25,78.6,77.75,83.37,92.43,99.36,96.46,75.6,1,0,6,9,2
99.5,100.0,92.16,100.0,100.0,100.0,97.86,99.0,3,0,0,9,0
69.92,79.96,76.95,84.68,88.36,81.81,97.47,76.8,4,2,8,10,2
80.53,76.54,80.09,63.73,78.16,63.86,59.33,37.9,6,3,1,10,2
77.24,69.46,72.72,70.64,80.5,71.69,56.65,56.5,2,0,2,4,1
69.75,54.33,61.64,82.9,86.6,68.1,75.66,57.8,3,0,6,11,2
78.13,82.8,77.77,84.72,82.75,74.54,72.72,64.9,2,2,2,3,1
72.83,76.85,72.84,81.11,74.3,72.01,70.97,63.5,4,0,2,12,1
64.77,44.66,58.86,63.04,71.21,54.9,53.98,42.6,4,3,5,7,2
90.96,100.0,93.71,100.0,100.0,100.0,100.0,116.4,5,0,3,12,1
56.25,65.33,60.78,83.9,89.72,72.1,76.32,64.1,0,0,4,2,1
93.15,73.68,86.03,79.08,96.64,81.76,69.18,70.5,5,0,2,12,1
90.72,91.13,88.43,100.0,100.0,100.0,99.31,97.5,1,0,4,9,0
60.75,80.72,61.85,78.48,85.89,83.89,94.11,66.9,3,3,5,9,2
90.93,91.95,96.77,82.98,100.0,72.47,71.97,55.8,9,1,3,9,1
96.65,100.0,100.0,77.36,80.05,82.71,75.97,51.3,3,2,1,5,1
54.91,49.01,57.77,52.6,64.19,36.23,47.17,5.0,5,1,9,5,2
84.68,97.45,87.5,90.89,92.77,95.0,87.74,71.0,4,0,3,8,1
86.87,89.98,89.37,91.1,100.0,100.0,98.72,111.7,1,2,5,5,2
77.87,73.54,73.75,79.26,84.12,74.55,78.9,94.2,2,1,6,3,2
69.69,60.06,68.64,82.15,85.64,83.07,74.42,76.9,3,2,4,10,2
75.89,84.45,85.41,89.28,88.37,94.37,84.38,70.5,1,1,2,9,1
90.47,88.04,95.6,89.55,92.28,94.88,93.16,90.0,2,0,1,2,0
67.7,59.53,64.73,76.89,76.56,87.13,66.22,78.0,7,2,1,4,2
81.37,69.0,79.61,67.9,88.13,73.63,50.06,44.0,3,3,3,7,2
94.97,98.34,98.31,99.9,100.0,87.57,79.14,71.0,2,1,0,7,0
93.2,96.82,95.13,71.97,78.86,68.42,54.6,43.9,4,3,5,2,2
53.36,46.91,52.63,55.29,65.62,42.8,46.8,36.6,4,4,1,12,2
46.66,34.14,38.81,42.95,56.8,39.71,14.13,5.0,4,5,5,8,2
99.5,100.0,93.54,83.55,97.77,100.0,86.7,78.7,4,0,1,12,0
92.29,82.87,90.44,87.49,93.43,100.0,84.22,74.7,3,1,2,3,1
95.74,100.0,92.97,75.11,84.71,72.15,64.42,24.4,3,2,2,2,1
99.5,95.19,94.47,100.0,100.0,92.82,92.38,76.9,1,0,1,11,0
76.4,82.1,76.8,100.0,100.0,98.36,93.7,72.9,4,0,9,9,2
18.53,14.22,22.91,41.66,52.03,44.04,41.53,20.4,3,7,8,12,2
99.5,100.0,99.42,83.75,87.36,80.71,67.19,57.0,5,0,0,7,1
90.92,82.64,84.25,98.73,96.43,86.14,100.0,64.9,1,0,3,13,0
51.45,47.87,45.15,53.02,63.14,49.49,57.95,18.5,3,2,5,6,2
56.26,50.11,53.21,65.27,81.96,62.57,44.26,40.9,1,3,5,12,2
99.5,100.0,98.83,85.26,97.77,77.41,94.9,73.8,3,0,2,11,0
67.9,63.15,61.42,79.8,78.56,76.3,72.44,54.9,1,1,6,6,2
52.76,34.18,46.23,52.99,69.21,65.07,54.51,40.5,5,5,7,4,2
76.65,82.3,72.22,82.74,92.04,89.3,79.75,83.7,4,1,2,10,1
87.19,85.74,82.32,64.27,84.2,79.64,70.07,20.5,5,1,2,9,1
69.54,88.45,82.17,100.0,100.0,100.0,91.12,99.5,1,4,2,9,1
99.5,100.0,95.01,90.99,97.73,100.0,88.94,76.2,1,0,0,9,0
70.7,71.31,70.39,100.0,100.0,96.38,98.08,89.6,0,1,2,6,0
89.76,100.0,95.18,98.47,100.0,98.17,97.58,118.4,0,1,3,11,0
76.81,76.29,83.88,73.92,81.9,65.87,64.16,41.5,4,1,1,3,1
30.29,31.21,36.72,65.81,62.24,53.66,52.5,33.9,3,4,3,9,2
96.72,94.81,98.58,89.11,94.0,82.58,67.63,68.8,2,0,1,5,0
67.06,68.3,63.21,96.79,90.07,100.0,91.89,81.0,2,0,5,9,2
99.5,100.0,95.85,100.0,100.0,100.0,100.0,143.6,0,0,2,4,0
99.5,100.0,97.76,100.0,100.0,100.0,100.0,96.3,0,1,3,13,0
67.5,47.43,69.61,65.89,78.97,54.3,52.69,25.5,6,2,3,9,2
92.34,99.12,96.89,100.0,89.27,78.36,64.63,89.1,5,0,1,2,1
55.09,47.21,51.86,78.76,82.22,62.28,64.81,37.2,6,3,3,11,2
81.92,88.27,85.07,82.32,95.22,100.0,86.35,94.4,2,1,4,9,1
67.69,59.86,70.15,83.74,92.07,87.3,75.08,79.2,1,2,10,9,2
88.36,93.77,87.96,70.73,89.67,70.3,59.54,45.9,0,0,3,5,0
98.92,100.0,99.61,78.22,96.67,73.5,79.67,92.7,5,2,1,2,1
48.77,41.14,44.94,69.46,75.64,79.23,68.55,42.1,2,0,9,8,2
72.46,75.17,70.57,64.2,83.29,73.27,79.55,64.2,3,1,4,11,2
74.05,82.62,76.28,100.0,100.0,100.0,100.0,106.9,2,0,5,13,2
42.78,36.22,41.67,36.49,41.19,29.34,26.53,5.0,7,1,6,5,2
99.5,100.0,100.0,100.0,100.0,100.0,100.0,126.5,1,0,2,13,0
62.59,57.42,66.19,88.4,83.7,85.27,92.3,77.5,4,2,2,7,2
99.5,99.18,96.86,90.64,100.0,88.68,88.76,63.0,4,0,4,8,1
79.58,78.17,79.97,72.71,73.36,56.62,51.41,39.6,1,3,1,5,2
58.85,72.71,59.32,73.6,89.19,92.68,75.83,72.2,2,1,6,5,2
38.72,35.63,37.22,52.96,61.79,64.34,52.89,30.1,4,2,4,11,2
72.84,73.27,66.82,53.56,77.93,54.28,49.66,5.0,5,2,3,2,2
78.42,77.76,80.05,95.96,93.1,96.69,93.14,114.7,1,1,3,4,1
99.5,100.0,100.0,100.0,100.0,100.0,100.0,118.2,0,0,4,6,0
91.64,88.12,94.41,88.49,93.26,76.1,79.62,40.6,3,1,3,8,1
84.56,81.97,81.99,71.4,80.81,77.18,64.37,38.6,3,1,1,12,1
98.68,100.0,100.0,100.0,100.0,100.0,100.0,134.1,0,0,4,11,0
61.54,58.68,54.49,79.37,80.2,69.86,70.16,64.0,2,3,10,10,2
58.7,52.93,58.24,56.36,62.7,53.46,63.0,47.6,4,4,6,10,2
81.14,86.02,93.14,55.62,86.03,75.13,71.17,21.1,9,2,4,5,2
89.18,88.75,90.71,98.35,95.85,81.27,100.0,89.3,6,0,2,11,1
91.16,86.39,88.26,71.57,84.95,68.29,64.96,70.4,5,0,4,9,2
52.82,44.59,48.33,65.85,51.51,47.02,45.93,51.3,5,1,4,10,2
60.79,76.34,67.77,79.09,74.32,84.08,82.23,61.2,2,1,6,4,2
97.63,100.0,98.31,75.61,90.47,85.99,71.46,75.2,2,0,5,9,2
60.19,75.28,63.97,72.66,78.74,71.84,74.4,84.0,3,2,6,11,2
31.11,17.72,25.35,64.8,68.27,79.02,42.5,43.0,6,4,10,7,2
99.5,100.0,92.97,94.54,96.51,79.7,73.32,41.2,2,0,0,8,0
64.96,61.51,66.53,79.72,71.29,79.55,60.78,61.6,1,5,4,7,2
77.45,80.51,82.85,100.0,100.0,83.67,87.32,72.7,0,2,3,5,1
43.21,24.72,38.9,40.77,66.3,26.78,61.09,14.3,2,2,5,11,2
54.39,63.85,56.52,80.59,76.5,82.29,66.66,61.0,0,2,4,4,2
81.38,73.85,79.89,91.93,100.0,95.27,95.51,78.0,4,0,3,10,1
99.5,100.0,100.0,100.0,94.37,100.0,88.67,88.0,1,1,2,7,0
69.92,71.8,69.37,97.55,90.35,98.12,93.99,93.5,3,3,5,3,2
38.12,24.68,37.55,53.59,48.35,36.02,29.94,11.7,2,2,9,6,2
99.5,100.0,100.0,97.91,100.0,100.0,100.0,116.5,2,0,2,13,0
89.17,95.66,95.58,100.0,96.13,100.0,100.0,103.8,1,0,0,3,0
99.5,100.0,100.0,100.0,100.0,96.89,100.0,113.5,2,0,3,4,0
81.53,84.15,76.44,90.53,93.06,82.12,78.2,80.8,4,2,2,8,1
66.07,49.37,50.76,67.81,69.65,70.37,63.97,70.3,1,2,6,12,2
99.5,89.35,93.61,92.74,94.43,89.41,100.0,110.7,1,0,0,12,0
44.22,28.28,34.72,70.87,67.54,70.98,58.35,33.0,7,2,8,5,2
53.31,51.72,52.38,48.16,68.86,36.52,38.9,5.0,6,2,6,6,2
95.65,100.0,92.61,60.07,87.78,52.17,51.83,38.9,4,0,1,2,1
73.19,72.21,68.16,90.38,85.34,80.65,84.52,85.6,4,3,1,11,2
26.39,26.78,18.31,54.8,64.95,59.08,48.4,24.8,6,3,9,8,2
54.79,44.91,45.43,34.56,51.03,30.74,18.58,5.0,3,5,4,9,2
66.22,75.91,68.04,78.69,85.68,89.43,66.25,63.7,4,0,4,6,2
95.38,100.0,94.68,84.8,91.09,80.34,78.06,69.6,2,0,2,7,0
89.09,85.13,91.67,94.8,96.28,96.24,90.4,101.2,3,0,2,11,0
82.32,82.56,81.04,75.28,78.08,76.53,69.55,56.4,6,0,5,10,2
99.5,100.0,93.19,100.0,100.0,100.0,98.0,96.8,1,0,5,2,2
74.4,83.75,76.73,94.11,97.48,84.05,84.33,101.8,5,1,3,13,1
50.03,56.15,54.17,73.57,77.96,86.17,61.13,47.4,2,3,6,5,2
75.99,75.67,66.33,65.07,94.32,78.01,60.14,57.6,5,4,5,10,2
84.43,92.69,92.35,88.27,96.47,95.34,84.42,60.9,1,1,2,2,0
93.44,86.34,92.36,89.92,94.76,80.58,65.42,77.4,1,1,1,3,0
50.63,33.77,49.75,57.92,51.26,43.88,34.26,5.6,3,3,2,5,2
96.59,100.0,99.71,96.91,100.0,82.33,86.83,65.0,4,0,1,3,0
98.6,100.0,97.34,100.0,100.0,99.84,100.0,95.9,1,0,2,4,0
36.44,47.38,40.27,79.11,70.41,67.85,66.16,65.1,1,6,8,4,2
75.59,70.34,71.59,59.01,72.39,65.33,59.02,35.7,4,1,6,5,2
96.53,90.95,97.65,88.69,98.5,76.84,84.23,59.5,2,1,0,12,0
38.37,32.65,33.0,61.78,65.13,54.28,45.39,34.9,2,0,8,3,2
86.72,100.0,93.05,100.0,82.41,94.46,100.0,76.1,3,1,5,10,2
56.46,47.82,57.7,68.66,79.44,55.87,64.69,27.6,3,3,5,11,2
41.13,37.67,40.66,66.51,64.59,63.99,62.28,51.9,6,4,6,4,2
82.47,96.12,87.91,98.57,93.56,94.23,100.0,80.7,2,1,4,13,1
77.59,81.09,80.54,97.71,80.67,83.38,90.79,62.0,7,0,1,12,1
99.5,100.0,96.89,100.0,100.0,100.0,100.0,100.2,2,0,3,10,0
60.66,64.32,53.31,71.45,81.38,67.54,49.14,16.2,3,1,5,2,2
66.72,61.68,60.79,70.1,67.12,62.15,66.63,22.8,2,2,5,4,2
73.9,76.23,71.61,65.12,83.06,70.38,65.57,56.0,4,1,7,4,2
50.3,31.42,44.43,81.33,79.38,67.67,66.59,26.3,2,4,4,13,2
99.5,93.75,93.66,100.0,100.0,100.0,100.0,131.5,2,0,1,2,0
82.03,81.99,78.88,67.74,84.05,85.71,72.2,66.0,1,1,4,12,1
61.17,73.92,69.0,80.45,77.54,88.41,89.69,53.3,2,2,3,2,2
49.12,46.91,49.82,77.31,72.33,68.11,64.81,40.9,2,0,5,6,2
93.39,96.4,99.32,85.43,84.89,100.0,90.63,76.3,1,0,1,4,0
56.87,57.59,56.7,75.53,83.22,72.78,53.13,48.6,0,0,1,9,1
67.15,57.42,57.31,43.83,51.94,40.0,42.49,5.0,4,1,2,13,2
96.96,96.98,100.0,100.0,100.0,100.0,100.0,126.3,0,1,8,2,2
74.38,76.91,77.76,57.96,71.27,60.65,69.1,14.1,3,1,2,9,2
91.82,95.95,91.01,83.35,88.73,86.86,81.39,86.4,3,0,1,13,0
95.05,100.0,100.0,100.0,100.0,100.0,98.31,84.2,2,0,1,3,0
59.66,44.59,54.7,42.01,64.99,47.12,44.38,11.2,1,1,8,13,2
99.5,100.0,100.0,74.99,93.07,83.88,76.4,77.5,3,0,2,8,0
63.38,56.82,61.81,60.29,71.77,51.98,46.02,44.6,4,4,1,6,2
77.87,89.03,80.42,75.23,80.31,71.16,70.18,70.9,3,2,3,12,2
99.5,90.05,97.0,94.81,100.0,96.77,94.28,101.9,2,0,1,13,0
99.5,100.0,100.0,100.0,100.0,96.83,90.34,92.5,4,0,3,7,0
87.89,100.0,89.32,78.61,85.97,89.89,71.53,45.6,3,2,5,5,2
98.18,100.0,99.07,91.85,91.62,93.62,84.73,53.1,2,0,4,10,0
63.82,44.59,51.69,75.74,80.67,72.62,74.05,50.9,1,3,1,7,2
99.5,100.0,100.0,100.0,100.0,100.0,100.0,105.3,0,0,1,11,0
68.54,68.45,68.71,71.3,70.92,79.76,64.26,51.4,4,2,4,8,2
82.08,94.86,89.46,84.73,85.24,78.29,89.61,54.9,5,0,3,11,1
91.13,94.33,96.36,96.93,99.06,100.0,100.0,71.1,3,1,3,7,1
73.12,83.7,74.48,79.09,98.26,89.74,100.0,65.9,2,4,6,12,2
54.59,54.32,55.23,70.06,79.26,65.71,47.72,30.7,5,2,3,3,2
66.42,63.29,66.14,64.32,76.85,71.43,76.33,33.0,4,3,5,12,2
67.68,72.88,67.07,72.31,81.52,64.36,73.2,51.2,4,1,3,11,2
78.48,80.09,75.1,48.77,73.09,53.33,48.23,55.5,6,3,4,2,2
85.87,88.89,93.13,92.65,99.52,96.37,88.24,85.2,0,0,2,12,0
95.74,94.48,93.58,81.77,100.0,89.92,94.83,93.8,0,0,3,8,0
40.37,18.12,30.22,32.49,51.46,28.86,40.32,20.7,5,4,4,11,2
85.53,88.15,85.51,66.21,80.58,77.34,80.51,53.7,2,1,0,9,1
52.21,39.77,49.51,34.57,59.95,38.81,46.36,17.0,6,2,4,7,2
67.07,73.81,67.73,90.33,84.34,79.94,83.5,63.7,5,2,1,9,2
60.41,65.14,59.08,80.5,85.19,100.0,62.67,53.3,1,1,5,7,2
53.94,55.37,55.09,69.82,72.31,78.27,65.32,37.8,2,4,7,3,2
57.97,49.16,57.45,49.59,64.56,39.54,32.47,33.2,3,3,2,7,2
89.4,86.36,90.07,100.0,100.0,100.0,100.0,86.1,2,0,3,10,0
66.29,70.4,65.36,76.97,75.11,67.33,73.6,56.7,3,1,7,8,2
79.94,84.74,77.39,65.46,76.05,60.04,61.45,35.8,3,0,3,12,1
95.83,100.0,93.55,89.39,89.24,88.83,89.66,81.0,2,0,4,3,0
37.4,29.08,35.56,62.53,64.35,66.72,57.74,45.8,4,2,9,3,2
90.27,89.7,92.17,100.0,100.0,100.0,100.0,121.9,3,0,1,3,0
88.51,84.64,85.1,78.18,90.69,100.0,91.61,55.4,2,1,0,3,0
62.34,50.65,55.71,35.63,57.31,20.45,28.93,5.0,6,3,3,9,2
23.73,21.59,18.09,36.53,64.11,40.96,20.86,18.3,5,0,5,12,2
98.56,100.0,98.83,89.09,91.24,94.01,95.08,91.2,3,0,1,10,0
43.28,49.74,48.48,54.18,60.86,47.5,43.44,40.3,5,3,6,6,2
88.64,96.81,89.04,95.14,95.41,99.47,100.0,77.2,2,0,5,5,2
81.93,74.47,83.29,77.29,94.35,74.65,76.14,39.9,2,1,4,10,1
92.27,100.0,91.01,100.0,100.0,100.0,100.0,122.5,2,0,2,12,0
75.2,52.81,63.52,54.55,71.54,42.58,42.86,24.2,5,5,4,11,2
81.18,81.8,80.78,84.9,89.87,80.06,79.6,74.2,2,0,1,3,1
85.65,85.72,86.3,99.27,99.56,79.56,96.04,83.1,2,0,2,10,0
80.57,90.01,83.16,93.65,94.09,100.0,99.42,88.5,0,1,2,8,0
83.95,95.06,89.23,100.0,100.0,100.0,96.29,107.6,1,0,1,5,0
78.09,77.47,78.75,95.31,100.0,93.69,86.74,54.1,2,0,2,3,0
88.73,87.0,92.81,85.46,100.0,87.38,85.16,85.3,2,0,3,9,0
65.58,67.81,66.71,85.26,91.78,78.16,76.73,77.7,2,0,2,7,1
86.38,92.28,87.29,82.57,85.45,67.36,82.15,73.0,3,1,1,7,1
83.29,87.45,86.48,73.01,92.57,74.63,52.83,39.5,3,0,2,11,1
99.5,100.0,92.57,90.03,100.0,100.0,100.0,84.3,3,0,2,11,0
99.5,100.0,94.19,100.0,93.83,95.88,92.37,102.9,2,0,1,6,0
70.84,65.9,72.55,83.27,87.05,86.92,76.31,80.5,2,5,5,3,2
87.77,83.98,84.17,100.0,90.38,92.37,78.96,83.5,3,0,1,4,0
79.53,71.82,73.4,92.16,100.0,99.65,91.82,102.1,2,2,5,12,2
79.79,75.8,80.02,91.27,86.72,73.45,79.6,67.3,3,0,5,12,2
86.27,100.0,90.96,93.82,100.0,97.32,88.26,75.1,1,0,1,10,0
99.5,100.0,100.0,98.68,98.32,92.44,86.84,90.6,2,0,1,9,0
68.79,67.93,66.79,38.67,61.96,58.21,43.58,41.6,6,2,3,2,2
66.13,69.06,72.32,49.01,65.58,51.53,52.14,29.8,12,0,1,13,2
75.76,80.6,76.2,64.34,82.38,54.41,70.5,32.6,2,1,1,6,1
98.75,100.0,100.0,90.58,96.67,91.99,85.68,77.3,1,0,0,6,0
78.41,61.86,72.46,86.64,77.16,79.07,58.35,53.3,0,1,4,6,1
77.23,91.84,79.5,63.59,71.84,69.67,50.27,25.2,3,3,6,10,2
46.51,45.74,45.92,78.7,81.5,86.14,89.09,46.6,3,4,8,3,2
81.48,77.98,80.58,69.81,76.95,71.23,43.12,70.1,2,0,1,12,1
53.69,66.88,58.31,61.83,85.39,86.17,70.69,65.4,1,1,4,4,2
99.5,100.0,96.56,88.42,94.15,95.68,88.82,99.5,2,1,3,10,0
67.64,86.94,80.7,91.66,83.15,71.64,90.89,72.4,1,3,2,4,1
60.24,50.91,57.67,71.4,75.02,64.77,52.68,21.4,2,3,6,7,2
72.88,80.78,67.07,79.46,75.0,81.97,73.1,49.6,4,1,5,5,2
53.57,49.07,52.67,66.51,74.48,57.37,68.42,27.7,5,1,3,5,2
50.52,41.88,49.26,49.91,53.83,29.55,20.63,10.8,6,1,3,2,2
50.81,52.24,43.34,100.0,93.28,100.0,100.0,101.5,2,3,8,13,2
78.43,74.62,74.14,78.03,83.87,68.19,66.64,38.8,2,0,3,6,1
99.5,100.0,100.0,100.0,100.0,100.0,100.0,94.6,2,0,0,13,0
74.76,79.36,77.15,84.07,86.33,73.63,94.19,60.0,3,1,4,10,1
45.32,42.93,45.06,63.38,67.56,40.04,40.21,28.0,6,2,3,7,2
58.63,51.68,51.19,85.99,94.58,80.99,92.55,69.7,2,3,6,7,2
79.01,70.15,72.22,88.67,100.0,97.38,80.46,65.0,2,0,1,9,0
78.73,71.83,70.67,82.59,82.28,80.89,69.21,56.4,3,2,5,8,2
88.69,93.2,82.85,100.0,100.0,100.0,99.23,98.8,1,2,4,8,1
66.97,67.11,56.79,77.77,80.62,82.25,79.68,46.4,3,2,2,2,2
91.78,99.48,100.0,100.0,92.51,88.81,94.3,83.3,0,0,3,6,0
98.1,100.0,95.91,93.58,95.39,91.5,91.48,73.0,4,0,5,10,2
91.18,100.0,95.66,74.89,83.19,74.0,74.49,72.4,2,2,2,10,1
99.39,100.0,100.0,100.0,100.0,100.0,100.0,117.3,0,0,3,13,0
99.5,100.0,100.0,100.0,100.0,100.0,100.0,104.5,0,0,1,11,0
65.32,72.4,67.63,77.71,88.35,83.2,77.43,75.6,3,2,1,2,1
88.33,97.03,93.07,100.0,100.0,100.0,99.47,104.9,0,1,0,4,0
99.5,100.0,100.0,100.0,100.0,100.0,100.0,122.3,1,0,2,9,0
98.54,100.0,99.32,100.0,97.84,95.99,90.81,79.8,2,0,4,8,0
88.58,89.65,83.15,90.68,100.0,85.68,91.91,60.3,2,0,2,5,0
61.73,68.72,59.99,57.57,75.07,51.33,55.8,16.1,0,0,6,11,2
84.5,77.48,78.04,87.61,100.0,94.64,98.99,82.3,1,0,3,6,0
99.5,100.0,98.89,100.0,97.76,96.41,83.14,111.7,1,1,1,7,0
72.03,63.78,64.07,68.45,76.36,58.15,55.65,27.0,2,1,4,7,2
96.59,100.0,95.49,93.46,98.35,90.36,91.97,98.1,3,0,3,3,0
98.0,100.0,98.08,90.01,94.17,100.0,97.83,62.9,0,0,0,12,0
75.86,77.05,80.23,95.43,96.37,94.69,83.44,77.7,2,0,3,8,1
80.46,75.7,75.04,76.74,81.67,73.76,79.72,33.5,3,1,2,7,1
91.91,89.37,93.28,87.41,86.59,100.0,71.06,66.4,7,0,5,9,2
39.71,30.48,37.14,26.08,63.08,26.1,21.05,5.0,2,3,7,5,2
88.69,93.48,93.24,71.91,91.9,77.6,83.16,70.0,4,0,3,13,1
99.5,100.0,90.11,100.0,100.0,100.0,100.0,132.4,2,0,1,5,0
56.37,53.55,48.1,66.61,80.68,59.08,62.76,25.4,5,1,5,5,2
88.56,80.58,79.37,100.0,97.29,87.3,93.93,62.6,4,0,3,13,1
75.57,78.13,81.9,59.2,79.6,69.11,64.55,81.5,2,3,3,2,2
66.59,52.12,57.93,76.61,86.88,52.24,51.57,71.7,3,0,6,6,2
99.31,100.0,94.84,93.28,100.0,91.53,91.41,83.4,0,1,3,13,0
51.81,48.36,49.98,30.05,60.92,23.87,23.32,5.0,3,4,5,7,2
71.45,70.6,79.34,100.0,91.37,100.0,100.0,79.0,2,1,3,12,1
95.8,88.65,90.32,100.0,90.63,99.12,98.09,75.0,0,0,2,3,0
79.23,65.89,71.46,49.71,70.49,39.39,50.32,7.0,8,1,3,11,2
55.73,50.6,57.57,47.79,67.09,50.67,34.26,17.7,5,2,2,9,2
96.24,92.21,95.64,81.5,85.75,88.85,83.69,60.5,1,0,1,2,0
72.45,79.9,75.22,85.94,92.12,86.05,77.17,67.8,2,0,2,8,1
76.34,85.76,78.0,71.88,83.1,86.84,89.73,104.3,3,2,3,7,1
56.39,48.81,54.63,63.47,74.99,58.29,64.09,35.5,1,1,8,8,2
78.6,88.69,71.61,89.21,91.27,87.14,93.2,73.3,3,2,2,10,1
54.69,65.29,59.76,78.74,78.12,84.39,83.49,80.0,4,2,9,5,2
95.17,100.0,91.93,97.77,92.85,100.0,77.26,83.0,3,1,1,6,0
70.97,72.29,77.25,65.09,78.37,67.69,68.35,45.5,2,1,6,5,2
75.43,72.0,78.25,77.89,92.11,88.64,79.33,34.9,4,1,3,7,1
69.39,90.25,80.32,94.77,90.32,99.01,73.03,115.9,3,2,1,9,1
65.03,56.33,69.6,67.86,74.97,65.16,75.52,58.0,5,3,7,12,2
48.42,34.88,53.85,36.14,57.57,42.87,23.92,8.0,5,2,3,11,2
37.87,41.21,39.06,59.9,68.99,71.51,55.74,52.4,4,1,5,11,2
98.47,99.72,99.05,94.51,92.08,84.16,85.92,93.4,3,1,1,2,0
90.83,93.84,94.79,99.86,85.45,95.86,99.45,81.8,0,1,3,8,0
93.63,84.01,92.39,88.4,82.82,84.16,75.5,86.2,6,1,1,9,1
46.71,28.36,30.14,16.51,40.83,8.34,5.0,5.0,6,6,2,9,2
43.91,61.0,49.22,65.12,74.21,68.82,51.25,20.9,3,1,13,12,2
96.52,100.0,94.15,100.0,100.0,100.0,100.0,89.4,0,0,1,9,0
86.29,100.0,93.05,100.0,93.34,100.0,100.0,77.1,1,0,1,2,0
51.75,47.34,51.78,80.06,74.51,69.93,58.3,56.0,7,5,5,3,2
28.47,18.41,24.61,58.47,75.45,68.57,82.24,33.2,4,6,5,7,2
80.36,78.72,76.84,91.43,89.2,96.74,97.81,81.3,1,2,4,8,1
69.89,72.08,68.45,71.72,79.22,42.83,51.58,32.5,2,2,4,12,2
75.03,60.15,76.64,87.87,88.51,94.64,65.58,67.1,0,0,3,2,1
50.22,60.35,44.32,74.18,76.99,64.73,57.8,29.0,7,2,6,6,2
64.98,68.21,78.29,72.18,75.9,79.25,79.77,45.0,3,3,5,9,2
78.57,76.89,85.34,64.81,85.02,86.41,64.7,38.6,1,1,3,13,1
63.81,58.57,61.08,80.44,81.56,70.5,71.43,63.7,2,0,1,4,1
62.87,58.59,63.75,77.86,85.12,60.23,78.97,64.2,2,3,5,10,2
65.26,73.1,67.72,68.39,78.18,77.59,51.13,60.2,3,3,6,3,2
65.64,55.84,61.17,86.23,86.63,89.59,70.56,56.7,1,0,7,7,2
37.89,30.38,33.15,49.83,45.83,39.33,36.61,20.1,1,5,6,3,2
59.33,65.51,58.93,56.94,64.85,74.22,57.03,33.2,6,1,4,8,2
98.86,85.94,96.72,91.88,98.73,78.17,83.51,60.7,1,0,3,13,0
99.5,97.87,95.35,77.14,100.0,84.12,66.53,43.5,1,0,2,11,0
80.52,69.2,76.4,81.06,83.27,73.84,74.62,58.6,9,2,2,6,2
77.56,70.29,73.12,78.85,100.0,76.75,78.72,69.6,1,2,6,2,2
59.46,61.76,68.09,79.81,80.3,74.14,76.17,63.9,3,4,4,7,2
66.97,62.51,69.56,41.24,64.24,37.79,20.27,34.8,7,2,1,9,2
99.5,100.0,96.67,92.47,100.0,99.18,75.58,61.5,1,0,2,10,0
96.81,90.52,99.57,100.0,100.0,96.0,86.69,100.7,6,1,2,4,1
47.63,32.69,43.47,49.81,62.09,36.8,32.3,14.6,3,3,8,4,2
54.17,53.57,58.34,56.96,61.37,52.41,50.9,26.8,2,2,4,4,2
81.17,86.42,86.92,97.36,90.52,96.87,84.05,98.4,1,2,6,7,2
99.5,96.11,92.41,100.0,100.0,91.56,85.43,86.0,0,0,0,2,0
89.61,94.47,93.69,100.0,100.0,100.0,100.0,107.5,2,0,1,5,0
84.96,95.22,88.57,96.55,100.0,87.05,100.0,68.8,4,0,0,8,0
69.87,72.82,78.72,81.93,90.07,82.07,84.46,59.0,2,1,2,13,1
87.24,80.06,80.74,84.56,85.98,79.6,73.49,42.0,4,1,3,12,1
87.09,88.83,90.58,80.79,84.53,72.27,68.55,64.7,3,0,2,8,1
79.1,77.79,73.7,89.51,95.94,93.79,92.29,98.1,7,0,1,10,1
69.81,63.53,76.08,69.08,76.69,74.68,64.03,39.3,6,2,3,10,2
75.95,79.76,79.67,98.27,92.12,80.29,82.48,75.9,3,1,3,6,1
99.5,100.0,97.56,100.0,98.3,100.0,99.31,96.1,0,0,1,12,0
99.5,100.0,100.0,91.29,95.5,83.67,100.0,62.8,1,1,4,6,0
93.18,100.0,100.0,92.18,98.82,100.0,87.14,77.8,3,0,4,3,0
32.94,45.23,39.22,53.51,72.08,49.44,35.93,19.6,3,4,5,7,2
82.91,75.55,79.3,94.69,93.35,94.68,94.08,100.2,4,1,2,2,1
64.04,56.48,56.48,66.48,81.92,67.72,79.25,60.1,3,2,3,12,2
61.6,65.38,58.97,57.36,76.59,56.51,51.06,32.6,3,4,4,3,2
51.47,34.36,39.78,54.65,63.86,38.97,28.3,19.0,7,1,5,8,2
70.04,73.77,75.97,84.3,90.93,98.2,88.45,57.0,4,2,6,12,2
93.69,100.0,100.0,97.69,100.0,83.04,100.0,127.0,1,0,4,12,0
40.85,29.49,32.07,45.71,55.89,46.66,49.84,5.0,6,1,8,4,2
71.78,73.12,77.16,80.52,79.3,90.2,81.21,94.1,0,1,3,4,1
57.73,46.59,52.19,58.71,68.06,67.54,49.17,32.0,6,2,6,10,2
95.03,100.0,94.48,100.0,94.28,97.14,100.0,95.6,2,0,6,13,2
42.49,28.19,38.84,60.33,68.8,70.1,70.02,68.3,3,1,4,2,2
51.74,43.89,48.35,66.77,73.65,65.99,60.56,64.1,1,3,2,13,2
78.44,71.52,68.45,85.65,88.47,88.38,94.21,70.0,3,1,2,13,1
66.99,63.56,64.14,75.25,64.25,67.91,79.08,40.4,4,2,4,11,2
71.15,85.7,71.02,63.42,82.84,80.68,85.13,44.1,3,1,1,11,1
65.3,66.84,58.77,58.91,75.63,65.65,57.88,41.1,7,4,5,3,2
82.76,86.31,81.45,79.83,93.06,79.26,80.22,54.8,2,0,1,8,0
96.15,97.96,96.35,74.29,92.72,78.11,63.07,74.1,2,2,2,3,1
68.21,67.92,62.54,82.4,84.81,67.03,67.88,40.6,3,3,5,9,2
97.78,100.0,98.77,88.46,80.44,89.79,89.89,55.6,5,0,3,2,1
60.75,62.55,61.68,54.97,67.14,49.09,44.69,23.5,3,4,9,13,2
95.63,93.61,97.58,100.0,100.0,100.0,100.0,124.1,1,0,2,12,0
77.61,87.47,80.47,81.21,80.99,86.64,71.07,58.5,6,2,2,11,2
99.5,100.0,100.0,76.84,100.0,95.17,84.1,79.9,2,0,3,13,0
90.2,97.57,96.15,93.33,93.34,99.97,83.1,88.0,4,0,2,6,0
84.67,70.06,72.81,77.82,82.92,76.57,68.28,41.3,2,1,1,13,1
87.9,92.94,96.78,100.0,99.44,86.79,91.95,83.9,3,0,3,8,0
87.94,89.36,93.36,77.97,82.0,81.38,83.14,70.0,3,0,7,13,2
79.14,74.32,76.06,77.75,79.03,71.88,63.84,65.0,3,2,2,13,2
99.5,100.0,95.75,100.0,100.0,100.0,100.0,114.7,1,0,5,10,2
81.81,72.3,81.57,88.21,84.72,88.47,80.83,61.4,2,0,3,12,1
99.5,100.0,96.86,98.44,100.0,100.0,96.17,90.6,1,0,3,7,0
85.7,76.28,77.79,72.17,84.81,80.01,68.08,48.4,1,2,3,10,1
57.37,55.7,55.29,64.34,68.2,56.41,54.4,63.2,9,3,2,5,2
88.83,91.19,94.51,79.31,86.22,79.27,89.61,40.2,3,4,2,5,1
99.5,100.0,100.0,88.02,89.03,96.51,76.26,73.9,0,0,3,10,0
99.5,100.0,100.0,94.14,93.57,70.94,89.27,69.7,3,0,2,4,0
81.18,73.88,77.4,59.7,68.66,49.58,48.52,20.0,6,3,2,2,2
40.14,34.71,37.41,52.0,64.86,47.08,42.87,27.3,3,3,10,7,2
94.2,92.05,92.74,85.93,100.0,85.11,65.03,48.5,3,0,2,7,1
66.74,58.4,60.98,70.6,72.52,69.98,69.35,48.1,1,1,0,13,1
65.76,67.9,63.86,82.3,83.2,82.99,72.32,49.4,6,2,3,6,2
55.2,53.91,52.96,70.98,76.85,57.76,65.32,31.5,4,0,6,4,2
65.59,68.73,74.29,89.8,94.48,94.63,77.57,66.5,4,0,2,12,1
28.66,22.14,22.74,78.94,75.01,69.86,48.58,27.6,1,2,4,13,2
57.85,65.4,61.6,100.0,88.92,86.31,85.85,84.2,1,0,3,4,1
34.51,31.86,35.92,50.74,64.54,26.08,47.35,10.7,9,2,6,3,2
99.5,94.55,100.0,85.3,99.83,96.57,80.78,100.2,2,0,0,13,0
69.98,71.44,71.73,61.0,71.2,67.12,63.12,27.5,4,1,3,2,2
35.13,45.43,37.93,74.69,62.01,46.22,61.37,18.1,2,4,8,4,2
42.28,30.53,33.88,54.67,64.38,68.27,54.8,21.6,3,5,4,6,2
99.5,100.0,96.11,95.14,100.0,99.54,100.0,84.7,1,1,1,12,0
47.32,51.99,49.05,89.19,74.72,75.53,83.15,44.9,4,5,4,13,2
99.5,100.0,98.46,98.67,100.0,81.21,80.11,82.6,0,1,1,2,0
69.77,82.37,74.33,100.0,95.75,100.0,100.0,60.8,0,1,3,6,0
96.21,100.0,99.97,91.71,91.84,81.85,96.78,53.9,0,0,1,6,0
58.95,54.57,54.67,70.85,59.2,49.39,45.99,8.0,2,0,5,11,2
81.34,72.04,79.31,67.33,78.59,79.69,65.79,34.3,2,1,6,11,2
71.19,70.92,75.24,100.0,83.87,96.08,83.37,57.3,2,1,5,9,2
95.29,100.0,89.78,100.0,98.98,100.0,95.9,86.3,1,1,0,6,0
92.61,86.57,91.02,76.8,98.68,71.06,78.29,61.4,0,0,1,5,0
99.5,100.0,100.0,100.0,100.0,100.0,98.77,96.4,2,0,3,9,0
50.44,48.47,51.38,39.02,62.27,38.4,43.51,7.6,3,1,3,10,2
62.51,72.15,63.67,95.58,88.68,100.0,89.48,81.1,4,3,7,3,2
80.52,86.89,85.4,72.2,79.99,63.25,72.03,32.4,6,1,3,9,2
68.91,67.47,66.26,82.53,82.01,64.34,63.94,54.8,7,1,2,10,2
69.73,71.61,73.98,83.41,90.71,86.3,76.32,63.5,4,0,5,2,2
88.21,100.0,94.58,72.28,88.28,69.86,58.65,20.5,4,3,1,7,1
91.71,100.0,100.0,64.54,83.77,56.35,54.93,27.8,0,2,3,10,1
90.07,100.0,93.43,80.99,100.0,95.5,89.35,65.6,5,2,4,5,1
80.62,88.74,85.49,99.99,84.25,82.73,96.32,76.8,3,1,1,2,1
82.07,75.17,78.09,65.99,79.62,62.01,53.97,47.1,7,1,0,9,2
56.71,55.54,56.7,64.78,83.5,54.95,68.59,28.7,3,3,3,8,2
60.79,55.18,55.26,64.16,66.53,59.32,38.29,27.2,4,1,2,6,2
94.2,100.0,100.0,86.4,90.17,75.68,79.11,86.3,2,0,1,3,0
71.79,72.03,72.83,68.29,64.63,51.61,65.94,29.3,3,1,2,10,2
81.26,86.66,83.45,73.65,80.5,73.04,79.39,62.9,5,2,5,4,2
54.49,45.5,54.71,38.21,56.96,27.06,32.42,5.0,5,3,5,7,2
97.14,83.89,98.24,98.63,100.0,94.94,81.92,86.1,4,1,1,7,1
74.45,81.69,86.29,62.0,68.98,59.61,64.77,44.5,2,1,3,6,2
99.5,96.21,94.88,54.21,91.9,64.76,53.18,44.9,3,0,1,2,1
93.56,100.0,98.8,95.9,93.35,82.24,85.39,67.8,3,1,0,5,0
99.5,98.92,100.0,73.51,84.77,84.61,75.88,51.0,2,0,1,4,0
94.75,100.0,96.41,73.3,87.77,62.88,57.63,41.4,5,0,3,6,1
86.49,81.45,82.03,70.74,85.81,85.17,61.79,51.1,4,3,2,5,2
76.19,72.09,79.34,70.24,77.25,50.45,69.42,23.9,1,2,3,11,2
95.57,100.0,93.61,100.0,100.0,96.48,100.0,94.1,1,0,4,4,0
60.49,45.33,56.38,60.64,77.07,57.78,44.23,32.6,5,2,0,8,2
38.7,35.32,34.63,54.77,60.73,39.12,45.4,29.2,4,4,4,9,2
92.53,100.0,95.57,92.49,100.0,90.43,73.19,111.3,1,2,1,2,0
66.13,67.27,60.38,69.96,69.62,73.17,54.0,44.4,2,2,7,7,2
88.38,100.0,88.66,100.0,100.0,100.0,100.0,103.3,3,0,0,11,0
99.5,98.77,91.99,100.0,100.0,100.0,94.32,96.7,1,0,1,11,0
99.5,93.86,100.0,99.11,100.0,100.0,98.41,98.8,2,0,0,7,0
94.41,88.17,86.29,96.15,99.34,80.71,98.16,50.2,3,0,0,8,0
74.82,79.73,80.22,94.91,90.96,97.46,89.14,62.6,2,2,3,2,1
58.45,66.55,58.5,80.35,79.85,59.91,60.25,44.6,2,2,7,9,2
66.62,68.41,57.79,73.08,76.58,77.39,76.79,44.0,4,1,2,5,2
46.42,43.18,46.25,91.77,71.55,73.44,68.93,45.9,1,5,2,2,2
98.25,100.0,100.0,100.0,100.0,95.71,97.39,72.0,1,0,3,7,0
96.74,100.0,94.86,100.0,92.34,91.64,89.07,89.5,1,0,5,2,2
41.96,26.36,43.41,53.55,62.68,49.36,32.61,5.0,3,2,11,5,2
42.27,47.34,52.08,59.54,73.34,66.77,64.68,51.6,1,3,6,4,2
67.18,71.06,64.36,71.5,85.6,70.97,83.02,67.5,2,1,5,3,2
84.78,89.53,79.68,93.01,86.31,80.08,66.13,81.8,8,1,2,2,1
72.0,90.46,75.88,100.0,83.86,100.0,100.0,76.5,1,0,9,5,2
98.11,100.0,100.0,91.48,92.39,100.0,90.82,88.0,1,0,2,10,0
69.6,72.32,62.57,86.12,80.93,78.28,67.1,64.5,4,0,2,7,1
97.09,95.78,98.58,100.0,100.0,100.0,98.97,67.3,2,1,1,2,0
90.42,87.23,89.59,90.74,84.63,82.52,84.56,82.3,5,3,1,3,1
99.5,97.38,96.06,73.76,100.0,73.78,77.83,63.3,3,0,3,10,1
96.26,100.0,95.71,97.13,100.0,100.0,93.98,107.9,0,0,1,3,0
95.18,94.34,94.13,83.09,93.55,91.49,86.17,57.2,1,2,5,4,2
79.2,84.05,81.4,97.12,93.71,98.33,95.27,99.3,3,0,4,4,1
64.75,65.31,71.53,91.47,90.82,82.69,82.58,79.5,3,0,3,9,1
43.53,35.82,38.94,57.24,57.33,49.25,46.53,47.8,9,2,6,4,2
56.82,46.34,52.45,53.36,79.31,53.2,37.0,17.9,5,2,5,11,2
68.91,66.12,70.33,74.4,83.17,68.96,66.07,13.1,1,1,3,2,1
82.81,81.4,78.32,100.0,96.4,100.0,100.0,106.4,1,1,1,4,0
44.06,38.08,48.21,42.27,63.35,62.44,45.06,9.9,4,6,7,12,2
54.38,48.3,48.73,55.84,71.89,47.68,51.45,35.0,2,4,6,10,2
66.75,68.18,69.18,66.52,92.99,91.27,68.07,44.0,2,3,3,13,2
95.41,100.0,96.09,100.0,100.0,100.0,94.08,103.5,0,0,3,4,0
99.5,100.0,99.71,94.78,99.49,100.0,86.96,83.3,0,1,4,3,0
73.19,57.03,75.05,66.03,75.75,63.55,54.36,43.8,3,2,2,4,2
77.68,78.85,79.17,95.99,88.46,100.0,79.96,82.3,5,1,5,10,2
94.82,94.17,91.77,100.0,100.0,98.87,90.14,99.6,0,0,3,13,0
88.44,98.08,88.38,100.0,98.84,92.09,100.0,106.9,4,0,1,2,0
74.93,80.75,82.19,80.26,80.02,66.57,68.4,64.9,1,2,3,13,1
99.5,96.32,100.0,92.58,100.0,92.91,92.24,72.0,3,0,3,4,0
67.87,72.95,67.77,81.97,93.77,89.4,85.56,89.5,2,4,3,7,2
74.8,81.22,81.64,72.06,79.29,73.21,63.68,54.6,2,1,2,13,1
78.12,81.0,75.92,73.94,82.19,84.35,71.88,60.5,2,3,3,5,2
99.5,100.0,96.18,100.0,100.0,100.0,99.95,77.2,4,0,0,4,0
53.3,48.17,50.76,38.21,53.87,31.68,20.09,10.1,3,2,5,13,2
69.75,74.04,70.17,100.0,97.91,100.0,100.0,93.1,3,1,4,9,1
76.49,86.09,73.1,90.84,89.01,83.58,74.1,77.5,1,0,2,6,0
99.5,100.0,97.62,100.0,100.0,100.0,100.0,90.0,1,0,2,7,0
97.1,95.32,98.66,75.91,92.03,72.97,72.0,66.0,1,0,0,9,0
79.55,70.26,74.48,75.74,73.7,65.6,66.31,59.4,0,5,6,9,2
73.31,77.79,74.86,93.72,90.87,82.26,97.4,57.0,1,1,2,8,1
30.26,16.7,21.0,49.54,57.23,49.79,38.41,14.0,5,5,2,12,2
76.55,71.53,75.76,83.81,82.23,88.29,70.85,77.7,5,2,5,3,2
43.65,35.73,42.59,55.77,65.33,50.45,38.55,36.5,2,3,3,9,2
45.36,38.68,48.44,53.54,60.35,44.41,32.31,31.6,4,4,3,4,2
93.94,87.47,90.18,71.36,88.84,93.19,69.63,54.6,2,2,1,5,1
64.53,63.23,62.99,68.65,84.49,78.24,75.41,56.5,4,1,6,7,2
76.22,79.53,80.01,99.58,86.45,94.54,97.92,70.3,5,0,3,4,1
52.95,45.2,49.39,68.87,74.64,56.02,50.54,33.4,4,2,1,5,2
96.15,95.93,98.59,71.04,97.61,75.36,89.03,53.6,6,1,1,11,1
74.07,78.27,78.58,74.82,81.31,76.28,57.57,57.1,2,2,2,7,1
79.29,77.54,74.34,100.0,92.02,73.02,84.51,76.8,5,0,4,13,1
19.89,14.91,13.53,48.49,66.03,43.7,21.39,25.1,4,4,5,9,2
82.07,84.35,80.61,78.72,90.83,90.15,84.49,74.5,2,0,0,4,0
80.88,91.49,78.02,88.45,90.18,85.28,79.34,65.2,2,3,3,10,1
99.5,100.0,100.0,100.0,100.0,100.0,100.0,87.6,0,0,3,3,0
79.09,78.03,73.59,76.62,84.0,78.89,73.65,66.1,4,1,1,12,1
70.51,63.39,72.42,75.36,71.77,63.86,56.89,59.9,3,1,9,13,2
62.22,66.68,59.79,87.16,81.23,74.56,72.86,79.2,5,1,5,12,2
19.58,9.1,19.91,47.36,56.0,42.65,35.08,12.2,6,3,6,4,2
66.7,54.57,66.83,79.04,74.33,74.04,58.07,51.3,1,1,3,10,2
53.19,52.12,45.85,45.98,57.41,41.78,26.67,23.3,4,6,2,9,2
99.5,96.54,97.93,81.4,84.7,81.46,77.94,65.0,3,1,2,8,1
75.54,58.95,76.07,83.21,79.59,76.57,79.4,33.2,8,0,1,2,1
99.5,100.0,100.0,74.75,87.4,75.77,69.69,44.3,0,0,0,12,0
45.76,45.19,49.16,52.99,62.05,35.61,41.88,26.3,9,5,3,6,2
92.66,93.03,93.84,85.21,100.0,100.0,99.74,100.5,3,0,5,9,2
61.67,55.47,62.87,58.16,75.43,57.45,50.99,26.5,3,2,3,9,2
33.77,24.13,35.17,20.49,39.92,22.69,5.56,5.0,8,3,8,7,2
64.64,61.13,62.57,69.55,93.07,72.68,72.33,60.9,5,2,5,13,2
87.38,93.64,89.78,92.9,96.57,100.0,100.0,92.0,1,0,4,2,0
69.2,77.46,71.09,72.86,82.55,86.12,83.09,66.1,3,1,2,6,1
96.27,100.0,92.74,84.89,98.74,100.0,87.05,102.8,1,0,1,5,0
99.5,100.0,100.0,100.0,100.0,100.0,100.0,93.4,0,0,4,3,0
64.17,50.51,59.3,65.15,75.35,54.99,63.71,46.2,4,0,3,7,2
88.01,89.2,93.5,63.5,87.17,64.65,55.05,25.4,9,2,1,9,2
85.31,84.32,92.72,92.87,78.98,90.86,80.23,44.2,2,0,2,11,1
54.98,57.22,53.69,73.97,69.46,68.03,72.55,59.6,1,0,0,5,1
99.5,94.19,95.83,100.0,100.0,97.38,100.0,73.3,3,0,0,7,0
30.3,26.69,26.46,30.58,63.69,29.52,24.13,5.0,10,2,10,11,2
58.48,52.38,61.96,79.96,88.09,80.51,63.42,65.6,7,0,5,11,2
57.63,49.75,49.14,37.92,60.42,30.97,23.72,5.0,4,1,4,6,2
50.77,55.59,53.97,63.27,66.22,58.63,65.3,50.3,2,1,4,5,2
53.44,49.7,46.08,58.02,59.61,37.57,36.45,9.5,11,2,4,2,2
82.49,92.22,92.08,99.47,100.0,92.16,90.14,118.2,4,2,3,2,1
81.08,85.16,85.55,86.63,96.26,89.01,95.73,64.8,4,0,2,7,1
87.61,83.34,83.46,96.99,95.22,100.0,100.0,116.1,0,0,0,5,0
52.08,55.0,60.39,40.19,58.53,29.16,40.74,5.0,4,3,6,7,2
94.03,100.0,93.11,99.85,100.0,98.39,100.0,83.1,1,0,4,12,0
57.77,48.35,54.68,49.98,67.52,52.73,40.02,10.9,4,0,3,5,2
85.18,59.07,66.45,69.94,86.9,66.88,58.32,63.4,2,2,1,12,1
26.7,27.77,29.62,54.67,52.77,50.83,50.36,12.3,2,3,2,9,2
88.71,75.25,82.18,71.02,87.77,70.08,70.58,83.3,2,2,3,13,1
68.78,71.03,68.74,65.1,75.12,59.62,79.82,44.1,4,1,1,12,2
61.11,48.22,52.36,53.95,61.23,46.14,24.06,22.4,7,1,3,10,2
99.5,100.0,95.28,100.0,100.0,100.0,100.0,107.7,0,0,6,6,2
80.65,70.96,74.78,72.74,79.52,64.06,51.48,32.2,4,1,6,13,2
97.83,100.0,100.0,94.38,85.57,89.09,94.61,63.8,4,0,2,3,0
40.64,26.07,36.74,81.38,79.24,78.27,71.02,51.0,5,1,7,12,2
56.51,55.81,52.77,69.46,81.75,66.27,60.24,52.1,4,2,3,3,2
99.5,99.3,90.53,66.31,93.59,69.34,83.55,11.7,4,0,0,7,0
86.34,94.07,97.13,73.3,92.49,88.0,66.33,77.0,1,0,1,10,0
81.56,82.5,72.02,88.82,84.66,95.14,94.14,78.0,1,1,0,8,0
84.56,89.03,90.79,92.15,96.1,78.86,84.07,84.9,5,2,2,7,1
72.87,68.36,73.13,74.53,77.12,63.19,67.61,42.1,4,0,3,8,2
84.38,86.4,84.35,69.31,79.36,62.29,72.17,50.4,6,1,1,12,1
61.35,60.87,58.87,77.98,80.37,57.7,57.72,38.0,3,1,3,8,2
51.79,48.9,53.75,30.75,59.19,36.81,31.71,5.0,2,3,6,9,2
48.31,35.17,47.69,66.27,65.35,50.28,42.1,32.1,4,2,9,6,2
63.89,64.51,68.53,76.99,77.88,75.2,69.46,63.3,1,1,4,8,2
97.08,100.0,100.0,100.0,97.99,100.0,87.6,96.5,2,1,1,6,0
60.55,72.97,59.23,68.47,75.41,67.58,73.68,39.0,2,0,5,2,2
55.14,63.03,55.42,56.95,50.32,49.54,43.64,5.0,4,3,11,8,2
57.31,44.77,50.01,65.66,68.02,65.61,61.7,58.3,1,1,4,3,2
78.89,76.55,78.23,100.0,90.65,83.01,59.59,86.4,3,1,3,9,1
99.5,86.8,95.81,100.0,100.0,100.0,85.58,75.3,1,0,1,8,0
15.98,31.87,26.3,73.8,73.73,69.45,70.2,47.0,5,3,8,7,2
51.13,42.59,47.78,36.83,57.04,29.07,17.9,5.0,9,1,5,12,2
89.32,94.99,94.6,85.83,84.2,71.09,73.8,40.9,3,1,0,4,1
68.84,69.81,67.8,99.92,90.35,80.07,91.8,66.2,4,2,2,2,2
88.91,99.35,100.0,100.0,100.0,100.0,100.0,110.9,1,0,2,2,0
73.83,85.19,75.61,73.07,90.7,77.63,70.73,70.4,3,1,3,2,1
82.89,80.7,79.45,95.62,94.36,100.0,90.81,89.2,0,1,2,4,0
80.87,77.19,80.55,89.81,96.36,88.89,93.64,69.8,1,0,6,13,2
96.09,100.0,100.0,100.0,100.0,97.4,100.0,101.3,2,1,2,8,0
95.14,94.46,91.8,69.05,82.48,76.11,61.13,48.2,4,2,4,12,2
82.61,89.66,84.13,100.0,84.13,95.61,90.28,61.3,4,0,1,5,1
97.52,100.0,97.02,100.0,100.0,100.0,92.43,115.7,0,0,4,13,0
84.86,81.9,79.63,78.44,89.81,86.96,83.87,86.1,1,1,1,10,0
64.2,59.03,60.05,68.46,68.04,55.82,46.97,46.3,9,3,6,5,2
63.88,64.86,61.53,79.96,77.64,60.53,61.37,74.1,6,3,5,12,2
76.06,84.16,84.47,81.02,88.24,93.67,89.73,56.0,5,1,3,9,1
84.51,96.08,89.58,100.0,100.0,90.48,84.33,84.8,5,3,3,13,1
82.11,83.02,80.46,82.86,95.74,90.05,75.94,60.6,2,2,4,4,1
51.53,39.68,54.52,48.7,58.54,48.97,34.75,37.6,5,3,5,7,2
45.89,39.25,50.65,77.17,84.13,68.05,80.98,62.1,2,0,6,12,2
51.88,58.36,61.25,63.34,71.59,58.63,66.7,56.9,6,4,7,10,2
45.05,35.59,39.68,66.17,54.24,51.1,42.49,40.3,9,2,7,11,2
70.4,67.27,73.36,76.74,87.54,87.06,68.26,78.5,3,2,6,5,2
45.46,41.23,52.44,44.72,64.62,57.67,30.98,19.6,5,2,3,11,2
92.56,100.0,93.83,100.0,100.0,100.0,100.0,83.6,0,0,3,10,0
79.69,76.33,77.56,81.48,81.36,82.89,82.89,71.8,1,0,3,8,1
37.03,37.0,35.29,47.88,51.39,56.12,71.97,24.4,7,3,7,3,2
67.16,64.37,66.98,80.15,86.52,85.3,66.61,55.7,2,3,6,6,2
91.14,95.55,100.0,81.32,94.05,98.5,82.97,85.7,1,0,4,5,0
85.66,92.55,88.56,78.09,82.3,70.56,71.53,54.8,1,1,4,4,1
88.1,100.0,90.38,100.0,100.0,100.0,100.0,134.2,0,0,2,11,0
91.96,88.46,90.25,87.35,86.76,84.28,86.67,58.2,3,1,3,9,1
48.63,47.45,52.93,41.28,55.39,49.83,37.45,6.2,5,4,4,5,2
88.46,92.05,78.51,85.9,88.42,71.51,62.63,73.6,2,1,3,7,1
99.5,100.0,100.0,90.67,100.0,96.51,92.0,69.9,4,0,3,8,0
81.22,94.21,85.26,85.37,79.54,84.6,90.37,83.5,0,2,4,9,1
86.65,83.25,82.76,82.62,96.6,84.28,85.81,62.1,1,1,3,7,1
62.38,66.66,56.98,72.98,82.83,70.41,60.34,31.6,0,0,5,2,2
91.95,95.44,95.75,74.15,93.66,88.66,69.56,81.6,3,1,2,8,1
58.67,68.37,61.18,80.3,80.76,76.94,74.16,38.8,4,3,1,6,2
74.18,70.31,74.54,49.76,68.89,46.9,40.07,28.1,3,2,4,13,2
58.39,52.01,51.45,61.77,61.77,51.93,42.17,40.1,4,3,5,4,2
76.25,83.78,71.51,82.81,80.5,79.1,68.45,70.8,4,1,1,11,1
86.86,83.93,80.86,92.58,97.54,88.58,79.68,79.7,1,0,2,6,0
80.46,78.92,78.98,89.3,82.18,82.37,70.37,65.5,5,2,6,7,2
99.5,96.63,91.15,84.94,93.3,79.59,92.91,95.7,3,1,2,6,1
97.95,100.0,99.3,100.0,100.0,100.0,100.0,96.1,0,0,1,3,0
59.64,37.46,57.88,71.1,65.6,64.61,71.86,31.7,5,3,6,13,2
76.58,70.43,64.27,74.66,73.9,69.91,52.05,41.7,5,3,8,4,2
67.03,62.89,62.61,61.91,70.62,63.51,54.24,25.4,10,4,2,12,2
92.61,97.33,93.71,74.95,84.04,73.13,61.06,63.1,3,3,2,9,1
26.59,15.9,21.76,49.27,67.07,49.7,48.15,38.5,2,2,8,10,2
99.5,100.0,100.0,100.0,100.0,100.0,100.0,93.1,2,0,2,9,0
80.35,77.46,77.54,74.22,81.54,60.09,71.77,63.9,0,1,1,7,1
56.11,52.45,53.54,44.51,48.06,27.49,30.47,5.4,7,6,5,3,2
78.84,80.26,77.91,64.3,68.8,73.03,82.61,65.9,3,4,2,7,2
34.12,29.71,34.37,45.97,57.2,47.22,47.24,7.1,3,1,4,13,2
67.49,66.66,73.76,42.15,59.2,44.42,33.18,34.6,4,2,3,4,2
99.5,100.0,99.7,100.0,100.0,100.0,88.83,65.6,1,0,3,10,0
36.18,24.57,37.89,34.0,60.94,44.53,19.13,20.8,3,1,5,9,2
41.98,48.41,44.8,46.57,54.78,57.17,32.48,34.2,6,3,5,9,2
83.93,75.32,75.6,98.0,100.0,93.51,100.0,86.7,2,0,3,10,1
92.73,100.0,99.94,90.2,98.6,81.14,88.76,78.2,2,2,2,2,1
68.76,77.07,71.83,100.0,92.98,94.65,97.9,109.2,0,1,5,4,2
48.17,52.95,55.71,56.09,68.41,48.12,53.3,44.1,0,3,5,2,2
40.55,33.93,41.33,56.98,62.76,55.29,47.42,25.1,4,4,4,8,2
38.61,26.87,37.88,33.55,51.17,30.04,30.07,5.0,11,3,11,4,2
99.5,99.4,96.41,99.98,95.26,95.05,100.0,92.0,0,0,1,4,0
90.57,82.04,83.48,79.77,71.92,66.89,83.06,30.0,5,1,5,10,2
93.58,93.22,93.28,75.19,87.49,84.46,76.29,69.3,3,0,2,4,1
90.48,90.41,85.02,98.91,90.51,96.62,84.29,70.8,3,0,1,5,0
94.86,91.72,89.34,80.51,97.17,88.26,64.07,77.3,0,0,1,6,0
78.92,77.48,75.37,100.0,98.1,100.0,99.95,95.9,3,0,5,6,2
76.43,86.75,75.44,77.31,84.32,73.51,78.18,49.7,3,2,3,4,2
82.09,82.87,81.95,95.37,94.79,99.86,85.83,113.4,1,1,7,7,2
65.14,67.75,66.21,77.42,64.67,80.3,77.23,66.3,1,4,6,9,2
66.04,65.08,63.57,73.63,84.46,75.88,65.57,50.2,4,1,1,7,2
94.22,96.42,90.06,60.85,88.3,79.83,72.52,34.0,3,0,2,3,1
65.5,63.78,61.52,76.28,72.44,75.98,78.72,36.2,2,5,3,13,2
58.21,63.21,61.02,60.99,81.23,78.67,54.79,54.3,1,1,3,12,2
62.28,66.01,62.7,72.19,70.91,72.16,64.99,62.1,1,0,2,5,1
78.43,82.85,80.51,64.15,65.43,43.95,42.68,28.8,4,2,2,4,2
93.07,84.31,86.16,57.26,82.07,51.82,58.49,24.5,4,0,3,8,1
56.21,53.93,57.01,98.42,76.99,98.21,98.07,59.7,4,3,4,3,2
57.26,51.91,58.34,71.31,64.44,59.19,60.9,62.1,7,2,5,7,2
61.4,64.17,57.22,88.95,78.11,82.13,80.9,72.0,4,1,7,12,2
60.25,60.45,58.49,49.82,75.28,60.45,51.32,22.7,4,3,1,10,2
83.6,82.84,76.68,88.84,90.84,89.49,91.99,74.8,2,1,3,10,1
99.5,100.0,100.0,100.0,100.0,100.0,98.3,120.5,1,0,2,2,0
99.5,100.0,100.0,93.72,100.0,100.0,79.48,88.1,2,0,0,13,0
81.56,85.27,86.58,84.99,96.6,97.46,100.0,94.3,2,0,4,5,1
83.1,89.65,84.99,100.0,96.69,100.0,100.0,114.5,0,0,6,8,2
84.52,95.23,89.22,80.05,87.41,64.56,74.87,70.4,4,1,8,2,2
79.81,83.91,83.64,78.28,85.73,62.92,66.3,60.5,3,1,3,6,1
95.46,100.0,92.13,74.44,87.59,98.41,74.21,76.3,4,0,3,5,1
93.3,100.0,96.06,96.8,100.0,100.0,87.32,98.1,1,0,3,12,0
73.38,89.24,79.3,82.74,84.41,84.53,89.68,88.5,4,1,6,13,2
69.2,74.51,70.31,63.55,78.38,61.19,55.33,55.1,2,1,4,5,2
94.56,87.26,90.08,89.73,99.63,95.34,83.05,76.1,2,0,4,3,1
60.56,69.74,64.39,92.04,84.83,100.0,78.27,68.6,1,4,3,6,2
85.82,91.11,83.79,84.16,96.88,76.27,92.63,80.0,2,0,2,9,0
65.12,68.27,63.29,81.42,70.03,73.63,51.98,22.4,2,2,4,12,2
99.5,92.32,97.87,77.19,98.19,94.68,92.44,61.6,4,0,2,3,0
69.58,62.43,66.67,93.3,82.34,84.21,79.46,91.4,2,3,3,5,2
89.68,94.24,91.46,86.61,93.71,100.0,97.99,105.7,3,1,4,7,1
43.46,24.81,40.24,55.67,69.92,44.36,50.51,28.0,6,2,9,12,2
99.5,100.0,99.27,79.62,78.03,72.31,73.42,68.4,2,1,1,12,1
99.5,100.0,98.83,98.48,92.35,87.38,97.02,96.7,3,0,0,3,0
82.71,99.62,91.74,82.47,95.96,76.12,96.06,45.8,1,2,1,3,0
59.73,60.8,67.19,70.29,71.41,66.37,32.36,15.9,4,2,7,13,2
76.92,85.98,78.47,74.65,90.29,82.54,85.6,63.4,2,0,3,10,1
62.67,66.63,65.98,82.38,82.13,69.36,63.93,38.4,4,1,5,8,2
76.86,72.96,74.34,62.87,78.66,63.82,57.88,23.3,10,2,1,2,2
86.51,92.07,84.82,94.68,88.49,98.86,99.0,126.8,1,1,6,13,2
88.89,89.69,89.09,81.59,88.21,83.42,62.93,36.4,3,0,2,7,1
66.68,48.32,62.13,69.45,80.13,78.61,67.72,37.2,2,1,3,4,2
20.6,19.81,16.96,37.61,48.4,44.97,23.84,23.1,10,8,4,7,2
47.66,48.94,52.61,43.29,57.81,32.73,42.72,38.9,5,7,3,11,2
83.68,95.56,86.62,90.13,98.87,98.6,100.0,90.4,1,0,3,6,0
70.87,66.85,67.56,59.29,67.73,47.89,40.82,5.0,2,1,3,8,2
78.93,80.81,82.64,96.77,91.0,81.6,82.8,61.5,1,0,2,8,0
85.57,81.86,85.23,90.83,95.79,86.06,83.17,72.1,1,0,3,8,0
79.34,73.8,74.3,91.44,95.22,100.0,74.04,74.4,1,1,5,5,2
40.18,28.76,30.61,48.19,50.52,32.5,48.81,11.5,4,1,6,10,2
87.97,91.91,96.32,83.75,93.28,85.27,89.41,100.7,2,2,3,9,1
70.09,67.98,69.98,55.25,78.44,64.51,40.19,36.6,3,3,4,10,2
91.09,94.37,99.83,100.0,100.0,100.0,100.0,93.8,1,0,1,7,0
80.77,77.88,77.71,100.0,96.51,85.5,90.45,94.3,2,0,4,6,1
80.59,76.95,80.54,87.44,89.18,94.22,82.48,37.0,2,0,3,4,1
52.76,47.46,45.82,58.88,66.98,68.48,42.48,6.0,5,3,0,10,2
84.98,78.96,78.67,100.0,94.39,91.12,95.27,117.4,2,0,3,12,1
89.59,89.14,87.7,78.1,81.86,73.49,61.03,37.8,5,0,2,9,1
81.24,100.0,95.02,100.0,100.0,100.0,86.72,70.6,1,0,3,5,0
80.87,76.48,80.13,87.25,77.02,71.95,74.53,75.8,1,1,6,13,2
99.5,100.0,100.0,87.47,96.76,88.64,77.27,85.8,4,1,4,9,1
92.96,93.95,100.0,96.44,100.0,97.0,88.29,116.0,1,0,0,12,0
71.23,69.53,74.39,77.59,87.04,74.41,65.67,54.9,5,1,3,8,2
43.75,39.07,45.6,60.83,63.15,43.78,41.96,11.4,13,2,2,7,2
40.47,37.16,39.74,67.8,73.89,65.02,56.28,40.4,4,4,6,8,2
66.51,54.45,67.73,74.3,85.64,80.5,68.73,57.7,3,4,3,8,2
72.77,70.39,73.32,49.61,66.45,48.6,40.41,27.8,3,0,5,2,2
54.66,50.26,57.54,53.68,61.77,35.28,41.74,5.0,4,1,9,9,2
99.5,99.64,98.27,75.93,90.68,78.02,78.43,55.1,3,0,3,9,1
38.46,31.57,38.62,50.34,51.36,48.55,34.83,9.8,2,1,3,9,2
61.32,64.92,64.4,67.49,66.36,67.26,63.29,32.1,2,3,6,10,2
41.18,27.49,34.69,38.74,55.44,43.71,33.43,5.0,4,5,6,10,2
77.14,76.65,71.33,60.19,79.84,56.86,42.77,16.6,2,0,3,6,1
72.22,65.16,70.83,55.84,69.65,62.86,70.64,51.2,1,3,5,3,2
41.56,53.35,47.86,78.43,78.15,83.82,82.07,47.9,4,4,7,3,2
80.74,91.13,80.69,96.97,82.81,81.27,81.44,64.4,3,0,4,10,1
48.16,37.78,44.81,67.76,69.85,60.94,60.75,30.4,8,4,4,5,2
95.03,100.0,98.12,86.46,88.06,81.73,88.42,64.5,2,2,3,7,1
66.71,67.28,71.37,70.7,71.6,64.57,66.73,36.8,5,0,6,10,2
67.9,69.99,69.94,55.36,79.09,56.17,55.16,36.0,2,2,7,5,2
76.22,81.16,80.91,84.5,94.54,100.0,100.0,118.1,0,0,3,7,0
71.95,68.52,70.07,75.8,71.72,77.02,63.78,35.9,3,1,4,7,2
89.62,84.68,86.51,69.66,77.43,55.99,64.3,36.2,6,0,3,8,2
57.36,50.96,54.39,82.1,85.35,80.75,54.59,52.6,3,2,6,2,2
24.83,8.0,16.64,56.68,56.51,47.89,23.0,30.1,6,3,9,2,2
87.36,84.92,85.48,80.09,89.76,89.52,83.62,81.4,3,2,2,2,1
43.66,33.11,41.74,56.98,66.41,59.7,46.66,27.0,3,5,5,9,2
68.86,61.54,68.26,85.39,83.93,66.99,77.92,56.9,1,0,9,4,2
62.99,58.69,63.14,39.66,52.92,49.29,24.83,5.0,7,0,4,12,2
75.77,81.07,79.03,83.49,85.21,99.33,73.33,74.0,1,3,3,8,1
99.5,97.25,100.0,74.76,81.99,76.93,75.47,47.4,3,0,4,10,1
52.44,46.96,55.62,54.82,71.15,45.18,41.99,47.4,6,3,5,5,2
92.97,100.0,96.26,100.0,94.95,100.0,93.38,119.5,1,2,2,6,0
91.91,88.35,96.79,84.38,85.69,84.13,85.02,116.6,2,2,1,3,1
90.89,73.15,89.84,91.17,91.79,73.43,73.24,72.3,4,1,0,6,1
76.97,85.83,80.95,71.36,80.09,67.78,64.95,29.4,7,0,5,11,2
61.41,60.45,58.6,67.13,71.89,77.88,61.29,75.1,2,0,2,13,1
75.21,77.52,74.66,78.87,82.43,75.1,66.62,55.9,2,1,4,9,1
62.5,59.36,61.66,55.36,71.79,50.58,51.97,34.1,4,4,3,4,2
71.48,63.7,67.29,96.15,97.07,91.63,87.02,66.2,2,2,5,9,2
61.88,50.87,53.79,58.77,68.4,49.86,33.8,38.7,5,2,3,10,2
47.69,40.38,40.79,52.58,66.28,56.68,39.21,5.6,6,0,7,5,2
89.97,84.21,86.09,50.0,86.15,70.79,66.11,27.7,3,1,1,8,1
79.18,71.05,73.76,73.16,92.67,77.29,65.15,39.7,2,0,2,4,1
64.74,67.59,58.25,84.09,76.5,74.34,74.26,52.8,2,2,2,10,2
55.83,59.39,60.55,71.65,75.74,71.45,64.48,58.0,6,0,9,9,2
55.07,44.75,55.3,32.08,77.59,38.21,36.84,22.7,7,2,6,12,2
79.4,85.78,84.2,83.34,76.06,72.09,71.5,54.5,3,1,5,4,2
81.29,87.32,75.16,81.54,86.7,76.79,81.6,45.2,1,0,7,8,2
44.68,47.26,44.9,76.95,82.3,74.21,73.07,31.3,3,1,3,3,2
99.5,100.0,100.0,100.0,100.0,95.29,88.4,98.6,0,0,0,4,0
64.19,63.61,68.96,77.71,79.82,71.73,68.62,92.5,5,2,3,5,2
67.96,73.94,78.93,83.29,86.04,69.73,76.22,44.6,1,1,2,7,1
99.5,94.99,97.83,98.97,94.79,97.68,90.28,102.0,2,0,5,7,2
67.62,56.03,63.84,69.18,78.83,71.28,67.17,46.5,4,1,3,4,2
71.14,66.3,71.25,86.38,81.07,69.14,69.91,54.7,4,0,5,2,2
65.6,63.49,62.45,57.16,69.22,66.02,67.14,45.8,7,3,3,4,2
91.6,98.55,91.18,100.0,100.0,100.0,99.43,100.2,1,0,5,12,2
86.68,91.38,92.0,81.63,91.62,80.54,71.58,51.6,1,2,4,11,1
74.16,76.16,77.64,80.98,89.68,69.29,73.03,56.0,3,2,4,8,2
55.97,52.35,53.79,75.32,80.28,58.84,46.94,37.8,3,2,2,6,2
62.4,54.99,53.32,57.39,70.58,50.74,40.31,13.9,8,2,7,5,2
99.5,100.0,91.14,82.0,88.98,84.45,81.71,85.3,1,0,1,3,0
66.06,70.15,67.32,59.09,73.28,59.38,58.11,21.9,4,2,6,13,2
95.32,100.0,96.94,100.0,100.0,100.0,100.0,157.4,0,0,4,13,0
99.5,100.0,98.71,97.21,100.0,96.01,87.38,87.2,3,0,1,13,0
99.5,100.0,100.0,91.18,94.79,90.9,84.61,83.0,2,0,0,7,0
83.43,78.24,82.32,89.34,85.04,92.54,100.0,72.8,3,2,1,3,1
57.18,42.77,43.8,65.51,72.4,67.57,78.16,53.1,3,4,7,9,2
89.11,100.0,100.0,94.77,100.0,93.94,80.68,86.2,3,0,2,13,0
67.79,71.07,58.99,67.63,75.68,65.64,63.25,15.7,4,2,3,13,2
61.18,65.37,60.57,69.32,80.08,86.44,70.65,65.8,2,1,5,2,2
53.92,57.03,51.1,49.53,66.45,53.96,54.78,60.7,3,4,5,2,2
61.11,58.21,61.95,91.08,83.94,87.89,74.72,46.0,1,3,7,6,2
78.73,85.16,76.03,68.16,89.01,80.2,71.72,76.4,9,2,1,4,2
84.06,92.38,89.87,87.97,99.1,93.98,100.0,105.7,1,1,3,12,0
87.32,89.75,86.99,99.74,100.0,94.55,85.86,69.7,1,1,3,4,0
40.71,17.93,34.94,46.66,63.6,47.4,53.17,11.7,5,2,6,10,2
67.54,52.86,52.39,59.01,73.3,55.03,57.61,43.6,6,0,4,12,2
87.71,100.0,91.58,94.02,98.36,94.62,95.68,45.3,1,0,1,13,0
61.46,72.62,68.5,62.26,75.04,80.34,65.41,52.2,5,0,6,5,2
42.79,28.2,32.71,64.61,79.44,52.62,54.33,46.2,6,3,8,5,2
64.43,52.2,61.03,92.0,81.41,76.17,88.88,82.2,2,3,10,10,2
41.14,46.95,44.46,53.74,64.22,53.79,69.34,27.4,6,2,6,8,2
71.07,73.02,72.81,96.26,76.98,85.37,81.27,71.8,8,2,3,5,2
66.42,55.8,60.94,50.67,76.07,49.59,50.09,29.6,4,3,6,10,2
40.47,24.45,37.3,52.4,71.15,48.25,42.51,19.1,2,6,6,9,2
99.5,92.83,98.36,78.59,96.96,84.36,72.0,72.1,3,0,1,9,0
87.11,100.0,93.17,83.26,100.0,94.7,79.32,96.1,2,1,2,6,0
65.11,66.26,63.24,83.31,71.38,73.59,58.9,43.5,1,5,8,5,2
64.64,51.32,55.64,88.39,85.42,58.29,75.26,79.9,2,4,1,8,2
94.73,91.71,95.5,91.02,96.35,76.19,78.09,95.1,0,0,3,6,0
96.35,100.0,94.92,75.76,100.0,75.7,71.4,46.4,2,0,1,11,0
87.05,98.53,97.18,100.0,100.0,100.0,100.0,96.2,0,0,3,8,0
84.55,77.2,89.91,75.05,94.47,90.12,77.03,42.3,0,0,3,9,0
46.82,35.2,39.58,51.61,58.06,51.4,39.35,5.0,4,0,8,7,2
49.16,41.62,43.01,38.01,67.04,47.45,47.31,5.0,0,1,5,2,2
51.66,51.92,53.53,47.27,55.2,43.6,41.11,8.1,3,3,4,10,2
97.09,99.64,99.28,91.8,95.75,86.6,91.54,78.5,1,1,1,3,0
99.5,100.0,99.56,82.06,92.31,83.36,70.88,63.0,2,0,3,8,0
81.36,87.35,85.94,90.52,83.25,90.32,89.49,70.3,2,0,2,11,0
52.07,31.12,46.93,58.23,73.53,51.07,53.91,58.8,2,5,4,2,2
56.96,52.43,52.15,46.75,50.33,35.12,36.07,28.0,5,3,7,4,2
77.39,81.47,75.53,96.46,100.0,92.08,83.54,90.0,3,0,2,11,1
48.79,37.49,37.03,42.47,54.52,37.72,32.47,44.1,8,1,1,10,2
86.29,92.22,81.79,77.5,92.06,100.0,73.65,66.3,1,0,3,4,0
99.5,100.0,95.88,100.0,100.0,100.0,98.97,90.5,0,0,0,13,0
69.86,68.37,67.95,59.89,87.13,64.02,72.9,49.8,7,1,2,4,2
94.08,96.05,98.04,91.93,98.59,98.08,93.44,97.7,1,0,4,2,0
51.53,41.86,50.31,63.45,62.07,44.01,38.14,26.9,6,1,1,2,2
97.74,100.0,100.0,88.98,100.0,91.31,75.77,66.7,1,0,4,13,0
59.5,55.92,57.35,65.64,71.05,46.42,44.02,29.3,3,3,6,4,2
99.5,100.0,100.0,85.04,98.69,85.6,79.03,72.0,2,0,1,12,0
99.5,100.0,94.94,100.0,100.0,100.0,100.0,81.7,1,0,1,8,0
88.19,99.98,91.67,93.71,95.39,88.69,90.66,67.7,4,0,3,2,1
50.21,50.6,51.73,71.16,73.76,62.07,70.65,39.3,3,2,4,9,2
47.78,41.61,41.1,55.03,80.14,63.02,62.85,27.0,7,0,1,9,2
85.34,90.4,86.06,55.85,67.57,64.82,56.1,22.8,2,3,3,12,2
99.5,97.8,93.08,63.9,86.48,63.53,80.72,54.5,2,0,1,12,0
96.71,100.0,96.61,100.0,96.96,98.52,100.0,77.3,0,0,4,4,0
95.44,88.68,98.78,79.22,100.0,76.57,84.09,59.4,0,0,1,13,0
89.68,84.12,88.24,63.92,97.16,66.03,66.64,57.0,2,0,1,11,1
94.28,100.0,100.0,100.0,100.0,99.23,99.27,100.1,0,1,3,5,0
89.27,86.22,93.8,65.65,71.35,61.45,54.87,42.9,1,0,4,8,1
61.7,59.21,54.85,71.77,77.69,72.5,49.03,29.6,7,2,4,12,2
53.33,55.49,49.55,71.85,84.27,83.59,70.42,62.0,4,2,9,8,2
97.24,100.0,100.0,85.71,87.82,90.71,100.0,58.8,0,3,6,7,2
97.44,100.0,98.03,100.0,100.0,100.0,96.7,97.9,0,0,4,7,0
99.5,100.0,93.79,97.59,100.0,92.14,95.33,87.4,3,1,0,8,0
77.32,75.16,80.32,77.38,79.44,79.81,71.04,75.0,2,0,4,13,1
98.37,100.0,100.0,100.0,100.0,96.88,95.48,100.1,1,0,1,12,0
51.17,56.52,59.17,95.02,77.75,87.7,80.91,77.3,0,1,7,4,2
88.1,93.08,91.99,87.52,91.74,92.68,78.95,68.9,4,0,2,7,1
12.0,16.66,18.54,58.13,46.11,45.98,31.35,31.5,5,3,7,5,2
31.41,31.33,33.47,46.16,57.92,57.99,48.56,20.7,3,1,7,10,2
87.04,85.6,82.63,99.84,88.58,97.75,98.76,70.2,2,0,4,12,1
90.85,90.08,95.02,100.0,94.05,94.0,94.26,89.6,7,0,0,10,0
78.0,89.9,81.67,100.0,85.65,93.38,84.39,108.5,0,0,2,11,0
55.63,51.37,61.42,37.17,72.29,41.0,34.66,5.0,8,1,4,9,2
47.07,49.3,46.55,52.85,61.76,40.71,38.35,20.0,2,0,2,12,2
62.69,60.28,60.84,79.44,79.08,63.01,36.08,42.0,4,2,2,8,2
99.5,100.0,95.36,100.0,100.0,100.0,99.19,125.6,0,0,1,11,0
99.5,100.0,100.0,100.0,97.97,94.59,90.96,99.8,2,0,1,2,0
56.69,46.29,60.35,71.02,80.84,80.47,82.64,62.4,3,1,7,6,2
72.63,72.01,75.61,75.98,79.13,68.44,74.84,68.7,4,2,3,11,2
45.04,60.17,51.13,80.47,77.1,85.91,58.12,53.4,4,4,5,12,2
65.56,61.46,62.21,73.94,75.76,70.2,69.53,50.0,1,4,4,10,2
45.55,42.99,41.96,63.34,70.41,64.63,66.75,25.9,4,4,7,4,2
74.57,71.05,78.14,74.48,72.83,60.42,66.38,70.8,1,2,2,12,1
60.78,70.82,62.08,76.45,84.18,74.51,65.12,60.6,4,1,3,11,2
72.94,62.38,60.6,75.05,88.72,73.91,65.74,67.9,2,1,2,3,1
24.64,19.12,34.57,37.29,54.55,29.91,16.26,5.0,3,3,8,3,2
39.05,31.78,37.47,70.26,67.39,66.26,55.41,28.2,3,2,5,12,2
88.46,90.01,87.56,93.44,95.67,100.0,99.19,68.4,1,1,2,4,0
58.5,44.54,50.54,71.94,79.38,65.9,48.15,42.3,2,2,5,6,2
79.06,97.91,88.44,96.28,93.77,100.0,91.32,89.1,2,1,2,12,0
99.5,100.0,95.1,100.0,95.4,100.0,98.39,83.9,2,0,1,6,0
57.93,48.42,51.85,85.47,77.78,70.58,58.97,49.0,1,1,3,6,2
99.5,91.81,98.32,73.55,92.64,88.33,75.12,50.3,5,1,1,13,1
88.54,86.65,84.33,87.27,98.41,90.0,75.83,70.7,1,1,3,9,1
86.94,90.72,83.69,72.31,88.23,78.22,55.98,41.8,2,0,1,5,1
57.11,55.76,54.5,82.93,78.09,70.95,77.64,59.0,6,1,3,6,2
64.83,53.71,59.49,70.79,68.63,52.14,54.46,30.0,6,4,3,3,2
73.59,68.78,70.81,51.97,78.82,58.57,47.21,17.3,4,1,1,3,2
80.71,90.98,83.54,83.09,80.54,73.07,81.06,78.6,4,1,2,7,1
50.91,54.23,53.3,95.02,76.03,70.39,77.3,58.4,4,2,2,12,2
86.3,74.56,79.07,84.39,95.66,80.23,69.23,56.1,7,1,5,10,2
77.86,74.14,77.65,91.66,93.7,95.29,98.78,60.0,0,0,1,2,0
92.52,92.42,90.16,82.27,85.63,82.4,81.11,65.4,3,2,1,4,1
43.63,35.85,40.21,49.06,55.17,43.09,37.59,18.1,4,3,7,13,2
91.07,100.0,91.93,100.0,85.01,90.62,100.0,74.1,5,1,3,10,1
71.0,73.82,64.84,97.99,88.75,92.07,100.0,83.1,3,2,2,2,1
55.45,56.7,57.15,58.45,63.59,70.22,64.09,38.4,3,2,5,6,2
74.94,62.36,74.44,98.83,91.35,81.85,92.84,86.7,1,1,4,4,1
52.69,45.34,50.93,59.03,65.46,57.86,48.51,41.0,7,3,3,6,2
94.1,100.0,91.41,79.09,100.0,68.83,70.84,37.5,3,0,4,2,1
99.5,100.0,94.39,100.0,100.0,100.0,100.0,100.9,0,0,2,3,0
92.97,83.53,92.78,83.54,74.95,91.63,67.56,34.0,4,1,4,5,1
74.42,72.04,75.18,68.24,79.67,70.94,76.29,47.6,3,0,3,12,1
21.43,8.0,16.96,71.54,53.65,56.19,49.5,9.3,9,3,5,7,2
83.66,81.16,86.13,71.28,83.94,70.3,82.08,58.0,3,0,3,11,1
58.03,63.11,62.66,71.32,81.17,59.23,63.53,18.0,2,1,8,8,2
69.73,83.98,75.66,100.0,91.45,96.91,100.0,91.2,3,3,9,5,2
31.46,23.09,33.86,38.55,57.56,25.97,25.3,11.6,3,5,9,11,2
81.92,78.03,87.32,62.3,81.69,60.39,51.42,28.4,3,0,1,5,1
79.43,100.0,92.38,95.34,85.77,87.91,91.97,84.3,4,3,4,6,2
35.91,25.14,34.88,31.71,49.55,31.95,41.48,9.2,1,1,8,2,2
74.77,71.6,74.03,80.65,94.13,77.77,62.56,55.9,4,2,6,10,2
99.5,97.72,99.02,82.03,94.05,84.5,88.33,79.5,0,0,1,10,0
69.66,67.87,71.97,100.0,100.0,100.0,100.0,109.8,1,2,4,10,1
79.48,86.07,79.74,91.18,92.47,87.38,95.9,74.3,3,2,1,2,1
55.92,55.06,55.36,63.49,65.97,50.08,51.75,24.6,2,0,2,8,2
76.14,81.55,75.79,82.86,81.2,75.44,79.99,36.4,7,2,4,6,2
17.64,15.7,16.62,37.03,53.66,45.96,38.74,11.4,6,5,14,12,2
91.94,88.68,87.42,80.95,91.39,95.94,78.96,64.8,2,0,3,4,1
78.59,76.08,76.77,77.11,95.62,74.01,63.0,49.3,5,2,2,7,2
60.21,69.68,62.24,76.89,90.4,76.2,68.79,41.3,2,1,0,12,1
62.27,58.7,65.2,75.15,79.61,67.76,68.94,59.9,2,0,5,6,2
76.56,68.94,78.31,59.27,78.6,76.29,49.63,27.7,4,0,6,6,2
66.74,74.37,71.94,84.46,76.99,78.76,67.49,66.4,2,1,3,9,1
66.41,56.05,56.56,52.32,68.8,55.35,58.52,16.0,4,2,5,7,2
48.46,35.44,45.91,56.29,65.05,60.42,43.46,51.3,3,1,9,6,2
78.95,76.65,81.58,89.87,100.0,99.37,94.06,84.0,1,0,7,6,2
88.34,100.0,91.46,93.96,93.59,92.78,73.31,49.2,0,0,3,5,0
79.61,87.3,85.6,69.36,84.91,75.57,68.85,56.5,4,2,2,6,2
99.5,100.0,100.0,88.51,99.68,87.61,100.0,91.8,3,0,0,3,0
95.87,90.55,87.38,80.37,83.84,79.76,78.26,43.6,2,0,4,11,1
28.23,25.61,31.08,52.73,53.69,38.81,33.61,17.7,6,2,5,5,2
86.93,100.0,91.04,80.39,89.33,85.8,77.19,34.5,4,0,3,12,1
91.63,96.41,87.97,83.95,95.06,86.36,77.2,86.9,4,0,3,6,1
66.71,57.72,63.94,59.94,88.25,76.33,63.34,52.0,3,1,6,13,2
99.5,100.0,98.15,100.0,96.78,100.0,100.0,107.3,2,0,4,4,0
99.5,100.0,100.0,92.01,98.16,72.63,82.98,82.7,3,0,2,2,0
99.5,100.0,100.0,81.67,100.0,77.85,77.48,34.5,2,0,1,3,0
70.07,67.52,71.28,76.37,91.89,92.07,84.67,66.6,1,4,5,9,2
91.11,89.86,87.51,93.2,100.0,89.32,95.86,66.8,4,0,0,12,0
36.67,28.51,32.01,53.66,57.71,54.71,63.39,21.5,4,3,4,6,2
98.41,98.4,97.18,93.63,100.0,91.21,92.46,89.5,5,3,3,5,1
83.69,86.17,87.23,86.95,88.02,94.1,82.7,57.9,3,1,2,7,1
54.44,53.43,59.56,100.0,83.36,79.37,90.43,79.9,2,1,11,12,2
99.5,100.0,100.0,100.0,100.0,81.69,88.45,85.6,2,0,2,11,0
88.83,97.92,88.97,100.0,100.0,89.12,98.47,71.4,1,0,4,12,0
99.5,100.0,97.98,80.68,89.33,83.83,83.69,53.8,0,0,0,13,0
97.55,100.0,100.0,100.0,100.0,97.19,88.44,112.8,2,0,2,7,0
99.5,88.76,100.0,100.0,100.0,99.02,91.9,88.3,0,0,5,4,2
81.69,89.21,84.12,81.16,79.13,71.04,77.36,55.0,2,1,1,10,1
32.8,22.9,31.74,28.51,47.95,35.12,42.45,19.4,10,1,4,13,2
45.71,43.32,38.58,49.05,70.59,52.66,46.71,17.2,6,2,3,4,2
43.31,42.16,40.69,58.42,78.61,73.79,60.75,56.3,5,4,7,10,2
79.83,64.33,76.84,77.28,80.34,71.73,86.9,40.4,1,0,3,9,1
78.93,72.6,66.95,64.73,74.25,61.3,66.66,46.9,3,2,3,12,2
70.17,59.49,70.47,47.01,74.83,41.35,59.36,29.2,4,3,2,11,2
90.08,95.61,93.72,97.35,94.28,100.0,98.83,78.6,1,0,5,8,2
21.95,21.05,21.95,60.81,60.01,62.47,44.52,23.9,1,5,5,10,2
64.86,79.28,62.19,56.57,71.02,72.64,55.43,67.4,1,1,5,11,2
99.5,100.0,100.0,87.93,98.17,83.57,86.44,83.3,0,0,0,5,0
53.54,45.22,58.22,47.87,67.92,55.75,51.52,21.9,4,4,5,3,2
81.55,84.7,81.75,100.0,97.86,100.0,88.63,82.0,2,1,3,13,1
86.41,93.74,87.24,80.18,92.26,86.82,84.46,77.9,1,0,3,2,0
78.35,89.77,81.52,88.71,100.0,98.93,100.0,66.3,1,0,7,8,2
99.5,92.07,99.68,80.14,85.93,91.46,60.34,64.5,3,0,0,10,0
75.03,69.08,76.82,61.24,71.85,49.8,57.58,30.0,6,1,1,8,2
55.74,55.91,58.1,78.13,83.79,85.92,62.41,65.1,1,2,4,3,2
88.03,80.1,83.98,80.85,96.4,85.56,87.69,70.0,1,0,4,3,1
69.08,65.59,72.14,42.74,70.93,30.48,29.83,9.8,4,3,2,4,2
51.12,45.52,44.43,44.16,64.77,43.09,33.42,9.9,4,6,3,13,2
66.16,64.9,70.41,72.54,86.68,77.78,71.53,60.7,7,4,3,3,2
49.56,47.13,53.91,70.96,71.05,45.2,64.34,31.2,3,2,5,3,2
40.13,40.15,38.57,54.58,70.24,61.47,45.79,26.4,3,6,9,13,2
56.07,72.7,69.43,81.67,82.12,75.86,80.83,66.9,2,2,6,10,2
94.69,100.0,100.0,100.0,99.66,90.56,100.0,77.2,1,0,1,10,0
48.8,37.12,44.38,67.64,78.86,57.2,56.88,26.7,3,0,8,6,2
74.11,99.11,82.25,92.44,92.54,82.44,84.18,70.4,0,1,8,4,2
84.94,79.25,85.91,69.75,93.55,85.5,73.22,73.0,2,1,3,12,1
73.16,77.96,72.43,80.92,80.13,83.14,75.04,64.1,3,1,5,6,2
75.29,77.93,82.09,89.15,97.02,82.74,100.0,89.8,2,1,3,10,1
67.01,64.99,64.0,63.24,63.54,67.76,72.92,90.6,3,2,1,10,2
46.32,46.96,56.42,58.56,63.91,71.37,56.32,39.6,4,3,0,13,2
60.04,59.52,61.04,68.77,62.13,71.11,65.91,38.7,4,2,5,13,2
67.58,76.33,65.61,70.73,70.92,65.23,49.42,52.9,3,3,2,6,2
90.49,93.68,96.93,100.0,100.0,100.0,100.0,143.9,1,1,2,8,0
78.01,78.29,76.58,67.91,79.86,56.75,44.49,40.1,4,0,2,8,2
89.11,94.17,83.57,86.35,85.96,74.5,84.43,34.6,3,2,4,7,1
84.26,100.0,97.81,95.21,98.84,98.75,80.82,76.9,2,3,4,13,1
70.66,70.23,81.45,69.58,85.54,53.56,58.94,5.0,5,2,4,5,2
60.04,45.1,56.48,53.8,65.98,42.22,49.94,9.8,5,3,4,7,2
94.82,100.0,99.38,78.99,93.88,71.04,76.26,47.1,1,0,0,3,0
92.79,92.59,94.58,86.23,98.77,81.71,82.89,66.1,2,1,0,10,0
85.74,84.26,87.67,100.0,98.17,90.04,73.45,114.3,1,0,0,7,0
76.94,88.59,80.16,94.23,80.87,82.3,78.81,94.0,2,0,4,13,1
99.5,100.0,99.68,76.95,87.79,67.69,66.81,61.3,5,0,0,9,1
87.85,89.38,87.68,78.5,87.16,70.24,81.75,99.1,3,0,4,10,1
21.21,23.99,22.3,39.4,52.51,28.65,21.01,6.8,8,4,7,8,2
67.55,61.52,60.45,67.08,77.93,60.55,52.46,65.3,0,5,3,6,2
93.34,94.49,97.66,99.9,93.87,95.27,82.25,70.0,5,2,2,2,1
83.03,85.08,84.24,67.16,86.07,70.2,64.84,47.1,6,1,2,10,2
99.5,87.18,97.7,94.24,96.94,93.58,87.85,89.3,0,1,4,2,0
70.36,76.75,74.8,99.88,94.21,90.75,85.59,109.2,1,1,3,6,1
67.76,70.39,59.71,79.14,78.53,83.91,71.56,84.1,3,2,3,5,2
99.5,94.67,99.5,84.19,82.55,84.9,71.21,53.7,4,1,1,6,1
86.63,91.55,91.83,96.83,100.0,90.48,77.86,92.3,0,0,4,10,0
51.03,47.68,46.37,40.33,71.18,49.98,45.23,20.0,4,3,11,4,2
53.7,53.05,53.49,73.76,79.44,84.35,65.73,59.7,3,0,6,13,2
38.86,47.3,40.73,74.51,76.16,88.02,68.87,76.0,3,2,9,12,2
34.64,36.95,37.13,86.81,67.64,84.07,72.93,66.1,3,2,6,6,2
83.92,85.25,83.86,81.66,82.87,86.23,77.62,78.7,4,1,3,10,1
70.96,71.04,64.06,53.11,70.61,47.98,51.09,24.8,7,3,1,8,2
99.5,100.0,95.79,100.0,100.0,100.0,100.0,88.9,0,0,0,5,0
79.76,100.0,89.96,64.99,83.81,77.57,72.87,76.0,5,1,2,12,1
74.47,80.04,78.39,59.75,87.72,56.66,71.59,14.2,6,2,3,12,2
94.09,93.57,100.0,98.05,84.14,82.9,83.44,64.3,4,0,4,5,1
88.4,80.02,85.34,92.73,100.0,95.41,95.84,67.5,1,1,0,4,0
77.84,76.71,70.59,80.65,93.55,89.91,92.25,92.3,4,0,4,12,1
99.5,92.15,100.0,100.0,100.0,100.0,95.96,101.0,1,0,2,4,0
86.61,92.61,93.09,70.37,69.02,75.6,75.5,67.1,1,3,3,12,1
34.72,26.67,28.62,48.94,57.02,48.8,46.32,16.4,1,3,5,3,2
95.13,86.27,95.17,61.5,73.62,69.01,62.76,45.4,7,1,1,3,1
88.91,97.89,93.61,100.0,100.0,80.88,89.9,59.0,1,0,4,12,0
90.59,92.59,87.97,86.43,92.9,95.61,91.13,99.3,2,0,3,9,0
63.94,63.94,65.23,54.98,63.4,68.86,48.5,15.7,4,3,2,5,2
66.45,59.53,61.59,55.2,71.07,54.73,50.45,44.6,9,5,5,6,2
99.5,100.0,93.99,96.22,100.0,99.23,83.91,49.5,3,0,2,10,0
46.99,50.02,47.55,48.32,65.37,53.1,40.27,5.3,5,2,5,2,2
99.5,100.0,100.0,100.0,100.0,100.0,100.0,86.7,1,1,0,4,0
88.95,100.0,93.06,99.42,96.21,88.37,96.22,91.5,5,0,2,5,1
78.46,81.43,77.12,69.66,78.5,67.87,56.61,72.8,1,0,3,3,1
81.11,67.41,78.18,74.02,85.47,78.39,77.51,41.1,4,0,1,10,1
99.5,100.0,98.94,100.0,100.0,100.0,100.0,117.3,1,0,2,10,0
75.67,60.35,66.37,75.88,76.64,64.71,55.39,28.3,6,1,6,8,2
95.79,100.0,98.41,96.85,97.94,88.01,96.3,94.2,2,0,3,7,0
67.22,67.15,66.4,62.61,74.55,89.68,65.85,46.5,3,2,4,12,2
86.87,100.0,99.32,95.87,88.53,96.81,76.24,93.4,0,3,1,2,0
12.0,15.52,17.01,65.72,62.26,50.97,61.82,25.9,5,8,6,4,2
96.06,98.67,100.0,91.97,91.39,90.0,86.36,73.5,3,1,0,11,0
77.11,87.43,74.07,62.5,74.68,59.34,61.82,19.4,2,3,4,13,2
63.45,73.29,70.24,81.01,91.67,85.3,65.34,61.8,4,2,3,8,2
73.59,71.75,76.57,73.23,70.37,69.31,60.2,45.6,7,1,5,10,2
98.96,100.0,92.91,97.0,94.17,91.41,80.94,51.1,3,0,0,11,0
73.02,86.19,74.69,93.52,79.61,77.33,95.04,65.2,1,0,5,11,2
99.5,100.0,96.71,92.54,100.0,85.66,94.67,90.2,2,0,1,7,0
25.32,18.52,27.07,72.52,67.01,66.29,67.29,64.0,7,4,4,2,2
98.21,94.95,100.0,89.87,100.0,100.0,82.95,91.7,2,0,0,9,0
99.5,98.72,96.26,91.49,100.0,68.2,82.3,59.0,4,0,3,11,1
74.3,73.84,69.51,100.0,85.07,92.99,91.52,96.5,2,2,6,12,2
76.8,77.73,68.62,73.6,80.33,71.52,75.44,44.2,4,1,5,3,2
64.02,59.21,55.66,59.89,74.55,65.49,71.9,47.9,7,2,4,13,2
72.45,72.58,69.65,96.0,85.97,78.23,96.0,72.8,0,1,5,8,2
69.65,79.39,70.81,93.01,82.63,77.93,71.39,45.6,5,3,6,9,2
78.21,92.25,83.52,79.84,95.78,82.94,84.34,64.0,3,0,2,9,1
79.11,72.25,78.89,69.68,82.83,69.26,65.69,44.5,2,2,3,10,2
42.42,32.62,39.63,46.63,67.21,44.12,29.63,7.5,5,0,1,4,2
97.2,97.22,94.55,80.65,91.89,79.04,80.71,58.2,4,0,1,2,0
64.87,66.39,65.04,80.61,75.16,69.29,57.74,71.9,4,1,3,3,2
59.79,63.13,57.76,82.45,85.75,89.15,75.76,64.3,3,1,4,13,2
83.55,80.28,80.53,70.55,81.14,77.73,66.51,51.7,2,1,3,6,1
99.5,100.0,98.67,75.57,89.52,80.77,69.4,56.6,3,1,1,8,1
99.5,100.0,100.0,100.0,100.0,100.0,99.09,93.6,1,0,4,7,0
93.85,92.94,97.15,78.78,95.0,76.26,92.29,73.4,1,0,1,3,0
99.5,90.7,92.84,71.54,84.77,66.47,55.23,51.6,4,0,1,6,1
56.92,65.76,60.35,80.96,86.57,73.96,73.48,67.1,1,3,4,12,2
66.27,67.28,69.5,61.77,63.65,43.28,42.37,17.4,2,4,6,10,2
99.5,100.0,99.14,82.31,85.98,69.85,71.23,89.7,4,1,5,7,2
99.5,100.0,98.26,93.91,100.0,93.84,86.53,80.1,2,0,2,2,0
60.14,65.99,66.38,66.91,74.15,77.97,58.46,28.9,2,3,3,4,2
66.91,70.41,70.81,62.51,71.96,77.57,61.97,40.4,3,0,6,5,2
94.11,100.0,96.19,100.0,100.0,100.0,100.0,97.0,3,1,4,4,1
92.91,96.66,90.64,100.0,100.0,100.0,100.0,78.8,5,0,0,4,0
96.16,89.9,87.45,85.29,88.86,100.0,97.21,75.6,2,1,2,6,0
59.76,46.67,55.53,47.13,65.05,34.6,53.72,17.1,6,2,9,12,2
88.06,100.0,95.04,94.56,100.0,100.0,100.0,92.2,0,1,5,13,2
99.5,100.0,95.48,100.0,100.0,100.0,100.0,107.0,0,1,2,6,0
99.5,100.0,100.0,89.53,98.25,98.44,77.27,63.8,4,0,1,2,0
79.42,88.96,81.69,100.0,100.0,100.0,90.07,92.1,3,1,3,7,1
86.73,94.27,82.63,100.0,94.74,100.0,100.0,88.4,1,0,2,5,0
83.5,77.61,83.22,69.73,89.09,80.32,72.53,72.5,8,2,4,10,2
85.36,81.96,83.69,84.37,76.75,75.3,89.68,45.9,5,0,1,8,1
37.57,29.01,33.73,49.47,54.13,41.09,36.4,23.2,12,4,3,4,2
83.61,86.17,87.94,90.19,82.39,88.55,77.91,52.6,1,1,7,11,2
86.75,93.38,95.31,75.08,100.0,82.47,72.08,83.4,1,0,0,4,0
57.53,57.04,59.68,87.76,86.72,100.0,100.0,94.7,5,2,4,7,2
51.9,45.89,47.98,70.15,74.12,73.04,68.26,48.4,3,3,7,5,2
67.79,74.73,63.51,82.89,78.01,79.41,64.89,51.3,0,0,3,8,1
99.5,100.0,100.0,90.46,100.0,94.0,100.0,86.1,2,0,1,3,0
69.87,75.93,72.38,92.69,92.61,95.12,91.39,71.9,4,0,7,10,2
55.57,55.11,52.28,59.75,76.23,64.62,40.16,43.6,2,4,6,8,2
99.5,97.43,96.64,60.87,86.86,66.55,58.06,67.7,5,0,1,10,1
76.01,78.73,83.03,85.38,85.39,84.05,82.51,65.6,1,0,4,10,1
99.5,100.0,100.0,100.0,99.1,100.0,100.0,97.7,0,0,2,12,0
79.51,82.6,85.21,90.89,100.0,99.81,97.42,65.1,2,0,3,13,0
63.8,68.76,69.91,75.61,83.55,75.35,89.82,71.1,2,1,5,9,2
72.12,76.88,74.98,72.33,81.4,72.09,67.75,48.3,4,0,6,6,2
46.8,37.79,39.24,53.16,64.41,35.22,38.46,18.4,3,8,5,6,2
55.52,49.71,53.75,58.63,86.14,72.53,57.93,47.5,3,6,12,11,2
94.42,96.72,97.92,94.37,100.0,94.22,96.55,82.2,2,0,4,3,0
45.74,54.27,48.52,100.0,92.13,89.03,100.0,80.8,4,1,4,3,2
44.32,31.29,40.44,57.17,60.72,28.33,27.99,30.1,4,0,7,11,2
75.28,65.41,73.77,74.75,88.19,69.14,43.22,31.8,3,3,2,9,2
90.98,94.49,96.19,90.8,90.21,86.82,67.05,70.3,2,1,4,7,1
26.31,18.39,27.08,41.04,55.17,47.58,27.25,5.0,8,3,7,3,2
95.03,100.0,95.46,100.0,100.0,100.0,100.0,131.5,0,0,1,11,0
52.21,54.33,47.74,45.58,69.75,54.96,60.94,12.0,2,3,6,11,2
69.28,66.48,74.36,62.93,75.87,75.93,60.96,53.1,4,0,5,5,2
49.47,34.52,45.08,42.19,62.39,30.32,30.83,5.0,8,3,4,4,2
85.05,89.67,85.64,89.99,90.09,97.62,85.49,68.4,1,1,5,8,2
78.68,72.66,68.96,73.27,70.15,66.09,62.16,57.1,3,1,4,7,2
60.82,65.04,65.28,59.98,73.49,75.76,61.22,24.5,4,1,8,6,2
99.5,100.0,100.0,70.47,93.57,90.21,75.52,94.2,2,0,1,6,0
59.35,47.15,53.61,61.63,64.38,49.34,68.96,25.4,8,2,4,9,2
53.06,51.06,53.84,70.97,76.54,46.84,54.5,24.6,4,4,4,6,2
49.85,37.91,50.95,54.01,60.52,45.72,39.86,5.0,6,3,8,6,2
35.86,36.14,30.9,49.45,54.29,49.04,30.56,22.9,3,5,5,6,2
74.1,77.61,79.94,94.71,90.92,86.75,88.51,85.0,3,3,4,13,2
81.32,88.96,80.5,81.14,93.67,76.17,86.12,88.9,2,2,5,5,2
59.66,53.09,52.44,67.51,78.04,64.66,62.5,51.4,7,0,3,6,2
83.72,83.41,82.53,71.93,87.79,89.64,75.31,43.7,1,2,1,7,1
86.25,89.24,92.86,82.65,85.13,84.29,64.61,50.3,2,0,3,5,1
99.5,97.83,95.76,57.82,81.22,50.65,68.58,76.4,4,0,1,7,1
96.56,94.73,95.31,92.5,100.0,98.22,100.0,82.4,3,0,0,11,0
50.87,54.7,46.42,82.15,67.98,70.56,59.87,53.9,4,4,7,8,2
82.18,90.42,87.39,100.0,100.0,90.33,100.0,92.3,1,1,1,2,0
85.74,83.39,81.43,89.66,94.57,97.77,92.18,83.6,0,2,6,10,2
94.44,95.56,93.04,93.51,88.91,100.0,86.47,71.6,0,1,2,11,0
69.0,65.25,71.18,90.66,88.26,86.44,88.78,69.8,3,0,5,8,2
54.55,42.73,47.34,46.01,64.65,47.98,14.47,23.7,2,4,3,12,2
49.01,43.25,48.52,70.91,71.51,55.5,65.13,38.0,5,3,4,5,2
51.05,50.67,52.16,72.65,82.58,85.69,69.25,74.9,2,5,4,12,2
51.24,34.97,46.01,49.73,73.21,49.84,44.93,19.8,4,1,4,8,2
99.5,100.0,95.6,100.0,100.0,100.0,100.0,82.5,1,0,1,7,0
85.85,95.4,90.2,82.5,84.01,78.4,90.42,62.5,6,0,4,12,1
77.28,95.95,83.65,94.66,95.57,94.19,96.48,75.9,2,2,3,6,1
99.5,95.57,96.92,86.4,99.01,93.58,92.97,69.1,3,0,1,11,0
50.2,51.22,53.46,58.85,50.06,40.68,30.33,11.8,2,1,5,13,2
99.5,100.0,94.64,91.41,88.56,96.05,78.31,88.9,4,0,0,11,0
53.62,46.38,48.25,60.88,75.61,36.08,46.37,16.8,3,1,5,7,2
73.24,77.35,74.75,61.73,82.26,81.37,75.85,42.6,2,1,2,10,1
99.5,100.0,100.0,94.72,92.63,76.26,93.18,66.4,1,0,4,5,0
64.3,58.58,54.88,58.73,67.55,58.07,62.51,39.7,6,4,4,6,2
55.87,54.55,56.15,41.96,70.99,44.38,27.6,5.0,9,1,8,12,2
78.99,77.26,77.61,76.17,84.32,78.83,69.43,43.4,3,1,3,7,1
63.89,68.79,68.78,81.16,74.93,67.09,55.79,36.9,1,2,7,8,2
60.32,70.17,61.19,82.88,80.78,73.84,55.81,27.4,1,2,3,2,2
50.08,56.34,51.63,63.42,78.29,62.53,50.24,19.4,2,3,4,11,2
31.81,23.83,25.18,57.56,48.55,49.18,33.92,6.3,5,0,5,9,2
72.26,80.06,73.56,84.34,97.49,85.5,76.46,93.4,4,0,2,5,1
69.74,61.05,68.97,56.6,64.83,51.51,34.88,38.7,6,0,4,4,2
60.78,50.65,58.56,69.81,65.33,67.77,69.16,42.1,4,0,7,11,2
97.5,100.0,97.37,94.74,100.0,90.49,78.31,92.4,2,0,3,3,0
99.33,100.0,100.0,85.16,97.4,83.03,79.34,64.3,0,0,1,6,0
99.5,100.0,100.0,100.0,98.22,90.26,92.74,57.4,1,0,3,4,0
81.11,94.81,83.15,89.11,100.0,79.6,86.31,85.3,3,0,3,10,1
98.37,100.0,100.0,100.0,100.0,100.0,100.0,95.8,1,0,4,10,0
83.12,77.75,81.28,85.32,84.92,83.61,83.32,60.1,3,1,2,4,1
58.1,52.92,60.48,60.41,79.18,57.44,42.65,34.4,1,0,6,13,2
63.31,60.9,60.19,99.36,76.9,90.15,81.84,89.4,0,0,5,2,2
86.55,97.48,94.72,88.95,87.08,77.83,70.86,59.0,4,0,0,13,1
99.5,100.0,99.27,100.0,97.96,100.0,91.76,123.5,1,0,2,9,0
24.35,13.55,19.32,33.22,43.66,28.08,21.88,5.0,6,5,5,6,2
99.5,100.0,100.0,100.0,100.0,100.0,94.72,72.6,2,0,2,7,0
76.17,75.08,76.39,91.48,90.31,86.48,73.18,103.8,2,0,4,6,1
67.93,57.46,60.34,63.61,80.4,65.66,65.06,30.6,6,2,8,5,2
30.71,13.93,24.46,63.91,43.53,38.13,25.08,14.6,5,7,11,10,2
29.06,8.0,26.42,45.21,49.27,28.87,41.4,5.0,4,3,9,6,2
75.19,68.3,67.92,74.56,81.71,79.41,59.54,55.6,3,2,4,4,2
67.58,70.99,70.76,70.17,78.87,71.07,72.56,41.6,2,1,1,11,1
61.89,66.06,67.56,76.49,75.86,63.45,63.03,50.5,4,1,5,13,2
73.45,66.28,70.61,71.37,82.31,69.29,80.86,56.9,3,2,7,5,2
84.11,73.51,79.15,92.33,95.79,91.88,76.93,80.8,1,2,4,6,1
86.18,85.39,85.92,96.31,89.43,90.97,89.06,64.8,1,1,2,6,0
58.59,57.12,54.31,51.56,66.38,41.88,54.78,23.9,2,0,3,13,2
30.94,28.92,29.35,41.29,56.62,47.21,32.63,13.1,7,4,6,11,2
85.75,90.4,94.34,100.0,94.11,92.3,91.53,84.1,0,1,4,8,0
92.88,90.19,91.35,97.8,84.04,94.49,83.48,100.3,1,2,0,2,0
83.76,93.35,87.46,95.22,85.15,94.21,91.65,86.1,3,0,3,12,1
78.94,86.71,78.16,100.0,87.06,97.57,85.74,76.3,1,1,8,13,2
90.87,100.0,95.96,100.0,98.59,96.45,100.0,89.5,0,0,5,7,2
61.05,55.8,54.83,90.74,71.9,81.65,82.25,44.6,2,1,7,8,2
90.02,96.87,91.83,77.58,95.64,83.96,80.8,85.8,3,1,3,2,1
91.88,100.0,84.1,91.51,87.06,75.12,79.04,102.4,1,1,6,13,2
99.5,89.04,95.62,73.64,94.64,67.46,65.68,25.3,5,0,0,13,1
77.83,71.82,76.19,74.33,75.5,75.24,61.59,56.5,4,1,5,2,2
98.43,93.04,93.38,83.51,100.0,98.0,95.89,98.5,0,0,2,6,0
82.63,82.31,80.36,87.94,94.6,100.0,99.61,84.9,2,0,6,4,2
77.67,79.07,75.47,84.01,87.83,84.87,80.65,76.9,1,1,4,11,1
81.52,72.74,80.87,89.16,91.18,73.94,85.18,57.4,5,0,2,5,1
77.03,92.3,80.66,93.26,95.76,100.0,100.0,104.6,0,2,2,8,0
57.07,65.8,65.9,73.25,72.11,80.6,55.88,52.9,3,1,4,12,2
96.53,100.0,100.0,100.0,94.42,100.0,100.0,97.0,2,0,0,11,0
66.15,59.74,63.94,69.72,83.71,58.11,69.68,58.0,5,0,4,7,2
76.76,82.85,85.24,100.0,92.88,99.85,100.0,120.6,3,2,2,3,1
26.02,28.3,32.68,51.1,50.53,33.62,13.83,24.6,5,0,2,9,2
50.67,50.88,52.35,51.65,73.89,54.44,48.42,5.9,5,5,6,9,2
66.66,51.49,57.35,69.04,73.19,75.0,68.31,38.2,2,2,7,11,2
39.49,17.24,32.5,52.05,57.79,58.46,43.59,17.0,0,3,3,9,2
99.5,99.24,100.0,100.0,100.0,100.0,87.17,77.0,5,0,2,8,0
61.8,57.75,58.1,68.18,79.54,61.89,51.28,21.4,5,3,6,12,2
90.49,83.65,95.94,92.02,100.0,97.88,97.4,110.7,3,0,2,2,0
77.46,82.26,81.86,100.0,91.65,100.0,100.0,92.2,0,4,8,3,2
59.88,47.35,50.36,66.94,81.55,68.41,52.96,66.8,5,2,4,10,2
75.63,73.36,76.4,63.96,78.8,59.86,64.94,58.9,3,0,3,4,2
87.48,87.3,87.63,61.56,81.71,69.61,67.53,53.3,3,2,5,12,2
81.11,92.63,87.27,68.06,83.32,82.74,64.57,31.1,4,2,1,13,1
66.1,66.48,65.59,65.59,84.75,78.72,69.48,60.1,4,0,6,13,2
51.47,47.38,44.89,70.58,67.08,75.27,76.16,40.8,9,4,4,10,2
48.44,53.16,54.49,43.92,60.01,44.78,43.92,13.0,5,2,9,9,2
31.84,32.99,39.48,58.38,74.68,59.96,54.74,51.4,5,2,4,11,2
71.07,70.57,69.23,81.0,78.06,74.78,68.68,55.5,1,1,4,13,1
88.37,90.65,88.7,94.47,97.65,98.63,95.91,50.9,2,1,4,11,1
91.49,100.0,99.24,94.0,94.98,74.97,72.77,46.2,6,0,1,10,1
19.51,8.0,13.24,43.95,46.06,26.26,25.0,5.0,9,6,11,10,2
88.95,79.1,88.64,88.04,94.54,71.96,74.92,45.2,2,1,8,8,2
90.76,90.1,90.25,75.11,84.79,76.27,62.57,77.6,3,0,1,9,1
83.02,88.39,81.84,100.0,100.0,100.0,91.84,95.3,1,1,3,4,0
83.33,94.47,85.25,87.68,91.5,80.95,85.24,26.8,3,0,6,10,2
59.08,59.44,59.05,69.4,75.71,86.79,66.62,94.7,3,3,8,3,2
81.92,91.32,85.63,85.74,92.74,84.86,81.63,64.6,3,0,5,4,2
97.92,82.99,87.67,100.0,94.51,97.46,96.68,92.9,2,0,2,12,0
52.63,49.57,52.25,74.89,70.69,85.94,66.13,51.8,7,0,7,12,2
93.45,100.0,87.11,69.02,79.19,78.47,80.8,52.1,3,1,1,10,1
99.5,96.7,100.0,100.0,100.0,100.0,85.83,80.0,3,0,2,7,0
84.83,85.65,88.23,84.12,96.17,86.81,98.13,85.2,2,0,3,2,1
77.01,83.97,76.6,74.84,92.94,75.63,91.43,63.7,2,1,3,5,1
41.79,34.94,39.41,81.35,70.03,62.08,64.67,19.0,6,3,7,6,2
66.15,72.1,66.65,77.36,75.91,64.66,80.39,71.1,2,1,4,2,2
32.19,23.6,27.34,75.26,65.87,51.4,52.33,29.6,7,3,11,6,2
88.53,86.65,86.79,64.66,81.42,60.5,71.89,43.0,1,1,3,11,1
77.01,82.34,78.48,72.45,88.66,75.33,68.54,61.4,2,2,4,2,2
50.17,37.2,43.17,54.51,75.61,57.83,59.61,63.8,4,0,3,7,2
99.5,94.07,98.46,77.87,100.0,73.26,61.06,58.6,1,0,0,12,0
68.35,76.22,77.38,77.75,85.15,94.55,66.39,60.2,2,0,1,6,1
99.4,98.29,100.0,87.3,100.0,83.97,100.0,77.2,2,0,1,9,0
85.17,86.96,85.09,85.78,95.34,69.74,69.18,59.8,4,1,2,9,1
49.42,54.56,56.27,68.5,73.98,69.73,61.45,50.1,2,2,9,8,2
60.49,58.05,64.16,70.05,70.0,58.56,41.76,45.7,4,1,8,13,2
99.5,100.0,100.0,100.0,100.0,93.76,100.0,99.4,1,0,3,5,0
70.07,82.38,76.42,96.52,88.45,79.91,65.45,67.1,2,2,6,3,2
79.62,94.17,86.86,66.79,81.7,64.9,50.77,36.8,3,1,5,4,2
85.04,87.34,88.58,87.74,81.17,80.79,70.57,52.4,4,1,2,9,1
93.92,95.11,99.07,100.0,88.6,92.12,83.7,91.2,2,0,5,3,2
21.98,21.65,19.12,42.91,59.42,46.3,40.55,18.0,2,6,8,10,2
77.35,70.57,74.21,65.04,69.65,80.87,64.26,43.8,1,3,3,5,2
66.63,72.55,72.51,54.12,72.08,64.23,41.95,16.7,2,1,4,10,2
65.94,60.46,64.29,68.26,74.55,73.11,69.45,51.1,1,1,7,12,2
55.69,58.64,57.18,97.18,85.62,100.0,91.26,89.1,2,1,5,10,2
98.28,97.95,100.0,100.0,100.0,100.0,100.0,74.5,2,0,0,9,0
43.4,30.49,34.74,62.37,62.93,48.7,51.47,5.0,1,5,4,9,2
74.73,88.81,83.88,84.77,96.02,75.39,86.72,93.6,3,0,2,2,1
46.31,42.36,41.17,40.48,53.49,63.16,48.5,14.9,9,3,8,10,2
34.3,33.43,32.52,70.18,61.5,72.31,62.18,62.5,3,2,7,9,2
54.46,62.52,51.25,41.42,64.67,50.97,43.47,21.7,2,2,3,6,2
74.63,75.52,73.13,65.5,84.17,79.96,59.89,34.4,4,2,2,12,2
99.5,100.0,100.0,89.71,100.0,96.96,91.1,39.3,0,0,1,12,0
99.5,92.66,97.67,83.4,81.81,78.36,64.23,65.0,3,0,0,10,0
84.28,74.68,79.66,62.09,76.37,67.79,50.69,25.6,5,1,2,3,2
83.68,83.47,85.35,97.99,100.0,100.0,93.47,99.2,3,0,3,10,1
88.91,89.24,90.84,96.88,94.31,89.55,96.75,105.9,2,0,4,9,1
50.44,42.42,43.1,46.81,64.34,56.28,50.82,23.7,3,4,3,3,2
99.5,100.0,100.0,100.0,100.0,100.0,100.0,91.8,1,0,1,6,0
84.67,96.45,91.47,100.0,95.87,98.65,100.0,80.6,1,2,2,13,0
60.82,63.79,56.16,90.56,96.24,80.07,82.36,77.8,4,0,5,3,2
99.5,100.0,100.0,90.34,91.45,83.11,98.63,101.2,2,1,2,8,0
87.76,97.54,90.36,83.98,94.07,99.48,83.14,69.3,3,0,0,11,0
84.65,81.3,79.14,80.37,75.62,79.72,76.57,62.0,2,0,6,6,2
81.66,85.11,77.86,85.9,87.82,77.63,71.26,45.1,2,1,1,3,1
91.71,98.25,87.93,100.0,93.49,95.86,98.1,79.6,2,1,1,5,0
71.89,84.62,74.8,83.19,82.09,82.76,82.44,83.1,3,1,2,8,1
95.1,100.0,93.98,100.0,100.0,99.35,100.0,80.3,2,1,3,4,0
52.27,42.04,43.9,42.42,46.74,25.03,23.37,5.0,9,5,5,5,2
99.5,100.0,98.42,100.0,97.18,100.0,100.0,96.8,1,0,1,9,0
96.68,100.0,100.0,96.12,87.79,79.34,89.56,64.9,2,0,2,10,0
79.92,85.33,79.18,89.89,78.86,79.37,74.14,80.0,4,3,6,6,2
68.41,78.83,71.05,73.29,76.49,69.96,66.14,40.1,4,0,5,2,2
89.23,95.89,94.04,83.52,84.56,65.03,67.59,70.4,2,1,1,5,1
80.25,82.99,88.51,73.28,84.49,78.03,78.34,50.8,4,0,2,8,1
58.16,54.33,57.45,69.3,77.34,42.54,62.15,51.1,5,2,0,9,2
91.45,78.93,88.52,87.46,95.3,82.03,69.03,67.0,1,2,2,4,1
69.47,55.14,67.4,78.52,81.21,72.55,76.03,64.6,6,0,4,10,2
73.09,69.91,73.83,76.14,80.51,70.32,60.68,29.9,5,1,4,3,2
97.62,100.0,91.88,100.0,100.0,100.0,100.0,80.9,1,0,2,3,0
83.13,81.69,79.52,80.23,78.63,68.6,70.43,63.9,3,1,4,3,2
14.62,15.12,17.63,53.77,61.27,46.04,47.35,9.6,10,4,9,10,2
63.38,55.69,58.31,70.95,74.03,55.69,57.53,30.4,2,1,2,9,2
46.32,32.8,35.98,61.21,67.3,65.68,71.53,76.6,3,4,6,9,2
59.36,49.15,54.4,70.08,71.19,69.04,69.31,37.1,2,0,5,7,2
97.05,98.1,99.65,100.0,99.51,98.36,98.75,76.8,1,1,3,7,0
32.31,20.14,29.72,62.36,57.33,70.11,48.58,37.5,4,2,8,3,2
98.8,100.0,99.44,100.0,93.4,100.0,100.0,96.0,1,1,2,13,0
78.04,83.41,72.69,58.41,68.11,51.61,43.2,34.4,5,1,5,8,2
92.39,99.59,95.94,80.71,87.16,95.77,68.2,86.2,0,0,1,7,0
50.34,54.35,46.68,71.47,69.26,59.99,76.21,44.9,5,4,13,13,2
73.22,73.0,75.36,68.31,71.84,57.89,69.88,50.9,9,2,5,7,2
98.38,96.72,99.23,100.0,100.0,100.0,100.0,100.8,1,0,3,4,0
79.38,100.0,85.02,96.96,100.0,90.07,91.56,68.3,1,0,6,4,2
87.62,87.54,82.2,84.5,94.03,88.17,87.27,71.6,3,0,4,8,1
70.54,74.57,76.61,72.45,79.38,68.38,50.74,65.8,1,1,7,3,2
76.4,62.64,72.34,85.8,98.07,99.79,72.66,84.9,3,1,4,9,1
93.07,92.49,89.12,82.16,88.95,84.12,69.38,48.3,4,0,2,6,1
40.42,36.91,44.99,68.93,61.78,74.74,59.46,47.6,7,0,6,11,2
93.42,92.9,93.4,90.51,85.5,69.38,77.21,75.3,2,0,0,13,0
86.13,74.72,79.21,78.25,82.94,74.67,47.83,34.2,3,1,1,6,1
41.51,41.46,45.73,71.78,75.4,74.47,64.02,48.7,4,2,3,8,2
62.49,69.33,68.28,77.68,81.8,64.27,42.8,23.1,4,4,5,4,2
67.22,81.32,74.93,65.92,85.7,63.16,66.2,21.4,2,1,4,8,2
82.28,93.3,87.46,72.27,86.37,67.54,47.09,37.0,5,0,4,10,2
97.95,100.0,94.25,81.65,96.14,84.67,84.27,33.5,1,0,1,8,0
86.35,100.0,87.27,89.94,90.77,77.86,86.0,68.0,3,2,3,6,1
94.97,100.0,95.28,90.27,95.25,100.0,94.45,79.9,7,0,4,7,1
70.45,68.14,61.64,94.72,88.79,81.33,90.71,72.0,0,1,3,6,1
59.72,61.36,61.48,71.23,79.22,68.59,75.22,66.6,5,1,4,4,2
70.94,58.71,65.97,56.16,80.84,54.94,67.09,46.4,4,1,5,6,2
82.14,88.54,84.77,84.11,100.0,84.06,68.31,70.9,10,2,7,13,2
74.74,74.21,80.8,83.09,83.04,76.28,61.19,63.3,2,0,7,5,2
44.46,40.66,38.44,58.94,64.79,71.41,65.73,21.9,3,1,8,5,2
79.4,83.16,81.37,95.81,100.0,97.02,90.89,89.9,0,1,3,12,0
60.43,39.66,47.99,72.13,72.63,67.41,58.9,29.5,2,4,5,5,2
83.16,71.25,83.72,90.01,97.73,83.32,85.03,47.5,5,1,3,8,1
67.21,69.91,64.12,67.35,80.83,56.36,64.57,27.6,3,3,3,11,2
65.16,59.55,70.6,66.95,89.19,72.97,72.63,25.2,2,2,4,2,2
86.72,98.67,87.4,100.0,98.76,83.47,98.2,56.2,3,0,0,12,0
92.29,92.28,93.53,69.99,97.61,72.85,78.2,69.3,2,0,4,6,1
73.61,53.79,68.12,44.67,56.06,33.51,28.98,10.0,4,1,3,13,2
98.69,95.43,100.0,87.47,100.0,100.0,100.0,78.7,0,0,2,9,0
59.03,51.41,51.85,59.32,78.97,64.11,43.15,49.0,2,1,7,10,2
70.85,62.41,62.89,64.27,80.39,69.22,73.54,48.5,8,2,3,13,2
83.37,87.02,82.9,100.0,93.38,92.34,85.11,57.5,1,0,1,9,0
69.06,70.29,72.3,85.34,65.02,73.9,73.62,42.1,5,2,3,7,2
48.62,46.65,47.89,60.5,69.81,52.28,47.71,36.4,1,2,5,3,2
91.26,99.09,98.56,95.96,99.05,98.79,85.28,98.6,3,0,3,9,0
15.16,12.29,10.74,21.9,45.73,36.62,32.0,10.2,10,5,4,9,2
85.36,96.75,88.68,85.12,93.27,85.48,90.82,74.3,3,1,5,9,2
75.7,70.67,73.48,70.59,87.47,85.35,72.42,78.0,3,1,7,10,2
99.5,86.42,94.01,74.77,87.94,85.35,80.27,59.1,4,0,0,3,0
85.38,85.02,87.6,91.73,91.62,95.2,92.98,97.4,1,0,7,2,2
70.51,68.75,74.79,68.41,69.63,73.42,55.77,63.9,4,0,10,9,2
59.84,55.34,55.79,72.55,77.91,71.0,71.1,53.5,2,1,4,4,2
94.13,100.0,94.51,94.93,100.0,100.0,96.09,111.1,0,0,4,10,0
77.02,68.44,74.96,77.84,85.9,74.7,72.97,63.6,2,2,2,5,1
66.68,78.66,72.57,75.5,82.32,76.64,72.52,42.0,6,2,7,2,2
76.95,81.46,82.98,78.43,79.52,71.98,61.55,75.2,4,0,1,11,1
99.5,100.0,100.0,100.0,94.74,100.0,87.92,89.0,1,0,1,13,0
41.85,34.9,38.4,66.73,70.63,72.29,54.38,49.6,2,0,4,10,2
63.19,65.12,70.92,85.33,84.32,97.09,86.2,90.5,2,0,9,9,2
47.24,51.34,50.12,72.61,60.34,60.04,45.15,49.5,4,2,4,11,2
68.82,61.79,69.02,56.44,79.85,57.63,55.91,30.0,7,1,4,13,2
37.82,25.05,26.66,48.62,56.88,39.49,33.47,5.0,0,4,12,8,2
84.85,89.37,86.02,100.0,96.77,89.15,91.03,54.4,3,0,0,10,0
93.34,91.38,97.11,100.0,100.0,100.0,100.0,110.3,0,0,2,12,0
75.73,84.61,79.56,74.56,84.03,76.49,73.34,67.7,0,2,1,7,1
41.14,42.86,41.52,51.7,69.32,63.23,52.56,40.4,4,5,8,2,2
13.88,8.0,10.0,29.77,36.63,17.35,12.67,5.0,10,4,8,2,2
77.7,92.92,82.96,95.96,90.21,85.43,95.69,109.7,1,1,5,8,2
80.8,84.03,87.04,100.0,100.0,100.0,100.0,120.6,0,0,0,3,0
99.5,100.0,99.74,100.0,100.0,89.03,97.19,97.6,3,0,1,13,0
63.06,56.8,62.6,55.88,75.36,45.12,65.31,9.6,4,4,1,3,2
25.84,31.29,26.64,46.16,51.33,55.33,33.25,36.0,0,3,6,6,2
74.53,69.63,71.36,59.19,73.31,61.32,59.77,44.2,2,1,4,10,2
98.37,85.1,93.58,73.58,86.65,81.21,70.32,37.3,5,0,1,10,1
48.21,43.55,48.46,81.4,78.61,70.56,70.6,48.0,2,4,8,4,2
99.5,100.0,100.0,95.03,100.0,93.33,91.31,69.5,2,0,0,10,0
96.76,100.0,100.0,100.0,100.0,100.0,100.0,94.6,0,0,2,11,0
81.02,82.33,80.21,86.62,87.67,80.74,86.37,75.6,2,0,6,9,2
61.9,55.05,60.16,54.86,71.22,61.54,52.54,67.3,4,4,8,5,2
62.1,64.02,57.78,70.2,79.43,71.84,76.45,42.3,0,1,2,7,1
81.68,89.19,85.58,88.85,93.91,84.72,84.03,69.4,2,1,1,9,1
77.33,82.14,71.17,87.67,85.49,87.23,75.28,84.0,2,1,5,5,2
71.97,72.65,66.19,81.09,87.89,85.97,97.85,84.8,1,1,5,8,2
82.75,88.34,85.7,90.31,89.7,90.24,95.69,99.3,1,1,7,7,2
72.44,65.55,71.98,64.83,78.13,62.9,50.05,60.6,7,3,1,9,2
95.01,100.0,92.08,72.64,88.71,78.67,85.37,37.3,4,2,1,7,1
89.69,94.67,93.82,96.75,100.0,99.04,100.0,93.1,0,1,2,11,0
99.5,95.03,97.15,84.27,92.77,83.79,86.3,60.9,0,0,3,10,0
63.4,79.72,74.15,83.42,74.81,73.52,55.59,36.9,2,1,1,8,1
93.81,92.57,99.17,88.86,90.34,85.11,100.0,89.3,1,0,5,9,2
82.76,79.7,72.66,93.21,87.06,76.47,74.71,66.5,3,1,1,10,1
45.73,30.79,47.75,46.14,76.52,55.37,57.88,15.4,5,2,6,5,2
92.66,93.41,96.61,100.0,100.0,100.0,90.81,91.7,2,0,2,7,0
46.47,46.01,48.73,65.26,62.02,35.54,33.51,6.1,3,1,3,2,2
97.18,89.51,92.95,89.19,90.99,90.56,100.0,106.1,4,1,2,7,1
37.36,31.78,37.33,41.43,57.83,45.44,24.76,25.6,4,4,9,8,2
92.65,96.49,95.59,95.1,100.0,100.0,100.0,96.8,0,0,3,11,0
81.74,73.75,82.16,70.04,81.47,60.31,56.26,42.1,2,0,5,7,2
84.02,73.46,81.49,83.37,96.17,84.1,93.43,82.6,2,0,1,11,0
63.87,60.68,64.93,74.98,79.86,57.03,53.73,25.3,8,2,5,6,2
71.16,53.99,67.66,61.67,71.45,55.55,52.99,11.5,3,0,4,3,2
99.5,100.0,91.99,97.73,99.3,94.35,86.43,98.2,0,0,2,11,0
77.44,82.06,78.1,90.22,86.32,86.03,80.48,77.7,3,0,0,13,1
32.85,15.01,26.14,57.97,74.18,80.68,77.8,51.4,4,2,7,11,2
35.85,35.24,34.15,53.69,59.12,49.82,60.87,7.8,9,2,5,8,2
57.75,40.09,55.61,65.83,82.47,66.79,69.47,72.4,6,2,7,12,2
40.77,52.06,51.59,70.62,66.88,62.68,74.28,28.9,0,2,2,6,2
50.63,50.96,51.38,79.04,83.89,91.64,79.57,59.9,5,1,9,9,2
71.64,65.81,70.04,77.38,84.63,72.33,72.29,62.0,1,1,5,13,2
32.75,27.9,31.42,48.1,63.97,36.85,38.08,13.1,5,2,7,7,2
44.15,30.18,32.64,52.15,51.02,34.34,29.29,26.4,5,1,3,4,2
91.08,80.87,83.74,100.0,100.0,100.0,100.0,116.1,2,1,0,11,0
69.15,78.91,69.45,74.72,81.71,80.21,79.65,56.9,3,0,3,2,1
83.06,80.05,85.2,79.49,77.35,70.27,70.46,17.3,4,1,3,8,2
99.5,100.0,98.16,87.09,100.0,100.0,99.22,84.5,5,0,1,4,0
55.5,49.76,53.07,57.14,57.98,56.72,41.18,45.7,8,4,7,2,2
66.3,57.71,62.4,73.28,85.98,64.77,58.31,49.3,4,4,3,3,2
99.5,95.84,97.1,90.65,100.0,94.72,98.68,90.1,1,0,2,2,0
83.91,86.55,93.31,61.86,76.57,70.59,46.66,30.6,1,0,2,12,1
97.86,100.0,99.14,100.0,95.19,90.67,93.49,108.0,1,1,5,12,2
98.84,99.9,100.0,59.94,89.96,83.92,83.17,63.9,5,1,2,4,1
81.45,89.91,81.88,74.09,92.23,71.31,66.32,66.1,3,4,1,11,2
77.21,80.92,74.21,89.48,92.44,94.02,88.3,93.3,5,1,6,6,2
49.14,54.2,54.66,61.81,74.11,57.85,44.29,42.6,4,4,2,9,2
82.77,94.29,87.8,79.21,91.18,76.54,65.91,66.6,2,1,3,12,1
48.21,52.78,52.49,62.2,63.41,62.31,74.69,28.8,0,5,9,8,2
79.19,86.59,89.25,100.0,86.32,97.95,82.14,71.7,0,1,2,3,0
72.72,58.49,68.09,62.93,61.54,49.27,44.69,15.0,5,1,2,12,2
99.5,100.0,100.0,85.07,94.87,85.77,84.51,82.4,1,0,2,11,0
36.41,26.21,31.21,46.13,60.26,49.3,36.09,5.0,1,2,12,4,2
83.11,98.46,89.5,100.0,100.0,100.0,100.0,103.6,0,2,6,10,2
83.21,97.47,89.71,82.34,92.62,86.64,60.42,48.7,0,1,1,5,0
98.02,100.0,100.0,88.11,96.41,99.94,100.0,84.9,1,0,1,7,0
76.87,64.56,73.37,66.81,70.11,69.39,47.82,14.4,6,0,4,8,2
56.75,61.59,52.4,74.51,72.53,79.87,58.89,37.1,5,2,4,12,2
66.04,67.97,72.89,89.52,87.31,91.77,71.49,55.1,4,3,4,11,2
96.34,100.0,98.09,89.19,100.0,88.5,79.84,82.9,1,0,4,10,0
95.58,100.0,100.0,100.0,100.0,100.0,100.0,105.9,0,0,1,3,0
49.52,48.36,45.78,79.53,73.59,72.91,71.01,43.1,1,4,6,9,2
89.63,91.86,88.48,66.28,89.57,75.08,71.6,61.3,0,0,1,2,0
45.12,42.1,43.16,52.47,65.93,47.51,43.64,44.1,6,3,5,10,2
58.48,44.79,51.64,87.51,86.33,86.05,86.7,55.3,2,2,4,7,2
58.7,50.59,57.06,66.56,75.96,71.86,57.9,51.2,5,3,3,10,2
65.53,66.76,70.36,56.64,69.2,37.09,43.85,42.2,3,1,2,10,2
88.16,83.08,91.73,70.13,81.24,72.44,54.07,58.0,5,1,1,12,1
97.81,100.0,96.78,100.0,100.0,99.52,100.0,109.4,2,0,0,5,0
50.21,39.51,43.75,39.8,58.02,33.8,29.74,23.0,6,3,5,5,2
99.5,98.82,100.0,81.54,93.09,88.33,89.38,120.3,4,0,1,4,0
77.24,77.39,73.08,78.82,81.76,79.51,63.01,81.9,5,2,1,11,2
39.18,26.72,37.13,54.5,66.21,58.91,51.24,60.8,9,4,5,11,2
96.84,92.21,94.13,96.11,98.47,96.04,100.0,76.4,2,0,3,13,0
52.99,47.08,48.98,41.5,62.87,36.1,41.97,30.8,6,2,4,8,2
99.5,100.0,88.44,100.0,100.0,100.0,100.0,99.7,2,0,5,11,2
58.8,63.04,61.47,66.05,64.35,68.22,52.45,65.8,9,0,8,10,2
97.87,100.0,100.0,100.0,100.0,95.69,100.0,112.1,2,0,0,12,0
69.07,71.84,65.38,55.61,71.28,56.02,41.83,31.1,0,1,2,10,1
95.01,99.76,97.95,94.02,100.0,81.63,98.66,67.5,6,0,0,8,0
85.29,87.93,88.29,97.5,87.0,93.21,79.26,54.7,1,1,9,7,2
99.5,91.82,94.47,82.11,87.25,73.68,74.23,51.0,6,0,1,4,1
89.93,97.35,94.47,78.04,87.55,88.49,70.59,47.0,1,1,0,11,0
75.95,80.29,81.18,88.55,85.33,82.06,77.81,70.4,2,1,3,12,1
65.09,64.35,65.54,100.0,86.95,100.0,75.8,96.4,2,1,9,13,2
99.5,99.46,100.0,82.79,89.75,87.1,86.57,62.6,2,1,3,4,1
82.88,75.54,79.04,87.31,88.96,84.81,61.06,44.3,2,0,4,5,1
93.29,100.0,99.09,92.9,95.75,99.37,89.3,96.8,4,0,2,3,0
95.3,100.0,90.23,97.21,97.9,100.0,100.0,83.6,1,1,2,4,0
91.66,87.29,93.08,100.0,100.0,83.69,89.89,72.3,1,0,3,11,0
83.12,90.35,90.8,61.59,78.99,69.42,50.41,44.7,2,1,4,3,1
61.56,69.2,61.46,60.94,78.56,69.44,61.0,48.6,6,1,2,7,2
63.48,55.1,57.19,74.01,84.74,70.47,81.42,57.8,3,2,3,13,2
83.14,68.77,84.15,86.74,93.27,81.76,79.41,66.5,1,2,1,4,1
31.3,24.98,30.44,54.31,45.94,40.36,38.15,15.1,7,2,6,5,2
53.89,47.76,45.47,70.9,72.03,57.79,40.48,16.9,4,3,7,7,2
66.47,65.61,65.27,86.07,83.42,84.82,76.95,66.9,4,1,1,3,1
99.5,100.0,92.8,100.0,100.0,100.0,100.0,73.9,0,0,1,3,0
96.54,96.02,95.45,92.55,86.64,81.82,71.91,92.9,1,2,5,10,2
95.19,100.0,96.9,100.0,100.0,100.0,100.0,106.0,1,0,3,11,0
82.37,74.38,81.78,90.24,98.58,87.19,90.96,84.4,2,1,3,10,1
89.62,80.83,86.39,63.89,84.37,69.62,54.69,81.6,2,0,4,7,1
99.5,97.49,100.0,100.0,100.0,93.02,89.74,81.9,3,0,1,12,0
90.88,98.02,94.05,100.0,100.0,100.0,100.0,97.7,3,0,0,6,0
80.36,91.54,76.98,68.75,95.42,89.47,62.72,61.4,2,0,0,12,0
88.17,81.15,87.96,71.84,86.61,85.53,73.51,76.9,2,0,4,4,1
93.34,89.92,92.47,80.91,97.21,79.59,85.28,73.2,1,0,1,3,0
85.35,84.45,84.32,94.02,98.43,87.45,88.04,66.1,1,0,6,11,2
68.86,67.22,72.46,71.14,80.25,71.7,74.49,45.5,1,1,2,13,1
99.5,100.0,100.0,100.0,100.0,100.0,100.0,119.3,0,0,2,4,0
74.67,74.66,71.21,89.79,80.48,75.33,74.61,70.2,2,4,1,2,2
35.27,17.13,29.46,47.31,54.94,37.13,37.64,5.0,4,3,3,8,2
55.43,49.89,59.41,55.4,65.69,64.16,43.97,27.3,2,2,3,3,2
96.46,100.0,98.12,80.67,83.6,85.88,68.97,51.5,2,1,2,7,1
99.5,100.0,94.54,79.61,97.38,86.89,91.28,81.3,4,0,0,7,0
71.33,66.88,71.23,74.58,73.13,56.14,68.05,58.8,4,1,5,7,2
51.53,42.0,46.66,36.99,60.27,19.48,24.11,38.6,8,2,2,4,2
68.76,71.71,70.01,66.72,76.81,69.75,62.21,44.3,2,3,4,3,2
99.5,100.0,95.86,79.11,97.27,71.12,80.1,45.8,2,0,1,10,0
65.94,69.26,68.55,49.57,65.92,36.55,45.71,10.8,6,2,4,13,2
95.97,99.66,95.06,94.66,92.84,77.33,85.75,71.8,6,0,0,5,0
66.46,54.7,65.22,56.45,73.09,62.39,64.3,24.7,4,0,4,3,2
83.95,77.36,86.85,85.51,93.62,91.41,94.94,92.5,0,0,5,5,2
73.79,83.91,78.38,87.22,94.6,100.0,82.53,73.1,1,1,4,9,1
66.05,55.2,58.13,71.52,70.96,58.03,66.63,59.7,4,2,3,4,2
71.08,74.4,69.32,64.01,74.5,65.36,62.31,37.6,4,1,2,2,2
59.59,50.64,56.9,55.77,73.0,53.74,46.61,56.8,6,1,7,4,2
64.03,50.86,60.3,50.44,68.68,59.17,46.01,27.6,8,2,4,9,2
47.79,44.23,44.33,57.83,64.02,45.33,35.53,17.7,3,5,5,7,2
75.59,70.22,72.75,71.68,83.76,78.54,70.67,45.8,3,2,3,10,2
49.86,50.41,52.39,77.01,65.26,60.65,42.2,30.6,2,2,6,9,2
94.31,99.99,100.0,96.31,98.13,95.68,87.55,79.2,0,0,2,10,0
91.33,86.67,89.53,100.0,100.0,100.0,100.0,120.0,0,0,0,2,0
67.84,74.66,72.88,54.59,74.05,62.03,54.21,30.9,6,2,3,8,2
83.81,97.85,89.13,90.0,92.37,98.32,100.0,92.7,4,0,3,11,1
42.11,44.11,44.13,55.02,62.7,43.15,54.49,11.1,5,3,12,5,2
69.1,81.53,71.22,92.33,78.68,89.45,96.12,86.5,1,2,3,8,1
97.2,100.0,99.83,100.0,100.0,98.17,100.0,104.7,2,0,2,6,0
79.3,90.32,88.96,86.63,86.89,92.36,63.36,71.1,2,1,4,3,1
79.52,86.14,83.5,73.34,74.74,73.12,60.13,59.8,3,0,4,6,1
45.5,27.27,40.25,79.61,72.37,75.47,61.92,54.1,2,3,5,11,2
84.57,79.48,79.07,76.37,88.31,80.95,90.4,54.2,1,2,1,3,1
97.92,95.19,98.25,90.68,90.13,99.75,69.25,55.8,3,0,0,7,0
81.89,95.78,78.95,88.38,96.92,84.66,68.99,61.7,0,2,3,13,1
75.5,67.5,75.08,75.06,76.07,62.94,72.55,44.2,2,0,1,8,1
89.34,88.36,94.72,71.6,98.96,88.58,85.12,67.9,4,1,3,3,1
63.31,51.02,56.52,64.57,72.98,59.65,59.67,65.0,4,1,6,7,2
86.83,87.88,86.28,92.34,100.0,91.51,86.4,75.3,1,3,1,9,1
99.5,100.0,100.0,97.06,100.0,100.0,84.1,113.1,1,0,4,2,0
87.19,78.64,80.65,74.76,79.39,87.8,75.31,63.2,4,2,1,2,1
84.27,91.55,88.91,92.47,87.95,91.39,85.18,85.7,3,2,2,10,1
99.5,97.85,95.87,100.0,96.38,92.56,80.16,84.7,2,0,0,5,0
62.8,78.6,71.09,87.04,96.92,78.88,65.79,53.8,2,2,4,2,2
80.47,86.29,81.71,95.14,100.0,98.8,88.42,76.0,2,1,5,2,2
73.62,73.62,62.61,86.74,91.74,87.84,86.65,71.4,3,3,9,12,2
83.97,84.65,80.03,100.0,87.8,100.0,83.16,56.2,2,0,6,12,2
86.42,84.6,85.35,58.1,79.17,50.47,56.23,33.9,5,2,5,5,2
71.88,66.64,77.36,99.39,91.49,100.0,93.59,67.5,0,1,8,8,2
61.19,59.24,59.47,72.78,81.65,59.39,49.46,52.8,6,5,5,13,2
93.07,88.52,88.47,86.95,88.81,72.57,66.5,30.7,3,0,1,5,1
78.88,82.43,81.47,100.0,100.0,100.0,100.0,78.6,1,1,6,2,2
66.25,86.61,61.66,88.65,88.73,95.24,93.81,80.4,4,2,4,3,2
83.93,95.31,93.36,72.07,87.96,83.48,70.07,53.4,5,4,11,13,2
89.73,100.0,96.1,71.3,91.18,77.14,82.2,67.6,0,0,4,9,0
98.54,100.0,97.07,94.44,97.33,83.45,86.89,76.7,3,0,1,5,0
81.29,80.5,83.88,56.87,72.14,53.91,44.28,5.1,3,1,1,2,2
99.5,100.0,100.0,100.0,100.0,86.33,100.0,42.2,1,0,2,9,0
74.89,75.02,74.41,63.05,79.84,66.94,60.14,37.2,4,0,9,2,2
96.86,100.0,100.0,92.48,99.44,97.94,90.67,124.0,1,0,2,3,0
81.34,97.54,87.15,100.0,98.53,96.2,100.0,65.2,1,1,8,4,2
89.92,98.86,94.0,86.47,97.12,84.06,69.3,101.9,2,0,2,5,0
92.78,100.0,97.75,99.28,97.77,98.87,92.29,75.2,0,0,1,11,0
12.0,17.92,12.74,72.35,71.95,76.86,55.9,45.7,2,5,9,12,2
83.13,87.34,84.22,100.0,87.75,67.62,67.09,77.6,5,1,5,3,2
65.99,68.74,62.36,74.57,85.03,54.24,60.3,54.4,6,2,8,2,2
90.3,99.56,88.67,86.28,92.74,100.0,79.41,75.9,2,2,1,13,0
84.48,80.62,76.21,85.1,99.77,98.47,100.0,73.8,1,0,4,2,0
86.93,85.85,87.98,95.04,92.58,91.31,84.84,78.8,4,1,4,7,1
53.06,56.32,53.04,70.7,68.35,64.93,56.83,34.5,8,4,1,6,2
99.09,100.0,94.73,91.91,88.96,86.9,81.87,72.6,1,2,4,13,1
79.99,83.41,79.75,77.06,100.0,89.21,85.89,64.3,1,0,9,5,2
31.69,23.8,24.45,25.4,45.32,36.3,26.17,14.8,5,3,9,13,2
64.89,46.46,58.62,49.85,67.75,52.06,60.83,20.4,2,1,3,11,2
99.5,100.0,100.0,82.06,89.62,85.69,92.25,51.1,2,0,3,4,0
57.93,56.64,62.75,79.97,84.63,73.17,68.36,63.6,5,2,9,9,2
97.7,98.2,97.27,72.95,88.19,71.56,68.41,67.3,3,0,1,8,0
99.5,100.0,98.98,88.95,100.0,100.0,100.0,89.7,0,0,1,11,0
79.08,79.1,71.87,75.88,88.44,84.44,80.42,60.9,4,2,2,3,1
57.71,65.89,54.97,71.17,72.56,69.35,58.33,32.5,1,2,2,9,2
95.51,93.28,100.0,100.0,98.27,100.0,87.83,71.8,2,0,1,11,0
47.08,52.08,49.67,78.86,71.88,74.68,62.23,63.1,6,4,2,11,2
60.7,58.54,64.37,93.51,74.01,73.07,80.39,83.6,1,1,5,11,2
84.44,91.1,79.43,70.89,82.04,62.31,71.86,44.7,1,0,0,12,0
98.74,100.0,98.92,100.0,97.45,90.34,95.14,79.3,1,0,0,9,0
83.52,71.26,71.92,80.82,80.64,64.39,60.92,24.9,5,1,2,12,2
75.32,80.2,68.49,90.22,92.9,89.66,96.35,68.9,2,0,3,11,1
77.07,81.75,75.27,87.4,94.01,87.54,88.65,64.1,0,2,3,8,1
83.83,86.95,92.31,66.38,87.96,82.06,82.81,56.3,0,0,5,9,2
30.56,25.41,25.38,52.19,59.9,44.96,39.24,5.2,4,4,3,2,2
96.67,97.34,100.0,77.54,89.58,75.47,76.63,53.0,1,1,2,9,0
97.69,95.18,95.7,86.76,82.62,74.91,71.6,45.2,1,0,3,7,0
90.73,80.46,91.75,80.72,90.87,80.93,80.6,77.7,2,0,3,13,1
99.5,100.0,100.0,100.0,100.0,100.0,100.0,101.3,1,0,1,5,0
42.76,39.38,46.75,40.43,54.23,41.81,24.99,14.2,2,5,4,4,2
71.0,91.55,76.91,97.19,99.81,93.55,100.0,110.6,4,1,8,8,2
77.92,80.22,79.86,91.25,84.82,88.5,72.47,35.9,3,4,4,12,2
58.97,59.48,59.64,72.57,76.99,66.15,69.84,36.6,5,1,4,6,2
92.44,98.84,100.0,82.5,92.1,100.0,91.75,72.7,3,0,1,13,0
81.37,86.66,86.97,70.44,83.3,59.56,68.24,52.4,3,1,1,10,1
55.17,48.04,51.88,59.2,76.47,69.75,62.57,11.3,8,3,7,6,2
59.29,65.65,69.84,88.95,100.0,95.14,96.89,108.5,5,2,3,3,2
51.88,50.52,59.83,65.09,67.08,61.91,58.66,22.9,4,0,4,10,2
91.78,100.0,92.33,100.0,100.0,100.0,100.0,113.8,0,0,2,2,0
80.41,89.74,85.07,59.12,58.98,37.68,36.1,5.0,4,1,5,3,2
89.51,96.87,90.78,98.83,90.39,92.68,85.36,101.7,1,1,2,2,0
66.9,54.15,55.76,64.29,77.7,72.73,65.29,51.4,3,3,2,8,2
83.13,80.18,82.74,98.55,100.0,96.42,89.44,74.2,0,1,5,5,2
74.22,85.07,66.13,87.48,92.78,87.06,72.6,70.6,5,2,2,5,2
18.66,8.0,14.93,54.05,53.86,40.09,31.91,32.1,2,6,4,10,2
67.34,65.01,66.25,58.32,78.56,52.71,49.35,27.7,5,1,2,8,2
90.46,86.81,88.82,87.26,95.73,79.05,72.48,39.0,4,2,0,3,1
61.77,81.27,68.32,73.67,77.66,62.73,64.24,59.8,1,1,4,4,2
27.07,9.91,18.83,49.09,59.22,51.81,16.89,27.5,8,3,7,4,2
74.96,69.75,66.15,81.36,83.06,75.12,79.05,37.0,2,0,2,3,1
43.35,44.76,38.28,51.49,73.18,66.87,51.04,27.5,4,4,5,10,2
39.27,34.26,37.14,62.44,68.58,64.36,49.32,22.6,1,1,8,7,2
47.18,32.05,41.23,37.25,54.96,21.51,37.68,5.0,4,3,3,3,2
84.6,81.15,86.73,95.79,89.88,92.29,75.27,70.2,4,0,5,5,2
91.61,90.71,89.36,91.17,93.83,90.75,79.9,44.9,2,0,3,4,0
37.92,23.82,28.27,43.08,60.92,41.73,33.76,6.7,2,3,5,2,2
48.46,36.24,42.57,26.9,50.74,20.95,10.93,5.0,2,3,5,11,2
99.5,100.0,90.89,99.63,100.0,100.0,92.41,65.3,1,0,1,6,0
82.32,100.0,89.74,95.85,91.94,83.99,92.93,83.5,0,1,4,12,0
99.5,100.0,100.0,90.93,100.0,94.14,100.0,103.9,0,0,2,3,0
62.21,58.63,66.13,62.16,60.56,66.11,66.6,69.9,9,2,4,8,2
29.08,20.58,26.96,19.09,41.66,11.53,20.07,5.0,8,2,5,3,2
50.72,46.47,44.59,52.35,64.64,53.37,41.34,6.4,3,1,7,12,2
79.13,78.09,75.96,92.5,83.66,100.0,95.91,92.2,1,0,5,10,2
94.41,84.3,89.83,91.67,99.91,92.33,79.2,86.1,3,0,2,7,0
50.12,33.1,40.84,68.07,69.52,45.44,47.25,26.2,5,5,4,13,2
